image_path,target_mos_100,koniq_score,flive_score,topiq_score,topiq_ranking_score,A1:flive_topiq_mean_50_50,A2:flive_topiq_topiq60_flive40,A3:flive_topiq_flive60_topiq40,A4:flive_topiq_min_cap_8,A5:flive_topiq_disagreement_guard,B1:koniq_flive_mean_50_50,B2:koniq_flive_koniq60_flive40,B3:koniq_flive_flive60_koniq40,B4:koniq_flive_koniq_guard_cap_8,B5:koniq_flive_disagreement_guard
6937719329.jpg,68.7794117647059,67.4937744140625,75.77918243408203,65.5455470085144,69.59931254386902,70.66236472129822,69.63900117874145,71.68572826385497,70.66236472129822,70.66236472129822,71.63647842407227,70.80793762207031,72.46501922607422,71.63647842407227,71.63647842407227
2489209226.jpg,54.8805309734513,59.594024658203125,72.3731918334961,55.93771934509277,56.10947608947754,64.15545558929443,62.5119083404541,65.79900283813475,63.93771934509277,60.93771934509277,65.98360824584961,64.70569152832032,67.2615249633789,65.98360824584961,64.59402465820312
4157689684.jpg,47.141592920354,55.130741119384766,73.01654815673828,55.01289367675781,57.16539621353149,64.01472091674805,62.21435546875,65.8150863647461,63.01289367675781,60.01289367675781,64.07364463806152,62.28506393432617,65.86222534179687,63.130741119384766,60.130741119384766
4651317050.jpg,39.6848739495798,35.71247863769531,62.14223861694336,28.03916335105896,22.94292598962784,45.09070098400116,41.68039345741272,48.5010085105896,36.03916335105896,33.03916335105896,48.927358627319336,46.28438262939453,51.57033462524414,43.71247863769531,40.71247863769531
6366586615.jpg,38.6939655172414,56.22724533081055,68.13606262207031,56.714415550231934,52.61659622192383,62.42523908615112,61.283074378967285,63.56740379333496,62.42523908615112,62.42523908615112,62.18165397644043,60.99077224731445,63.372535705566406,62.18165397644043,62.18165397644043
7348582056.jpg,70.2860169491525,58.67283248901367,82.1379165649414,63.42393159866333,72.84506559371948,72.78092408180237,70.90952558517456,74.65232257843017,71.42393159866333,68.42393159866333,70.40537452697754,68.05886611938476,72.75188293457032,66.67283248901367,63.67283248901367
3818998606.jpg,63.4847826086957,64.2427749633789,75.48831939697266,66.37769937515259,73.62473607063293,70.93300938606262,70.02194738388062,71.84407138824463,70.93300938606262,70.93300938606262,69.86554718017578,68.7409927368164,70.99010162353515,69.86554718017578,69.86554718017578
4685744038.jpg,75.3199152542373,71.01718139648438,73.13650512695312,68.99704337120056,71.08920812606812,71.06677424907684,70.65282807350158,71.4807204246521,71.06677424907684,71.06677424907684,72.07684326171875,71.86491088867187,72.28877563476563,72.07684326171875,72.07684326171875
474070389.jpg,77.5862831858407,72.27755737304688,78.62555694580078,80.2726686000824,88.3194625377655,79.44911277294159,79.61382393836975,79.28440160751342,79.44911277294159,79.44911277294159,75.45155715942383,74.81675720214844,76.08635711669922,75.45155715942383,75.45155715942383
5298580335.jpg,47.107476635514,57.44772338867188,70.45452117919922,53.32193374633789,49.862027168273926,61.888227462768555,60.17496871948242,63.60148620605469,61.32193374633789,58.32193374633789,63.95112228393555,62.65044250488282,65.25180206298829,63.95112228393555,62.44772338867188
8742280365.jpg,57.9385245901639,63.05739974975586,76.92481994628906,63.48631381988525,65.27930498123169,70.20556688308716,68.86171627044678,71.54941749572754,70.20556688308716,68.48631381988525,69.99110984802246,68.60436782836913,71.37785186767579,69.99110984802246,68.05739974975586
5932521378.jpg,33.8613445378151,36.1179313659668,65.34379577636719,46.27785682678223,39.9943083524704,55.81082630157471,53.90423240661622,57.717420196533205,54.27785682678223,51.27785682678223,50.73086357116699,47.80827713012695,53.65345001220703,44.1179313659668,41.1179313659668
7006026095.jpg,60.0607476635514,66.18445587158203,71.66224670410156,64.01088237762451,63.97873759269714,67.83656454086304,67.07142810821533,68.60170097351073,67.83656454086304,67.83656454086304,68.9233512878418,68.37557220458984,69.47113037109375,68.9233512878418,68.9233512878418
7107867443.jpg,48.0472972972973,50.36570739746094,63.31152725219727,46.28158211708069,33.66980254650116,54.79655468463898,53.09356017112732,56.49954919815064,54.28158211708069,51.28158211708069,56.8386173248291,55.544035339355474,58.13319931030274,56.8386173248291,55.36570739746094
8617343673.jpg,76.4285714285714,73.14592742919922,76.3534927368164,68.22630167007446,71.83529138565063,72.28989720344543,71.47717809677124,73.10261631011963,72.28989720344543,72.28989720344543,74.74971008300781,74.4289535522461,75.07046661376953,74.74971008300781,74.74971008300781
11333447674.jpg,76.9978813559322,74.78560638427734,76.6537094116211,74.3888258934021,78.60229015350342,75.5212676525116,75.2947793006897,75.7477560043335,75.5212676525116,75.5212676525116,75.71965789794922,75.53284759521483,75.90646820068359,75.71965789794922,75.71965789794922
2975238945.jpg,71.7948717948718,62.43540573120117,73.00192260742188,75.79732537269592,79.26796674728394,74.3996239900589,74.6791642665863,74.1200837135315,74.3996239900589,74.3996239900589,67.71866416931152,66.66201248168946,68.77531585693359,67.71866416931152,67.71866416931152
11522920033.jpg,57.3275862068966,61.01494598388672,67.60049438476562,60.83121299743652,55.23476600646973,64.21585369110107,63.53892555236817,64.89278182983398,64.21585369110107,64.21585369110107,64.30772018432617,63.649165344238284,64.96627502441407,64.30772018432617,64.30772018432617
6912813329.jpg,72.70625,70.77765655517578,78.66059875488281,70.11981010437012,72.56549000740051,74.39020442962646,73.5361255645752,75.24428329467773,74.39020442962646,74.39020442962646,74.7191276550293,73.93083343505859,75.507421875,74.7191276550293,74.7191276550293
2376113642.jpg,31.6959459459459,31.859750747680664,68.19483947753906,51.44380331039429,52.62734889984131,59.819321393966675,58.144217777252194,61.49442501068115,59.44380331039429,56.44380331039429,50.02729511260986,46.39378623962402,53.6608039855957,39.859750747680664,36.859750747680664
5463929157.jpg,40.6294642857143,40.70151901245117,63.29376983642578,45.74631154537201,44.13827359676361,54.520040690898895,52.76529486179352,56.27478652000427,53.74631154537201,50.74631154537201,51.99764442443848,49.73841934204101,54.25686950683594,48.70151901245117,45.70151901245117
3172797742.jpg,61.1970338983051,62.3745231628418,72.13619995117188,67.87054538726807,70.68418264389038,70.00337266921997,69.57680721282959,70.42993812561035,70.00337266921997,70.00337266921997,67.25536155700684,66.27919387817383,68.23152923583984,67.25536155700684,67.25536155700684
4287953710.jpg,51.53125,54.529666900634766,67.68582916259766,45.5844908952713,41.4197713136673,56.63516002893448,54.42502620220185,58.845293855667116,53.5844908952713,50.5844908952713,61.10774803161621,59.79213180541993,62.4233642578125,61.10774803161621,59.529666900634766
5671581323.jpg,74.0277777777778,66.12962341308594,75.54443359375,69.80197429656982,72.82562255859375,72.67320394515991,72.0989580154419,73.24744987487793,72.67320394515991,72.67320394515991,70.83702850341797,69.89554748535156,71.77850952148438,70.83702850341797,70.83702850341797
7678821440.jpg,73.3088235294118,73.09371185302734,70.97699737548828,75.540292263031,73.36869239807129,73.25864481925964,73.71497430801392,72.80231533050537,73.25864481925964,73.25864481925964,72.03535461425781,72.24702606201171,71.82368316650391,72.03535461425781,72.03535461425781
43749901.jpg,37.3559322033898,51.99658966064453,67.47896575927734,52.04236507415772,47.055912017822266,59.76066541671753,58.217005348205575,61.3043254852295,59.76066541671753,57.04236507415772,59.73777770996094,58.18954010009766,61.286015319824216,59.73777770996094,56.99658966064453
6118739597.jpg,48.09375,46.89345169067383,69.57524108886719,52.94450521469116,51.511019468307495,61.259873151779175,59.596799564361575,62.922946739196775,60.94450521469116,57.94450521469116,58.23434638977051,55.96616744995117,60.502525329589844,54.89345169067383,51.89345169067383
6923520196.jpg,32.35,28.721200942993164,60.123680114746094,29.746481776237488,27.206334471702576,44.93508094549179,41.89736111164093,47.97280077934265,37.74648177623749,34.74648177623749,44.42244052886963,41.28219261169434,47.562688446044916,36.721200942993164,33.721200942993164
9016164225.jpg,69.5826086956522,73.61859130859375,77.9591293334961,69.86461877822876,77.48164534568787,73.91187405586243,73.10242300033569,74.72132511138915,73.91187405586243,73.91187405586243,75.78886032104492,75.35480651855468,76.22291412353516,75.78886032104492,75.78886032104492
3292481650.jpg,73.1875,71.73555755615234,75.01970672607422,72.20848202705383,77.5016188621521,73.61409437656403,73.33297190666198,73.89521684646607,73.61409437656403,73.61409437656403,73.37763214111328,73.0492172241211,73.70604705810547,73.37763214111328,73.37763214111328
9605307671.jpg,68.6205357142857,65.4195327758789,76.31275177001953,71.9953715801239,75.0170111656189,74.15406167507172,73.72232365608215,74.58579969406128,74.15406167507172,74.15406167507172,70.86614227294922,69.77682037353514,71.95546417236328,70.86614227294922,70.86614227294922
11139368236.jpg,70.525641025641,80.1990737915039,80.18834686279297,77.24956274032593,82.5747549533844,78.71895480155945,78.42507638931275,79.01283321380615,78.71895480155945,78.71895480155945,80.19371032714844,80.19478302001953,80.19263763427735,80.19371032714844,80.19371032714844
6147638271.jpg,76.5486111111111,70.95467376708984,74.05780029296875,76.7553448677063,79.42907810211182,75.40657258033752,75.67632703781128,75.13681812286376,75.40657258033752,75.40657258033752,72.5062370300293,72.1959243774414,72.8165496826172,72.5062370300293,72.5062370300293
7365538478.jpg,75.0290178571429,74.28471374511719,75.2557601928711,70.55343389511108,72.62660264968872,72.90459704399109,72.43436441421508,73.3748296737671,72.90459704399109,72.90459704399109,74.77023696899414,74.67313232421876,74.86734161376953,74.77023696899414,74.77023696899414
1396109073.jpg,63.4343220338983,57.66230010986328,68.98230743408203,64.43647742271423,58.88578295707703,66.70939242839813,66.25480942726135,67.1639754295349,66.70939242839813,66.70939242839813,63.322303771972656,62.190303039550784,64.45430450439453,63.322303771972656,63.322303771972656
4681329966.jpg,72.5,65.62274169921875,71.44058227539062,67.21321940422058,63.20693492889404,69.3269008398056,68.9041645526886,69.74963712692261,69.3269008398056,69.3269008398056,68.53166198730469,67.94987792968749,69.11344604492187,68.53166198730469,68.53166198730469
6253185409.jpg,47.0986842105263,58.225345611572266,73.32565307617188,61.88648343086243,57.64131546020508,67.60606825351715,66.4621512889862,68.7499852180481,67.60606825351715,67.60606825351715,65.77549934387207,64.26546859741211,67.28553009033203,65.77549934387207,63.225345611572266
2952066894.jpg,70.2702702702703,65.01728820800781,73.4147720336914,64.57537412643433,65.49637913703918,68.99507308006287,68.11113328933716,69.87901287078857,68.99507308006287,68.99507308006287,69.21603012084961,68.37628173828125,70.05577850341797,69.21603012084961,69.21603012084961
435823507.jpg,68.0760869565217,65.41532897949219,74.79559326171875,69.7174072265625,73.16973209381104,72.25650024414062,71.748681640625,72.76431884765626,72.25650024414062,72.25650024414062,70.10546112060547,69.16743469238281,71.04348754882812,70.10546112060547,70.10546112060547
7977665407.jpg,27.7605042016807,25.1071720123291,64.77449798583984,34.963223338127136,28.876730799674988,49.86886066198349,46.88773319721222,52.84998812675476,42.963223338127136,39.963223338127136,44.94083499908447,40.9741024017334,48.90756759643555,33.1071720123291,30.1071720123291
3071201670.jpg,49.675,43.66612243652344,70.64178466796875,44.14803683757782,36.48896515369415,57.394910752773285,54.74553596973419,60.04428553581238,52.14803683757782,49.14803683757782,57.153953552246094,54.45638732910156,59.85151977539063,51.66612243652344,48.66612243652344
82183009.jpg,36.13125,42.3646240234375,65.77630615234375,46.66028022766113,51.47097110748291,56.21829319000244,54.306690597534185,58.129895782470705,54.66028022766113,51.66028022766113,54.070465087890625,51.729296875,56.41163330078125,50.3646240234375,47.3646240234375
4953733701.jpg,82.3114406779661,68.34603118896484,79.19624328613281,74.13780093193054,77.59262919425964,76.66702210903168,76.16117787361145,77.1728663444519,76.66702210903168,76.66702210903168,73.77113723754883,72.68611602783203,74.85615844726563,73.77113723754883,73.77113723754883
7485150056.jpg,61.9,63.86526107788086,71.43797302246094,61.14126443862915,65.11297821998596,66.28961873054504,65.25994787216186,67.31928958892823,66.28961873054504,66.28961873054504,67.6516170501709,66.89434585571288,68.40888824462891,67.6516170501709,67.6516170501709
3141860810.jpg,72.671875,68.9336166381836,74.9998550415039,69.34844255447388,73.78119230270386,72.17414879798889,71.60900754928589,72.73929004669189,72.17414879798889,72.17414879798889,71.96673583984375,71.36011199951173,72.57335968017578,71.96673583984375,71.96673583984375
4862383971.jpg,65.7547169811321,70.02995300292969,75.39153289794922,64.60696458816528,72.41396307945251,69.99924874305725,68.92079191207885,71.07770557403563,69.99924874305725,69.99924874305725,72.71074295043945,72.1745849609375,73.24690093994141,72.71074295043945,72.71074295043945
5634844318.jpg,43.9622641509434,49.12911224365234,67.17908477783203,43.856918811798096,44.21223700046539,55.51800179481506,53.185785198211676,57.85021839141846,51.856918811798096,48.856918811798096,58.15409851074219,56.349101257324214,59.95909576416015,57.12911224365234,54.12911224365234
7668828488.jpg,70.675,72.74654388427734,77.93094635009766,67.31851696968079,70.59102654457092,72.62473165988922,71.56348872184753,73.68597459793091,72.62473165988922,72.62473165988922,75.3387451171875,74.82030487060547,75.85718536376953,75.3387451171875,75.3387451171875
10397166423.jpg,73.9358407079646,74.1603012084961,82.1147232055664,72.09208011627197,81.86121582984924,77.10340166091919,76.10113735198975,78.10566596984863,77.10340166091919,77.10340166091919,78.13751220703125,77.34207000732422,78.93295440673828,78.13751220703125,78.13751220703125
4673878145.jpg,61.5518867924528,59.6109733581543,75.2431640625,63.01628351211548,64.88240957260132,69.12972378730774,67.90703573226929,70.35241184234619,69.12972378730774,68.01628351211548,67.42706871032715,65.86384963989258,68.99028778076172,67.42706871032715,64.6109733581543
8974114251.jpg,60.2752100840336,65.0443115234375,74.2436294555664,67.43863821029663,71.65966629981995,70.84113383293152,70.16063470840454,71.5216329574585,70.84113383293152,70.84113383293152,69.64397048950195,68.72403869628906,70.56390228271485,69.64397048950195,69.64397048950195
8188461365.jpg,61.9459459459459,55.734493255615234,70.7924575805664,66.19999408721924,58.62429141998291,68.49622583389282,68.0369794845581,68.95547218322753,68.49622583389282,68.49622583389282,63.26347541809082,61.7576789855957,64.76927185058594,63.26347541809082,60.734493255615234
10898689245.jpg,64.1794871794872,68.44742584228516,78.69829559326172,69.5986807346344,71.96447849273682,74.14848816394806,73.23852667808532,75.0584496498108,74.14848816394806,74.14848816394806,73.57286071777344,72.54777374267579,74.59794769287109,73.57286071777344,73.57286071777344
9264744599.jpg,64.1526548672566,58.2470817565918,75.54672241210938,57.13292956352234,62.73717284202576,66.33982598781586,64.49844670295715,68.18120527267456,65.13292956352234,62.13292956352234,66.89690208435059,65.16693801879882,68.62686614990234,66.2470817565918,63.2470817565918
8009325601.jpg,74.6153846153846,74.45674896240234,78.30632019042969,75.75103044509888,82.01078176498413,77.02867531776428,76.7731463432312,77.28420429229736,77.02867531776428,77.02867531776428,76.38153457641602,75.99657745361328,76.76649169921875,76.38153457641602,76.38153457641602
8688570494.jpg,77.224358974359,71.47442626953125,74.98287200927734,74.74135160446167,76.55839920043945,74.8621118068695,74.83795976638794,74.88626384735107,74.8621118068695,74.8621118068695,73.2286491394043,72.87780456542968,73.57949371337891,73.2286491394043,73.2286491394043
8212033390.jpg,70.0581896551724,65.00493621826172,75.01361846923828,76.10571384429932,77.17073559761047,75.5596661567688,75.6688756942749,75.4504566192627,75.5596661567688,75.5596661567688,70.00927734375,69.00840911865234,71.01014556884766,70.00927734375,70.00927734375
3983499964.jpg,67.1542056074766,71.93456268310547,70.72207641601562,64.7722601890564,65.22632241249084,67.74716830253601,67.15218667984009,68.34214992523192,67.74716830253601,67.74716830253601,71.32831954956055,71.44956817626954,71.20707092285156,71.32831954956055,71.32831954956055
3124199543.jpg,23.531512605042,30.172239303588867,70.86093139648438,28.3805251121521,31.78595006465912,49.62072825431824,45.37268762588501,53.86876888275146,36.3805251121521,33.3805251121521,50.51658535003662,46.44771614074707,54.585454559326166,38.17223930358887,35.17223930358887
2159705303.jpg,43.3549107142857,46.088565826416016,69.37066650390625,52.83482074737549,49.23056960105896,61.10274362564087,59.4491590499878,62.75632820129395,60.83482074737549,57.83482074737549,57.72961616516113,55.40140609741211,60.05782623291016,54.088565826416016,51.088565826416016
7908624656.jpg,82.1768867924528,70.39358520507812,72.56039428710938,76.46482586860657,80.91740608215332,74.51261007785797,74.9030532360077,74.12216691970825,74.51261007785797,74.51261007785797,71.47698974609375,71.26030883789062,71.69367065429688,71.47698974609375,71.47698974609375
4902129359.jpg,75.625,78.19548034667969,80.6504898071289,78.87648344039917,84.92252230644226,79.76348662376404,79.58608598709107,79.94088726043701,79.76348662376404,79.76348662376404,79.4229850769043,79.17748413085937,79.66848602294922,79.4229850769043,79.4229850769043
5157059497.jpg,61.896186440678,69.74092102050781,76.11418914794922,70.86490988731384,73.8180935382843,73.48954951763153,72.96462159156799,74.01447744369506,73.48954951763153,73.48954951763153,72.92755508422852,72.29022827148438,73.56488189697265,72.92755508422852,72.92755508422852
6012494248.jpg,32.9882075471698,38.904544830322266,62.23066711425781,46.12509906291962,36.48245334625244,54.177883088588715,52.567326283454896,55.78843989372253,54.12509906291962,51.12509906291962,50.56760597229004,48.23499374389648,52.9002182006836,46.904544830322266,43.904544830322266
10921880365.jpg,68.5065217391304,68.63523864746094,74.93795013427734,66.75647497177124,69.42375898361206,70.84721255302429,70.02906503677369,71.6653600692749,70.84721255302429,70.84721255302429,71.78659439086914,71.1563232421875,72.41686553955078,71.78659439086914,71.78659439086914
3106852276.jpg,72.4481132075472,75.3455810546875,76.28069305419922,74.7963011264801,81.48912191390991,75.53849709033966,75.39005789756774,75.68693628311158,75.53849709033966,75.53849709033966,75.81313705444336,75.7196258544922,75.90664825439453,75.81313705444336,75.81313705444336
8178464033.jpg,75.9129464285714,71.62674713134766,75.14285278320312,73.00001382827759,77.85406708717346,74.07143330574036,73.8571494102478,74.2857172012329,74.07143330574036,74.07143330574036,73.38479995727539,73.03318939208984,73.73641052246094,73.38479995727539,73.38479995727539
6132687106.jpg,76.1418918918919,70.10781860351562,75.92420959472656,75.28386116027832,78.5950243473053,75.60403537750244,75.54000053405761,75.66807022094727,75.60403537750244,75.60403537750244,73.0160140991211,72.434375,73.59765319824218,73.0160140991211,73.0160140991211
10883456586.jpg,28.8793103448276,31.53229713439941,56.97750854492188,31.912872195243835,24.73219037055969,44.445190370082855,41.938726735115054,46.95165400505066,39.912872195243835,36.912872195243835,44.254902839660645,41.7103816986084,46.799423980712895,39.532297134399414,36.532297134399414
9258059092.jpg,71.046178343949,70.30815887451172,71.04924774169922,67.40086078643799,62.36535310745239,69.2250542640686,68.86021556854249,69.58989295959472,69.2250542640686,69.2250542640686,70.67870330810547,70.60459442138672,70.75281219482423,70.67870330810547,70.67870330810547
3431390099.jpg,36.5553097345133,54.34910583496094,78.28349304199219,64.87032771110535,69.47860717773438,71.57691037654877,70.23559384346008,72.91822690963744,71.57691037654877,69.87032771110535,66.31629943847656,63.92286071777343,68.7097381591797,62.34910583496094,59.34910583496094
562942809.jpg,21.2027559055118,8.942503929138184,45.52109909057617,29.894885420799252,22.389234602451324,37.707992255687714,36.14537088871002,39.27061362266541,37.707992255687714,34.894885420799255,27.231801509857178,23.57394199371338,30.889661026000976,16.942503929138184,13.942503929138184
4961168084.jpg,73.4166666666667,70.1943359375,74.36161041259766,73.08741807937622,75.1554787158966,73.72451424598694,73.5970950126648,73.85193347930908,73.72451424598694,73.72451424598694,72.27797317504883,71.86124572753906,72.6947006225586,72.27797317504883,72.27797317504883
6904448359.jpg,55.0444915254237,59.58671188354492,73.35138702392578,63.41763734817505,62.666165828704834,68.38451218605042,67.39113721847534,69.3778871536255,68.38451218605042,68.38451218605042,66.46904945373535,65.09258193969727,67.84551696777343,66.46904945373535,64.58671188354492
11477250346.jpg,77.0022123893805,72.35271453857422,75.9487533569336,69.8756992816925,77.20211744308472,72.91222631931305,72.30492091178894,73.51953172683716,72.91222631931305,72.91222631931305,74.1507339477539,73.79113006591797,74.51033782958984,74.1507339477539,74.1507339477539
5060270217.jpg,59.2478448275862,59.73155975341797,73.84696960449219,63.01091909408569,67.02380180358887,68.42894434928894,67.34533929824829,69.51254940032959,68.42894434928894,68.42894434928894,66.78926467895508,65.37772369384766,68.2008056640625,66.78926467895508,64.73155975341797
7710868262.jpg,53.3947368421053,51.17951202392578,70.39891052246094,61.81642413139343,62.15193271636963,66.10766732692719,65.24941868782044,66.96591596603393,66.10766732692719,66.10766732692719,60.78921127319336,58.867271423339844,62.711151123046875,59.17951202392578,56.17951202392578
5730689688.jpg,72.2689075630252,68.28386688232422,76.07942199707031,68.73914003372192,76.2013852596283,72.40928101539612,71.67525281906128,73.14330921173095,72.40928101539612,72.40928101539612,72.18164443969727,71.40208892822265,72.96119995117188,72.18164443969727,72.18164443969727
8517575081.jpg,77.3991596638655,71.76731872558594,75.012939453125,71.888267993927,72.65197038650513,73.450603723526,73.1381365776062,73.7630708694458,73.450603723526,73.450603723526,73.39012908935547,73.06556701660156,73.71469116210938,73.39012908935547,73.39012908935547
7640299878.jpg,68.5608108108108,80.10301208496094,77.55950927734375,75.02291202545166,82.10926055908203,76.2912106513977,76.0375509262085,76.54487037658691,76.2912106513977,76.2912106513977,78.83126068115234,79.08561096191406,78.57691040039063,78.83126068115234,78.83126068115234
1387568510.jpg,27.8310810810811,35.5955924987793,70.61630249023438,59.81109142303467,59.81091260910034,65.21369695663452,64.13317584991455,66.29421806335449,65.21369695663452,65.21369695663452,53.105947494506836,49.60387649536133,56.608018493652345,43.5955924987793,40.5955924987793
7505379000.jpg,55.0128205128205,66.90271759033203,65.05008697509766,59.47012901306152,52.37879753112793,62.26010799407959,61.70211219787598,62.8181037902832,62.26010799407959,62.26010799407959,65.97640228271484,66.16166534423829,65.7911392211914,65.97640228271484,65.97640228271484
6596306.jpg,40.6282051282051,53.87580490112305,74.94377899169922,55.833899974823,56.31422996520996,65.38883948326111,63.47785158157349,67.29982738494873,63.833899974823,60.833899974823,64.40979194641113,62.30299453735352,66.51658935546875,61.87580490112305,58.87580490112305
3918838221.jpg,34.6346153846154,31.26108932495117,66.75845336914062,43.06468665599823,46.31239473819733,54.91157001256943,52.542193341255185,57.28094668388366,51.06468665599823,48.06468665599823,49.0097713470459,45.46003494262695,52.559507751464835,39.26108932495117,36.26108932495117
8141906514.jpg,58.3849557522124,44.75054550170898,74.14185333251953,64.25122022628784,72.49645590782166,69.19653677940369,68.20747346878052,70.18560009002685,69.19653677940369,69.19653677940369,59.44619941711426,56.5070686340332,62.38533020019531,52.75054550170898,49.75054550170898
9553679433.jpg,70.3883928571429,64.96589660644531,75.3245620727539,72.60005474090576,74.7132956981659,73.96230840682983,73.68985767364502,74.23475914001465,73.96230840682983,73.96230840682983,70.14522933959961,69.10936279296875,71.18109588623047,70.14522933959961,70.14522933959961
2223255997.jpg,46.825,61.13801574707031,71.46562194824219,51.7301082611084,52.0173966884613,61.59786510467529,59.62431373596192,63.57141647338867,59.7301082611084,56.7301082611084,66.30181884765625,65.26905822753906,67.33457946777344,66.30181884765625,66.30181884765625
4167140049.jpg,60.1123853211009,57.23044204711914,74.58694458007812,54.62000370025635,58.6316704750061,64.60347414016724,62.60678005218506,66.60016822814941,62.62000370025635,59.62000370025635,65.90869331359863,64.17304306030273,67.64434356689453,65.23044204711914,62.23044204711914
5024762120.jpg,76.2162162162162,64.17151641845703,75.1255111694336,75.32663345336914,79.68473434448242,75.22607231140137,75.24618453979492,75.20596008300781,75.22607231140137,75.22607231140137,69.64851379394531,68.55311431884766,70.74391326904296,69.64851379394531,69.64851379394531
8090361774.jpg,35.9861111111111,57.55995559692383,66.24385070800781,64.17043209075928,56.81676864624024,65.20714139938354,64.99979953765869,65.41448326110839,65.20714139938354,65.20714139938354,61.90190315246582,61.033513641357416,62.77029266357422,61.90190315246582,61.90190315246582
7179150708.jpg,63.475,57.96191787719727,68.24461364746094,53.9544403553009,56.54600262641907,61.09952700138092,59.67050967216492,62.52854433059692,61.09952700138092,58.9544403553009,63.1032657623291,62.07499618530274,64.13153533935548,63.1032657623291,63.1032657623291
6011321842.jpg,62.2,66.62734985351562,75.32813262939453,61.35469675064087,64.03810381889343,68.3414146900177,66.94407110214233,69.73875827789306,68.3414146900177,66.35469675064087,70.97774124145508,70.10766296386718,71.84781951904296,70.97774124145508,70.97774124145508
10344523015.jpg,52.5263157894737,62.23032760620117,73.35430145263672,60.51275134086609,58.91721844673157,66.9335263967514,65.64937138557434,68.21768140792847,66.9335263967514,65.51275134086609,67.79231452941895,66.67991714477539,68.9047119140625,67.79231452941895,67.79231452941895
5955805991.jpg,76.5084745762712,67.79042053222656,74.71138000488281,63.21069002151489,68.54748725891113,68.96103501319885,67.81096601486206,70.11110401153564,68.96103501319885,68.96103501319885,71.25090026855469,70.55880432128906,71.94299621582032,71.25090026855469,71.25090026855469
6149089572.jpg,73.3517699115044,74.75743103027344,71.26240539550781,75.69853663444519,75.57573318481445,73.4804710149765,73.92408413887024,73.03685789108276,73.4804710149765,73.4804710149765,73.00991821289062,73.35942077636719,72.66041564941406,73.00991821289062,73.00991821289062
5628498882.jpg,69.972972972973,71.19502258300781,75.67059326171875,67.59406328201294,73.55509996414185,71.63232827186584,70.82467527389527,72.43998126983642,71.63232827186584,71.63232827186584,73.43280792236328,72.9852508544922,73.88036499023437,73.43280792236328,73.43280792236328
2949029930.jpg,34.4375,45.73714447021485,64.2263412475586,34.26410257816315,27.699148654937744,49.24522191286087,46.248998045921326,52.241445779800415,42.26410257816315,39.26410257816315,54.98174285888672,53.13282318115235,56.8306625366211,53.73714447021485,50.73714447021485
2725531194.jpg,68.1785714285714,68.87323760986328,72.89140319824219,73.40497970581055,72.35242128372192,73.14819145202637,73.19954910278321,73.09683380126953,73.14819145202637,73.14819145202637,70.88232040405273,70.48050384521484,71.28413696289063,70.88232040405273,70.88232040405273
4597162839.jpg,74.7297297297297,67.24288940429688,74.21226501464844,73.83182644844055,78.28460335731506,74.0220457315445,73.9840018749237,74.06008958816528,74.0220457315445,74.0220457315445,70.72757720947266,70.0306396484375,71.42451477050781,70.72757720947266,70.72757720947266
2366273919.jpg,29.5066964285714,39.08650207519531,62.35248947143555,44.38621699810028,39.58559930324554,53.369353234767914,51.57272598743439,55.16598048210144,52.38621699810028,49.38621699810028,50.71949577331543,48.39289703369141,53.046094512939455,47.08650207519531,44.08650207519531
3370673214.jpg,63.3581081081081,62.43661880493164,75.71199035644531,67.93283224105835,72.3040759563446,71.82241129875183,71.04449548721314,72.60032711029052,71.82241129875183,71.82241129875183,69.07430458068848,67.74676742553712,70.40184173583984,69.07430458068848,67.43661880493164
9329940580.jpg,50.95,58.8812141418457,65.24626159667969,51.24011039733887,47.78961539268494,58.24318599700928,56.8425708770752,59.64380111694336,58.24318599700928,56.24011039733887,62.063737869262695,61.427233123779295,62.700242614746095,62.063737869262695,62.063737869262695
4263025475.jpg,72.277027027027,80.36486053466797,78.17090606689453,73.62688779830933,77.80101299285889,75.89889693260193,75.44449510574341,76.35329875946044,75.89889693260193,75.89889693260193,79.26788330078125,79.48727874755859,79.04848785400391,79.26788330078125,79.26788330078125
8073500928.jpg,50.3601694915254,50.02777099609375,72.85343170166016,54.717278480529785,59.39114689826965,63.78535509109497,61.971739768981934,65.59897041320801,62.717278480529785,59.717278480529785,61.44060134887695,59.15803527832031,63.723167419433594,58.02777099609375,55.02777099609375
6051776132.jpg,77.6592920353982,72.74285888671875,79.31156921386719,74.37227964401245,82.12679624557495,76.84192442893982,76.34799547195435,77.33585338592529,76.84192442893982,76.84192442893982,76.02721405029297,75.37034301757814,76.68408508300782,76.02721405029297,76.02721405029297
5466371904.jpg,85.35625,72.17906951904297,76.67788696289062,74.84077215194702,80.24658560752869,75.75932955741882,75.57561807632446,75.94304103851317,75.75932955741882,75.75932955741882,74.4284782409668,73.97859649658203,74.87835998535155,74.4284782409668,74.4284782409668
7328195954.jpg,72.1652173913044,68.48939514160156,74.8239517211914,66.97473526000977,74.55663681030273,70.89934349060059,70.11442184448242,71.68426513671875,70.89934349060059,70.89934349060059,71.65667343139648,71.0232177734375,72.29012908935547,71.65667343139648,71.65667343139648
6788897458.jpg,69.5384615384615,64.73186492919922,73.45730590820312,66.7201042175293,67.95257329940796,70.08870506286621,69.41498489379883,70.76242523193359,70.08870506286621,70.08870506286621,69.09458541870117,68.22204132080078,69.96712951660156,69.09458541870117,69.09458541870117
426656293.jpg,47.7739130434783,48.31739044189453,70.27571868896484,58.9404821395874,49.722689390182495,64.60810041427612,63.474576759338376,65.74162406921386,64.60810041427612,64.60810041427612,59.29655456542969,57.100721740722655,61.49238739013671,56.31739044189453,53.31739044189453
2471109874.jpg,18.6049107142857,28.755172729492188,52.87192153930664,23.112541437149048,17.51764416694641,37.992231488227844,35.01629347801209,40.9681694984436,31.112541437149048,28.112541437149048,40.813547134399414,38.40187225341797,43.22522201538086,36.75517272949219,33.75517272949219
4525361026.jpg,65.8894230769231,66.8687973022461,75.37035369873047,66.61200523376465,69.35302019119263,70.99117946624756,70.11534461975097,71.86701431274415,70.99117946624756,70.99117946624756,71.11957550048828,70.26941986083985,71.96973114013672,71.11957550048828,71.11957550048828
5199036142.jpg,31.04375,44.813385009765625,64.188232421875,37.8943145275116,31.347379088401794,51.0412734746933,48.41188168525696,53.67066526412964,45.8943145275116,42.8943145275116,54.50080871582031,52.563323974609375,56.43829345703125,52.813385009765625,49.813385009765625
4576647416.jpg,59.3445945945946,68.64421081542969,75.79381561279297,69.85788345336914,76.77081227302551,72.82584953308105,72.23225631713868,73.41944274902343,72.82584953308105,72.82584953308105,72.21901321411133,71.504052734375,72.93397369384766,72.21901321411133,72.21901321411133
11522984926.jpg,44.3826530612245,44.951507568359375,67.34044647216797,48.89850616455078,47.41905331611633,58.119476318359375,56.27528228759766,59.963670349121095,56.89850616455078,53.89850616455078,56.14597702026367,53.907083129882814,58.38487091064454,52.951507568359375,49.951507568359375
4277299546.jpg,43.5731132075472,43.26904296875,60.13308334350586,39.83564078807831,41.00228846073151,49.984362065792084,47.95461781024933,52.014106321334836,47.83564078807831,44.83564078807831,51.70106315612793,50.01465911865235,53.38746719360351,51.26904296875,48.26904296875
5217952997.jpg,66.0294117647059,53.66249847412109,75.34567260742188,66.77553653717041,76.26848220825195,71.06060457229614,70.20359096527099,71.9176181793213,71.06060457229614,71.06060457229614,64.50408554077148,62.335768127441405,66.67240295410156,61.66249847412109,58.66249847412109
7331542456.jpg,64.5691964285714,63.2641487121582,73.62294006347656,72.91771173477173,79.70548272132874,73.27032589912415,73.19980306625366,73.34084873199463,73.27032589912415,73.27032589912415,68.44354438781738,67.40766525268555,69.47942352294922,68.44354438781738,68.44354438781738
82824130.jpg,29.4625,41.33195114135742,61.28008270263672,25.52555501461029,22.37123101949692,43.402818858623505,39.82736608982086,46.978271627426146,33.52555501461029,30.52555501461029,51.30601692199707,49.31120376586914,53.300830078125,49.33195114135742,46.33195114135742
4384734404.jpg,35.4009433962264,46.45951461791992,68.42440795898438,39.41912651062012,35.23472249507904,53.921767234802246,51.02123908996582,56.82229537963867,47.41912651062012,44.41912651062012,57.44196128845215,55.2454719543457,59.638450622558594,54.45951461791992,51.45951461791992
5914304035.jpg,58.8986486486486,68.47904205322266,74.633544921875,68.42021942138672,71.70369625091553,71.52688217163086,70.90554962158203,72.1482147216797,71.52688217163086,71.52688217163086,71.55629348754883,70.94084320068359,72.17174377441407,71.55629348754883,71.55629348754883
3922421993.jpg,72.0416666666667,72.84423828125,71.56377410888672,69.94264125823975,72.07560539245605,70.75320768356323,70.59109439849854,70.91532096862792,70.75320768356323,70.75320768356323,72.20400619506836,72.3320526123047,72.07595977783203,72.20400619506836,72.20400619506836
80417582.jpg,38.7836134453782,46.28334045410156,72.70748901367188,55.46941757202149,47.71282076835632,64.08845329284668,62.36464614868164,65.81226043701172,63.46941757202149,60.46941757202149,59.49541473388672,56.85299987792969,62.13782958984375,54.28334045410156,51.28334045410156
8556290824.jpg,67.5606796116505,69.7789306640625,72.05242156982422,64.12205696105957,64.02591466903687,68.0872392654419,67.29420280456543,68.88027572631836,68.0872392654419,68.0872392654419,70.91567611694336,70.68832702636718,71.14302520751953,70.91567611694336,70.91567611694336
6508138341.jpg,15.7065217391304,10.349895477294922,60.31941604614258,14.086833596229551,10.836004465818403,37.203124821186066,32.57986657619476,41.826383066177364,22.086833596229553,19.086833596229553,35.33465576171875,30.337703704833984,40.33160781860351,18.349895477294922,15.349895477294922
1987196687.jpg,23.6008403361345,30.004589080810547,65.37288665771484,45.22877037525177,42.80381202697754,55.30082851648331,53.286416888237,57.315240144729614,53.22877037525177,50.22877037525177,47.688737869262695,44.15190811157227,51.22556762695312,38.00458908081055,35.00458908081055
3736418288.jpg,49.6674311926606,53.4282112121582,66.62212371826172,51.14110112190247,51.126766204833984,58.88161242008209,57.33351016044617,60.42971467971802,58.88161242008209,56.14110112190247,60.02516746520996,58.70577621459961,61.34455871582031,60.02516746520996,58.4282112121582
5803914327.jpg,43.2905405405405,36.94234848022461,59.19035720825195,41.2036806344986,38.94702792167664,50.197018921375275,48.39835126399994,51.99568657875061,49.2036806344986,46.2036806344986,48.06635284423828,45.84155197143555,50.29115371704101,44.94234848022461,41.94234848022461
2650447326.jpg,28.4828125,26.2012939453125,62.810089111328125,31.659144163131717,43.45216751098633,47.23461663722992,44.119522142410275,50.349711132049556,39.659144163131714,36.659144163131714,44.50569152832031,40.84481201171875,48.166571044921874,34.2012939453125,31.2012939453125
8064104833.jpg,66.8526785714286,65.13909149169922,72.64913940429688,62.104904651641846,66.45116209983826,67.37702202796936,66.32259855270385,68.43144550323487,67.37702202796936,67.37702202796936,68.89411544799805,68.14311065673829,69.6451202392578,68.89411544799805,68.89411544799805
4750521580.jpg,81.0408653846154,77.21247863769531,75.79800415039062,77.5755524635315,81.2716007232666,76.68677830696106,76.86453313827515,76.50902347564697,76.68677830696106,76.68677830696106,76.50524139404297,76.64668884277344,76.3637939453125,76.50524139404297,76.50524139404297
8050953362.jpg,72.9879032258064,61.427284240722656,75.27532196044922,75.63768029212952,79.52322363853455,75.45650112628937,75.4927369594574,75.42026529312133,75.45650112628937,75.45650112628937,68.35130310058594,66.96649932861328,69.7361068725586,68.35130310058594,66.42728424072266
5565514955.jpg,45.9587155963303,45.49171829223633,72.1151351928711,60.62718629837036,64.10380601882935,66.37116074562073,65.22236585617065,67.5199556350708,66.37116074562073,66.37116074562073,58.80342674255371,56.14108505249023,61.46576843261719,53.49171829223633,50.49171829223633
4710464067.jpg,73.3918918918919,73.26176452636719,75.41268920898438,72.42070436477661,76.54436826705933,73.9166967868805,73.61749830245972,74.21589527130126,73.9166967868805,73.9166967868805,74.33722686767578,74.12213439941407,74.55231933593751,74.33722686767578,74.33722686767578
9651547204.jpg,44.8513513513514,63.538944244384766,72.06917572021484,64.24568295478821,61.77084445953369,68.15742933750153,67.37508006095887,68.93977861404419,68.15742933750153,68.15742933750153,67.8040599822998,66.9510368347168,68.6570831298828,67.8040599822998,67.8040599822998
4995119944.jpg,73.6155660377358,68.50082397460938,74.04386138916016,67.75063276290894,70.19803524017334,70.89724707603455,70.26792421340943,71.52656993865966,70.89724707603455,70.89724707603455,71.27234268188477,70.7180389404297,71.82664642333984,71.27234268188477,71.27234268188477
8416061748.jpg,72.625,71.50914001464844,77.27455139160156,70.82655429840088,74.9496579170227,74.05055284500122,73.40575313568115,74.69535255432129,74.05055284500122,74.05055284500122,74.391845703125,73.81530456542968,74.96838684082032,74.391845703125,74.391845703125
6127748837.jpg,67.9491150442478,63.81546401977539,74.2805404663086,72.98826575279236,79.1386365890503,73.63440310955048,73.50517563819885,73.76363058090209,73.63440310955048,73.63440310955048,69.04800224304199,68.00149459838867,70.09450988769531,69.04800224304199,69.04800224304199
4960147659.jpg,42.25,44.08186340332031,72.79872131347656,52.360475063323975,66.28283262252808,62.57959818840027,60.53577356338501,64.62342281341552,60.360475063323975,57.360475063323975,58.44029235839844,55.568606567382815,61.31197814941406,52.08186340332031,49.08186340332031
7992243526.jpg,26.8879310344828,36.28033828735352,57.48273849487305,28.960171341896057,23.068614304065704,43.22145491838455,40.36919820308685,46.07371163368225,36.96017134189606,33.96017134189606,46.88153839111328,44.76129837036133,49.00177841186524,44.28033828735352,41.28033828735352
7217797182.jpg,63.3419811320755,72.94754791259766,78.441650390625,61.49754524230957,65.27143120765686,69.96959781646729,68.27518730163574,71.66400833129882,69.49754524230957,66.49754524230957,75.69459915161133,75.14518890380859,76.24400939941407,75.69459915161133,75.69459915161133
4513142635.jpg,42.3973214285714,51.534942626953125,72.57145690917969,40.45128226280213,32.22460448741913,56.511369585990906,53.29935212135315,59.72338705062866,48.45128226280213,45.45128226280213,62.053199768066406,59.94954833984375,64.15685119628907,59.534942626953125,56.534942626953125
8259404043.jpg,74.65,73.88444519042969,73.80160522460938,70.35189867019653,72.47999906539917,72.07675194740295,71.73178129196167,72.42172260284423,72.07675194740295,72.07675194740295,73.84302520751953,73.85130920410157,73.8347412109375,73.84302520751953,73.84302520751953
6177663697.jpg,68.5252100840336,62.15846633911133,77.10611724853516,74.06829595565796,78.18427085876465,75.58720660209656,75.28342447280883,75.89098873138428,75.58720660209656,75.58720660209656,69.63229179382324,68.13752670288086,71.12705688476562,69.63229179382324,67.15846633911133
144272742.jpg,24.16875,39.82341384887695,70.7334213256836,47.86151647567749,46.914225816726685,59.29746890068054,57.010278415679934,61.58465938568115,55.86151647567749,52.86151647567749,55.27841758728027,52.18741683959961,58.36941833496093,47.82341384887695,44.82341384887695
5632060967.jpg,65.4487179487179,62.53852081298828,75.09760284423828,64.1345739364624,69.89078521728516,69.61608839035034,68.51978549957275,70.71239128112794,69.61608839035034,69.61608839035034,68.81806182861328,67.56215362548828,70.07397003173828,68.81806182861328,67.53852081298828
2415583702.jpg,29.3156779661017,34.37593078613281,59.92807388305664,49.23929572105408,47.96598255634308,54.58368480205536,53.5148069858551,55.652562618255615,54.58368480205536,54.58368480205536,47.15200233459473,44.59678802490234,49.70721664428711,42.37593078613281,39.37593078613281
154603426.jpg,64.0,56.39599990844727,66.70336151123047,53.915661573410034,51.793622970581055,60.30951154232025,59.03074154853821,61.58828153610229,60.30951154232025,58.915661573410034,61.54968070983887,60.51894454956055,62.58041687011719,61.54968070983887,61.54968070983887
4233571199.jpg,77.93125,71.43295288085938,75.42467498779297,74.93033409118652,80.3278386592865,75.17750453948975,75.1280704498291,75.2269386291504,75.17750453948975,75.17750453948975,73.42881393432617,73.0296417236328,73.82798614501954,73.42881393432617,73.42881393432617
9038457719.jpg,58.9071428571429,57.12782287597656,77.35324096679688,56.200551986694336,65.78755378723145,66.7768964767456,64.66162757873535,68.89216537475585,64.20055198669434,61.200551986694336,67.24053192138672,65.21799011230469,69.26307373046875,65.12782287597656,62.12782287597656
5362095529.jpg,75.3986486486486,70.64884185791016,77.48596954345703,65.88537693023682,74.94503259658813,71.68567323684692,70.5256139755249,72.84573249816894,71.68567323684692,71.68567323684692,74.0674057006836,73.38369293212891,74.75111846923828,74.0674057006836,74.0674057006836
8512098446.jpg,56.61875,67.01615905761719,71.96907806396484,49.0698903799057,51.80005431175232,60.51948422193527,58.22956545352936,62.809402990341184,57.0698903799057,54.0698903799057,69.49261856079102,68.99732666015626,69.98791046142578,69.49261856079102,69.49261856079102
1316239068.jpg,61.6165254237288,62.25474166870117,72.61714935302734,52.58529186248779,49.53712224960327,62.60122060775757,60.59803485870361,64.60440635681152,60.58529186248779,57.58529186248779,67.43594551086426,66.39970474243164,68.47218627929688,67.43594551086426,67.43594551086426
62049415.jpg,44.9525862068966,54.82392883300781,67.1599349975586,48.82725775241852,49.89408850669861,57.993596374988556,56.160328650474554,59.826864099502565,56.82725775241852,53.82725775241852,60.9919319152832,59.758331298828125,62.22553253173828,60.9919319152832,59.82392883300781
6008267730.jpg,31.25,29.45639991760254,70.49147033691406,50.32973289489746,46.7544823884964,60.41060161590576,58.3944278717041,62.42677536010742,58.32973289489746,55.32973289489746,49.9739351272583,45.87042808532715,54.07744216918945,37.45639991760254,34.45639991760254
7179446780.jpg,69.0220588235294,71.77445220947266,71.49456787109375,62.73236274719238,67.29209423065186,67.11346530914307,66.23724479675293,67.9896858215332,67.11346530914307,67.11346530914307,71.6345100402832,71.6624984741211,71.60652160644531,71.6345100402832,71.6345100402832
7579386834.jpg,56.5826271186441,47.58760070800781,67.56062316894531,51.74124836921692,44.73026394844055,59.650935769081116,58.06899828910828,61.23287324905395,59.650935769081116,56.74124836921692,57.57411193847656,55.57680969238281,59.571414184570315,55.58760070800781,52.58760070800781
8208757707.jpg,45.5926724137931,45.39226150512695,68.17916870117188,46.99897766113281,46.04983627796173,57.589073181152344,55.47105407714844,59.70709228515625,54.99897766113281,51.99897766113281,56.785715103149414,54.507024383544916,59.06440582275391,53.39226150512695,50.39226150512695
3235296899.jpg,60.2881355932203,65.30752563476562,72.1292724609375,63.37829828262329,65.49663543701172,67.7537853717804,66.87868795394897,68.62888278961182,67.7537853717804,67.7537853717804,68.71839904785156,68.03622436523438,69.40057373046875,68.71839904785156,68.71839904785156
8771756230.jpg,22.1725663716814,31.277040481567383,61.1616439819336,33.74335169792175,24.62218999862671,47.45249783992767,44.71066861152649,50.19432706832886,41.74335169792175,38.74335169792175,46.21934223175049,43.23088188171387,49.207802581787114,39.27704048156738,36.27704048156738
8343118972.jpg,74.3581081081081,72.9205322265625,76.78570556640625,79.87513542175293,82.27732181549072,78.33042049407959,78.63936347961426,78.02147750854492,78.33042049407959,78.33042049407959,74.85311889648438,74.4666015625,75.23963623046875,74.85311889648438,74.85311889648438
7376214050.jpg,38.1635514018692,43.518253326416016,66.2818832397461,50.35585165023804,45.67640721797943,58.318867444992065,56.72626428604126,59.91147060394287,58.318867444992065,55.35585165023804,54.900068283081055,52.623705291748045,57.17643127441406,51.518253326416016,48.518253326416016
4525459727.jpg,76.6,73.40446472167969,76.73917388916016,61.44627332687378,67.43841171264648,69.09272360801697,67.56343355178834,70.6220136642456,69.09272360801697,66.44627332687378,75.07181930541992,74.73834838867188,75.40529022216796,75.07181930541992,75.07181930541992
45015821.jpg,23.9322033898305,46.05260467529297,71.88666534423828,39.975619316101074,49.70421493053436,55.93114233016968,52.740037727355954,59.122246932983394,47.975619316101074,44.975619316101074,58.969635009765625,56.38622894287109,61.55304107666015,54.05260467529297,51.05260467529297
3847022878.jpg,66.475,71.15520477294922,77.71162414550781,70.43098211288452,73.45341444015503,74.07130312919617,73.34323892593383,74.7993673324585,74.07130312919617,74.07130312919617,74.43341445922852,73.77777252197265,75.08905639648438,74.43341445922852,74.43341445922852
6075825527.jpg,62.3088235294118,60.712982177734375,76.65851593017578,57.43333101272583,66.45730137825012,67.0459234714508,65.12340497970581,68.9684419631958,65.43333101272583,62.43333101272583,68.68574905395508,67.09119567871093,70.28030242919922,68.68574905395508,65.71298217773438
5611311337.jpg,31.472972972973,30.193845748901367,60.93253326416016,43.70068907737732,41.10684394836426,52.31661117076874,50.59342675209046,54.039795589447024,51.70068907737732,48.70068907737732,45.56318950653076,42.48932075500488,48.63705825805664,38.19384574890137,35.19384574890137
8637618858.jpg,73.2071428571429,78.58402252197266,77.7505111694336,72.55326509475708,73.54651689529419,75.15188813209534,74.63216352462769,75.67161273956299,75.15188813209534,75.15188813209534,78.16726684570312,78.25061798095703,78.08391571044922,78.16726684570312,78.16726684570312
7297259404.jpg,64.1756756756757,67.7812728881836,72.77610778808594,60.23775935173035,64.1211986541748,66.50693356990814,65.25309872627258,67.7607684135437,66.50693356990814,65.23775935173035,70.27869033813477,69.77920684814453,70.778173828125,70.27869033813477,70.27869033813477
10787258285.jpg,71.8940677966102,68.27811431884766,75.27796936035156,69.14691925048828,77.56255269050598,72.21244430541992,71.59933929443359,72.82554931640624,72.21244430541992,72.21244430541992,71.77804183959961,71.07805633544922,72.47802734375,71.77804183959961,71.77804183959961
3026852045.jpg,70.6238317757009,69.81739044189453,75.18751525878906,64.99133706092834,67.27813482284546,70.0894261598587,69.06980834007263,71.10904397964478,70.0894261598587,70.0894261598587,72.5024528503418,71.96544036865234,73.03946533203126,72.5024528503418,72.5024528503418
6007032209.jpg,25.4033613445378,31.419267654418945,66.64506530761719,38.95776271820069,43.64213049411774,52.801414012908936,50.03268375396729,55.570144271850594,46.95776271820069,43.95776271820069,49.032166481018066,45.50958671569825,52.55474624633789,39.419267654418945,36.419267654418945
4418637804.jpg,70.1216216216216,65.19941711425781,76.81788635253906,71.71152830123901,75.90585947036743,74.26470732688904,73.75407152175903,74.77534313201903,74.26470732688904,74.26470732688904,71.00865173339844,69.84680480957032,72.17049865722656,71.00865173339844,71.00865173339844
1430765461.jpg,52.8571428571429,50.37245559692383,69.78484344482422,64.20701742172241,64.0232264995575,66.99593043327332,66.43814783096313,67.55371303558348,66.99593043327332,66.99593043327332,60.07864952087402,58.13741073608398,62.01988830566406,58.37245559692383,55.37245559692383
10737029565.jpg,63.0172413793103,59.49583053588867,73.6116714477539,63.69808912277222,57.63871669769287,68.65488028526306,67.66352205276489,69.64623851776122,68.65488028526306,68.65488028526306,66.55375099182129,65.14216690063476,67.9653350830078,66.55375099182129,64.49583053588867
4463196857.jpg,31.1526548672566,28.287282943725582,60.05857849121094,26.939931511878967,25.558608770370483,43.49925500154495,40.18739030361176,46.81111969947815,34.93993151187897,31.939931511878967,44.17293071746826,40.99580116271973,47.350060272216794,36.287282943725586,33.287282943725586
5572898913.jpg,22.3616071428571,19.09881591796875,52.91038513183594,23.501622676849365,18.03501546382904,38.20600390434265,35.265127658843994,41.14688014984131,31.501622676849365,28.501622676849365,36.004600524902344,32.623443603515625,39.38575744628906,27.09881591796875,24.09881591796875
4782504809.jpg,69.6714285714286,63.01472473144531,76.16592407226562,69.54116225242615,65.51249027252197,72.85354316234589,72.19106698036194,73.51601934432983,72.85354316234589,72.85354316234589,69.59032440185547,68.27520446777343,70.9054443359375,69.59032440185547,68.01472473144531
8710431611.jpg,72.925,71.8899917602539,76.92425537109375,74.9807357788086,81.88093900680542,75.95249557495117,75.75814361572266,76.14684753417968,75.95249557495117,75.95249557495117,74.40712356567383,73.90369720458985,74.91054992675781,74.40712356567383,74.40712356567383
4828896285.jpg,75.8,73.8302001953125,76.15557098388672,74.1829514503479,76.8763780593872,75.16926121711731,74.97199926376342,75.3665231704712,75.16926121711731,75.16926121711731,74.99288558959961,74.76034851074219,75.22542266845703,74.99288558959961,74.99288558959961
5512214624.jpg,36.0435779816514,53.54559326171875,62.41963195800781,46.63268327713013,42.17924475669861,54.52615761756897,52.947462749481204,56.104852485656735,54.52615761756897,51.63268327713013,57.98261260986328,57.095208740234376,58.870016479492186,57.98261260986328,57.98261260986328
6966682968.jpg,51.6379310344828,56.92735290527344,71.6608657836914,52.07418203353882,53.74261140823364,61.86752390861511,59.908855533599855,63.82619228363037,60.07418203353882,57.07418203353882,64.29410934448242,62.82075805664063,65.76746063232422,64.29410934448242,61.92735290527344
4529654985.jpg,32.1822033898305,44.6400032043457,67.16716003417969,55.97043037414551,57.73988962173462,61.5687952041626,60.44912223815918,62.68846817016601,61.5687952041626,61.5687952041626,55.903581619262695,53.650865936279295,58.15629730224609,52.6400032043457,49.6400032043457
6793966090.jpg,63.15,61.79800033569336,74.09173583984375,58.80817174911499,55.62702417373657,66.44995379447937,64.9215973854065,67.97831020355224,66.44995379447937,63.80817174911499,67.94486808776855,66.71549453735352,69.17424163818359,67.94486808776855,66.79800033569336
4311062470.jpg,64.5394736842105,61.48750686645508,71.79996490478516,58.6115837097168,60.65891981124878,65.20577430725098,63.88693618774414,66.52461242675781,65.20577430725098,63.6115837097168,66.64373588562012,65.61249008178712,67.67498168945312,66.64373588562012,66.64373588562012
8231125615.jpg,61.9504310344828,71.72209930419922,74.14569091796875,72.6321816444397,81.23922944068909,73.38893628120422,73.23758535385132,73.54028720855712,73.38893628120422,73.38893628120422,72.93389511108398,72.69153594970703,73.17625427246094,72.93389511108398,72.93389511108398
2448776548.jpg,56.75625,68.80191040039062,70.53524780273438,56.31593465805054,52.09663510322571,63.425591230392456,62.003659915924075,64.84752254486084,63.425591230392456,61.31593465805054,69.6685791015625,69.49524536132813,69.84191284179687,69.6685791015625,69.6685791015625
338924292.jpg,32.3179611650485,38.52083587646485,68.9254150390625,47.62147665023804,33.98308455944061,58.27344584465027,56.14305200576783,60.403839683532716,55.62147665023804,52.62147665023804,53.72312545776367,50.68266754150391,56.76358337402344,46.52083587646485,43.52083587646485
5459372516.jpg,68.41796875,74.21050262451172,78.5665054321289,75.42225122451782,81.97203874588013,76.99437832832336,76.67995290756225,77.30880374908446,76.99437832832336,76.99437832832336,76.38850402832031,75.9529037475586,76.82410430908203,76.38850402832031,76.38850402832031
11078122366.jpg,69.972972972973,68.84988403320312,71.3379135131836,65.94713926315308,62.09810972213745,68.64252638816833,68.10344896316528,69.18160381317139,68.64252638816833,68.64252638816833,70.09389877319336,69.84509582519532,70.3427017211914,70.09389877319336,70.09389877319336
8539554428.jpg,70.4314159292035,71.09727478027344,77.38784790039062,75.23588538169861,86.17764711380005,76.31186664104462,76.09667038917542,76.52706289291382,76.31186664104462,76.31186664104462,74.24256134033203,73.6135040283203,74.87161865234376,74.24256134033203,74.24256134033203
11058112996.jpg,33.5540540540541,37.24074172973633,58.53179550170898,42.48829483985901,40.60595631599426,50.510045170784,48.905695104599,52.11439523696899,50.48829483985901,47.48829483985901,47.886268615722656,45.75716323852539,50.01537399291992,45.24074172973633,42.24074172973633
412289790.jpg,17.4263392857143,30.43999481201172,60.81266784667969,23.89971762895584,16.876336932182312,42.356192737817764,38.66489771604538,46.04748775959015,31.89971762895584,28.89971762895584,45.6263313293457,42.58906402587891,48.6635986328125,38.43999481201172,35.43999481201172
5939994525.jpg,42.1776315789474,55.57816696166992,70.39945220947266,47.69417643547058,35.67492663860321,59.04681432247162,56.77628674507142,61.31734189987183,55.69417643547058,52.69417643547058,62.98880958557129,61.50668106079101,64.47093811035157,62.98880958557129,60.57816696166992
6800438108.jpg,76.4487179487179,71.8667984008789,79.22747039794922,67.64740943908691,80.00117540359497,73.43743991851807,72.27943382263183,74.5954460144043,73.43743991851807,73.43743991851807,75.54713439941406,74.81106719970703,76.2832015991211,75.54713439941406,75.54713439941406
10295875445.jpg,62.563025210084,54.40586853027344,69.27801513671875,61.24123334884644,60.22158861160278,65.25962424278259,64.45594606399536,66.06330242156983,65.25962424278259,65.25962424278259,61.841941833496094,60.35472717285156,63.329156494140626,61.841941833496094,59.40586853027344
5588234773.jpg,25.3644859813084,32.140174865722656,60.16263961791992,20.625728368759155,20.040401816368103,40.39418399333954,36.44049286842346,44.347875118255615,28.625728368759155,25.625728368759155,46.15140724182129,43.34916076660156,48.953653717041014,40.140174865722656,37.140174865722656
6001444866.jpg,29.1470588235294,36.731239318847656,67.24474334716797,30.76559603214264,21.631647646427155,49.005169689655304,45.35725495815277,52.653084421157835,38.76559603214264,35.76559603214264,51.98799133300781,48.936640930175784,55.03934173583984,44.731239318847656,41.731239318847656
9995874256.jpg,68.0951327433628,66.94239807128906,74.2515640258789,61.99142932891846,68.17225217819214,68.12149667739868,66.89548320770264,69.34751014709472,68.12149667739868,66.99142932891846,70.59698104858398,69.866064453125,71.32789764404296,70.59698104858398,70.59698104858398
9175070760.jpg,59.4932432432432,64.10376739501953,77.3617172241211,64.90124464035034,70.70940732955933,71.13148093223572,69.88543367385864,72.3775281906128,71.13148093223572,69.90124464035034,70.73274230957031,69.40694732666014,72.05853729248047,70.73274230957031,69.10376739501953
6890677809.jpg,80.05,82.52074432373047,75.5047836303711,74.9359130859375,79.38276529312134,75.2203483581543,75.16346130371093,75.27723541259766,75.2203483581543,75.2203483581543,79.01276397705078,79.71436004638672,78.31116790771485,79.01276397705078,79.01276397705078
8734847489.jpg,62.2857142857143,65.46299743652344,71.98667907714844,64.72636461257935,69.48510408401489,68.35652184486389,67.63049039840698,69.0825532913208,68.35652184486389,68.35652184486389,68.72483825683594,68.07247009277344,69.37720642089843,68.72483825683594,68.72483825683594
5177150402.jpg,41.6029411764706,40.28924179077149,63.00680160522461,47.428154945373535,34.28108990192413,55.21747827529907,53.659613609313965,56.77534294128418,55.21747827529907,52.428154945373535,51.64802169799805,49.37626571655274,53.919777679443364,48.28924179077149,45.28924179077149
4358436337.jpg,64.9201680672269,64.46902465820312,73.82711029052734,65.2711570262909,70.88714838027954,69.54913365840912,68.69353833198548,70.40472898483276,69.54913365840912,69.54913365840912,69.14806747436523,68.2122589111328,70.08387603759766,69.14806747436523,69.14806747436523
8020768393.jpg,72.8191964285714,76.0169906616211,75.63488006591797,72.03404903411865,77.90518403053284,73.83446455001831,73.47438144683838,74.19454765319824,73.83446455001831,73.83446455001831,75.82593536376953,75.86414642333983,75.78772430419922,75.82593536376953,75.82593536376953
3405525198.jpg,34.2115384615385,45.54551696777344,71.16436004638672,57.10506439208984,55.46419620513916,64.13471221923828,62.72878265380859,65.54064178466797,64.13471221923828,62.10506439208984,58.35493850708008,55.793054199218744,60.91682281494141,53.54551696777344,50.54551696777344
5692807668.jpg,38.0891304347826,47.15761566162109,66.22620391845703,45.25561034679413,38.74319791793823,55.74090713262558,53.64384777545929,57.83796648979187,53.25561034679413,50.25561034679413,56.69190979003906,54.78505096435546,58.59876861572265,55.15761566162109,52.15761566162109
6531551463.jpg,53.2991071428571,50.71102142333984,70.61878967285156,53.48991751670837,55.9949517250061,62.05435359477997,60.341466379165645,63.767240810394284,61.48991751670837,58.48991751670837,60.6649055480957,58.67412872314453,62.65568237304687,58.71102142333984,55.71102142333984
7785216770.jpg,59.875,53.33480453491211,72.43107604980469,67.87550449371338,71.21784687042236,70.15329027175903,69.6977331161499,70.60884742736816,70.15329027175903,70.15329027175903,62.8829402923584,60.973313140869145,64.79256744384766,61.33480453491211,58.33480453491211
8179375247.jpg,80.3455882352941,77.29175567626953,72.92001342773438,70.91495990753174,70.85360288619995,71.91748666763306,71.7169813156128,72.11799201965331,71.91748666763306,71.91748666763306,75.10588455200195,75.54305877685547,74.66871032714843,75.10588455200195,75.10588455200195
9639418449.jpg,69.295652173913,73.62548828125,73.89686584472656,66.90468788146973,66.16058349609375,70.40077686309814,69.70155906677246,71.09999465942383,70.40077686309814,70.40077686309814,73.76117706298828,73.73403930664062,73.78831481933594,73.76117706298828,73.76117706298828
6280923250.jpg,69.7737068965517,68.24223327636719,77.61204528808594,70.43185830116272,73.46422672271729,74.02195179462433,73.30393309593201,74.73997049331665,74.02195179462433,74.02195179462433,72.92713928222656,71.99015808105469,73.86412048339844,72.92713928222656,72.92713928222656
5933359823.jpg,53.3947368421053,54.35637283325195,72.15203857421875,45.81439197063446,35.509392619133,58.983215272426605,56.34945061206818,61.616979932785036,53.81439197063446,50.81439197063446,63.25420570373535,61.474639129638675,65.03377227783204,62.35637283325195,59.35637283325195
6640061445.jpg,50.5756880733945,52.783599853515625,72.63243103027344,47.95121848583221,54.39014434814453,60.291824758052826,57.8237035036087,62.75994601249694,55.95121848583221,52.95121848583221,62.70801544189453,60.72313232421875,64.69289855957031,60.783599853515625,57.783599853515625
2231043641.jpg,57.625,67.66573333740234,72.18134307861328,65.58117866516113,68.94530057907104,68.8812608718872,68.22124443054199,69.54127731323243,68.8812608718872,68.8812608718872,69.92353820800781,69.47197723388672,70.3750991821289,69.92353820800781,69.92353820800781
2688019250.jpg,52.8571428571429,47.87959289550781,70.74675750732422,58.804452419281006,53.32009792327881,64.77560496330261,63.58137445449829,65.96983547210692,64.77560496330261,64.77560496330261,59.313175201416016,57.026458740234375,61.599891662597656,55.87959289550781,52.87959289550781
6144690260.jpg,76.4399038461538,70.20833587646484,73.27266693115234,71.98104858398438,72.25942015647888,72.62685775756836,72.49769592285156,72.75601959228516,72.62685775756836,72.62685775756836,71.7405014038086,71.43406829833984,72.04693450927735,71.7405014038086,71.7405014038086
8530273249.jpg,57.8160377358491,57.90201187133789,70.59195709228516,50.37496685981751,46.98163270950317,60.48346197605133,58.46176295280457,62.5051609992981,58.37496685981751,55.37496685981751,64.24698448181152,62.977989959716794,65.51597900390624,64.24698448181152,62.90201187133789
8157117322.jpg,79.6305309734513,69.75831604003906,78.10430145263672,70.22804021835327,78.5106360912323,74.166170835495,73.37854471206666,74.95379695892333,74.166170835495,74.166170835495,73.93130874633789,73.09671020507812,74.76590728759766,73.93130874633789,73.93130874633789
6942738260.jpg,64.3947368421053,68.53092193603516,77.1839599609375,72.06182479858398,70.90097069740295,74.62289237976074,74.1106788635254,75.13510589599609,74.62289237976074,74.62289237976074,72.85744094848633,71.9921371459961,73.72274475097656,72.85744094848633,72.85744094848633
8429377035.jpg,54.2754237288136,52.981422424316406,69.81320190429688,62.14137673377991,58.940041065216064,65.97728931903839,65.2101068019867,66.74447183609009,65.97728931903839,65.97728931903839,61.39731216430664,59.714134216308594,63.08049011230469,60.981422424316406,57.981422424316406
120328351.jpg,39.225,23.182462692260746,56.12883377075195,34.37979519367218,35.175806283950806,45.25431448221207,43.07941062450409,47.42921833992004,42.37979519367218,39.37979519367218,39.65564823150635,36.361011123657235,42.95028533935547,31.182462692260746,28.182462692260746
9341605084.jpg,77.4598214285714,84.5308837890625,78.62508392333984,75.64621567726135,79.8204243183136,77.1356498003006,76.83776297569275,77.43353662490844,77.1356498003006,77.1356498003006,81.57798385620117,82.16856384277344,80.9874038696289,81.57798385620117,81.57798385620117
5628885328.jpg,69.4092920353982,66.38910675048828,80.43504333496094,72.1772313117981,76.43316984176636,76.30613732337952,75.48035612106324,77.1319185256958,76.30613732337952,76.30613732337952,73.41207504272461,72.00748138427734,74.81666870117188,73.41207504272461,71.38910675048828
4996914779.jpg,52.525,56.72107696533203,73.189697265625,65.32254219055176,66.4807915687561,69.25611972808838,68.46940422058105,70.0428352355957,69.25611972808838,69.25611972808838,64.95538711547852,63.30852508544922,66.60224914550781,64.72107696533203,61.72107696533203
6913908117.jpg,45.2972972972973,64.52197265625,78.84420776367188,52.692484855651855,61.65639162063599,65.76834630966187,63.153174018859865,68.38351860046387,60.692484855651855,57.692484855651855,71.68309020996094,70.25086669921875,73.11531372070313,71.68309020996094,69.52197265625
8373449722.jpg,61.1764705882353,67.79507446289062,74.05077362060547,63.35248947143555,70.16241550445557,68.70163154602051,67.63180313110351,69.7714599609375,68.70163154602051,68.70163154602051,70.92292404174805,70.29735412597657,71.54849395751953,70.92292404174805,70.92292404174805
8724954192.jpg,43.6483050847458,42.89556503295898,75.65999603271484,54.61541414260864,55.90143203735352,65.13770508766174,63.03324689865113,67.24216327667236,62.61541414260864,59.61541414260864,59.277780532836914,56.00133743286133,62.554223632812494,50.89556503295898,47.89556503295898
450063799.jpg,61.3472222222222,59.49763870239258,73.29613494873047,71.1585521697998,79.07545566558838,72.22734355926514,72.01358528137207,72.4411018371582,72.22734355926514,72.22734355926514,66.39688682556152,65.01703720092775,67.77673645019532,66.39688682556152,64.49763870239258
6011443641.jpg,27.1012931034483,25.873764038085938,57.77482223510742,30.088624358177185,23.44512641429901,43.9317232966423,41.16310350894928,46.70034308433532,38.088624358177185,35.088624358177185,41.82429313659668,38.63418731689453,45.01439895629883,33.87376403808594,30.873764038085938
5107763844.jpg,65.3823529411765,61.035400390625,72.03874206542969,60.380709171295166,58.203959465026855,66.20972561836243,65.04392232894898,67.37552890777587,66.20972561836243,66.20972561836243,66.53707122802734,65.43673706054688,67.63740539550781,66.53707122802734,66.53707122802734
5180032640.jpg,68.2,53.54625701904297,67.95626068115234,65.11255502700806,59.98687744140625,66.5344078540802,66.25003728866577,66.81877841949463,66.5344078540802,66.5344078540802,60.751258850097656,59.31025848388672,62.19225921630859,60.751258850097656,58.54625701904297
10258169584.jpg,57.2302631578947,54.62159729003906,71.15896606445312,58.12001824378967,53.18089127540589,64.6394921541214,63.335597372055055,65.94338693618775,64.6394921541214,63.12001824378967,62.890281677246094,61.23654479980469,64.5440185546875,62.62159729003906,59.62159729003906
6128487555.jpg,34.9491150442478,29.638412475585938,70.18576049804688,37.931665778160095,37.740758061409,54.058713138103485,50.83330366611481,57.28412261009216,45.931665778160095,42.931665778160095,49.912086486816406,45.85735168457032,53.9668212890625,37.63841247558594,34.63841247558594
4193794378.jpg,11.4021739130435,13.572277069091797,46.4246711730957,14.969418942928314,9.811751544475555,30.69704505801201,27.551519834995272,33.84257028102874,22.969418942928314,19.969418942928314,29.99847412109375,26.713234710693364,33.283713531494136,21.572277069091797,18.572277069091797
8405979865.jpg,52.1240157480315,48.68414688110352,64.55142211914062,49.26515221595764,45.41299641132355,56.90828716754913,55.37966017723083,58.43691415786743,56.90828716754913,54.26515221595764,56.61778450012207,55.03105697631837,58.20451202392578,56.61778450012207,53.68414688110352
468764619.jpg,58.6065217391304,49.72646331787109,77.04991149902344,70.9463119506836,71.56564593315125,73.99811172485352,73.38775177001953,74.6084716796875,73.99811172485352,73.99811172485352,63.388187408447266,60.65584259033203,66.12053222656249,57.72646331787109,54.72646331787109
7265767786.jpg,76.5845588235294,80.87853240966797,74.53947448730469,77.36222743988037,81.19305968284607,75.95085096359253,76.23312625885009,75.66857566833497,75.95085096359253,75.95085096359253,77.70900344848633,78.34290924072266,77.07509765625,77.70900344848633,77.70900344848633
4837135935.jpg,63.6845794392523,67.75601959228516,73.6528549194336,66.85662269592285,67.38287806510925,70.25473880767822,69.57511558532715,70.93436203002929,70.25473880767822,70.25473880767822,70.70443725585938,70.11475372314453,71.29412078857422,70.70443725585938,70.70443725585938
6812098169.jpg,75.6284403669725,71.90330505371094,74.32408905029297,72.17640280723572,75.7702887058258,73.25024592876434,73.03547730445862,73.46501455307006,73.25024592876434,73.25024592876434,73.11369705200195,72.87161865234376,73.35577545166015,73.11369705200195,73.11369705200195
4784361629.jpg,60.9711538461538,55.226051330566406,72.34038543701172,49.52852427959442,54.72554564476013,60.93445485830307,58.65326874256134,63.215640974044796,57.52852427959442,54.52852427959442,63.78321838378906,62.07178497314453,65.4946517944336,63.226051330566406,60.226051330566406
11419816946.jpg,76.14375,74.81905364990234,74.46475219726562,74.03706312179565,79.02579307556152,74.25090765953064,74.20813875198364,74.29367656707763,74.25090765953064,74.25090765953064,74.64190292358398,74.67733306884766,74.60647277832031,74.64190292358398,74.64190292358398
9433458685.jpg,70.2584033613445,68.92601776123047,75.96876525878906,72.44842052459717,71.37699127197266,74.20859289169312,73.85655841827392,74.56062736511231,74.20859289169312,74.20859289169312,72.44739151000977,71.74311676025391,73.15166625976562,72.44739151000977,72.44739151000977
7582497202.jpg,65.95,60.89691162109375,71.16036987304688,69.87892389297485,67.52707362174988,70.51964688301086,70.39150228500367,70.64779148101806,70.51964688301086,70.51964688301086,66.02864074707031,65.002294921875,67.05498657226562,66.02864074707031,66.02864074707031
7975750167.jpg,71.640625,71.22598266601562,76.64515686035156,70.25129199028015,72.70572185516357,73.44822442531586,72.80883793830871,74.08761091232299,73.44822442531586,73.44822442531586,73.9355697631836,73.39365234375,74.47748718261718,73.9355697631836,73.9355697631836
313424539.jpg,75.1052631578947,70.24252319335938,73.62004089355469,70.40046453475952,72.45817184448242,72.0102527141571,71.68829507827759,72.33221035003662,72.0102527141571,72.0102527141571,71.93128204345703,71.5935302734375,72.26903381347657,71.93128204345703,71.93128204345703
5685877023.jpg,52.7098214285714,60.01799011230469,69.8454818725586,56.69819116592407,52.22880244255066,63.27183651924133,61.95710744857789,64.58656558990478,63.27183651924133,61.69819116592407,64.93173599243164,63.94898681640625,65.91448516845703,64.93173599243164,64.93173599243164
4940996206.jpg,69.0067567567568,62.152130126953125,72.41958618164062,69.34643983840942,69.68621015548706,70.88301301002502,70.5756983757019,71.19032764434814,70.88301301002502,70.88301301002502,67.28585815429688,66.25911254882811,68.31260375976562,67.28585815429688,67.28585815429688
4047658369.jpg,64.8,67.39323425292969,71.41919708251953,67.56391525268555,65.01226425170898,69.49155616760254,69.10602798461915,69.87708435058593,69.49155616760254,69.49155616760254,69.40621566772461,69.00361938476563,69.8088119506836,69.40621566772461,69.40621566772461
10041870415.jpg,66.4210526315789,72.75025177001953,76.5386962890625,71.9558596611023,75.98865628242493,74.2472779750824,73.78899431228638,74.70556163787842,74.2472779750824,74.2472779750824,74.64447402954102,74.26562957763672,75.02331848144532,74.64447402954102,74.64447402954102
7484588674.jpg,68.1891891891892,66.73797607421875,71.20757293701172,69.18389797210693,69.7356104850769,70.19573545455933,69.99336795806884,70.3981029510498,70.19573545455933,70.19573545455933,68.97277450561523,68.52581481933593,69.41973419189452,68.97277450561523,68.97277450561523
8613815314.jpg,63.0847457627119,69.26165008544922,75.90253448486328,71.92037105560303,76.40446424484253,73.91145277023315,73.51323642730713,74.30966911315917,73.91145277023315,73.91145277023315,72.58209228515625,71.91800384521484,73.24618072509766,72.58209228515625,72.58209228515625
6127342377.jpg,35.1478260869565,46.33689880371094,69.12479400634766,56.11394643783569,53.62850427627564,62.619370222091675,61.31828546524048,63.92045497894287,62.619370222091675,61.11394643783569,57.7308464050293,55.452056884765625,60.00963592529297,54.33689880371094,51.33689880371094
4696097531.jpg,64.3567961165049,62.26458740234375,73.37037658691406,63.77941370010376,71.34723663330078,68.57489514350891,67.61579885482789,69.53399143218994,68.57489514350891,68.57489514350891,67.8174819946289,66.70690307617187,68.92806091308594,67.8174819946289,67.8174819946289
899304128.jpg,63.9929906542056,73.08453369140625,73.35663604736328,76.23287439346313,79.40658926963806,74.79475522041321,75.0823790550232,74.50713138580322,74.79475522041321,74.79475522041321,73.22058486938477,73.19337463378906,73.24779510498047,73.22058486938477,73.22058486938477
4297818651.jpg,41.25,39.46611785888672,59.73104095458984,32.024553418159485,28.28633189201355,45.877797186374664,43.10714843273163,48.648445940017695,40.024553418159485,37.024553418159485,49.59857940673828,47.572087097167966,51.62507171630859,47.46611785888672,44.46611785888672
8183741020.jpg,66.6283783783784,58.12583541870117,73.38484954833984,67.88307428359985,67.50770807266235,70.63396191596985,70.08378438949585,71.18413944244384,70.63396191596985,70.63396191596985,65.75534248352051,64.22944107055665,67.28124389648437,65.75534248352051,63.12583541870117
4958737471.jpg,66.1438679245283,67.72394561767578,74.30052185058594,71.23939990997314,74.26736354827881,72.76996088027954,72.46384868621826,73.07607307434083,72.76996088027954,72.76996088027954,71.01223373413086,70.35457611083984,71.66989135742188,71.01223373413086,71.01223373413086
8601119886.jpg,66.8577586206897,76.16580200195312,74.56157684326172,66.7749285697937,68.5302734375,70.66825270652771,69.88958787918091,71.44691753387451,70.66825270652771,70.66825270652771,75.36368942260742,75.52411193847655,75.20326690673828,75.36368942260742,75.36368942260742
7393631040.jpg,75.7435897435897,74.08197021484375,73.52299499511719,73.41717481613159,73.46299886703491,73.47008490562439,73.45950288772583,73.48066692352295,73.47008490562439,73.47008490562439,73.80248260498047,73.85838012695314,73.74658508300782,73.80248260498047,73.80248260498047
8503429334.jpg,73.2413043478261,69.91696166992188,76.59947967529297,72.3021924495697,75.91629028320312,74.45083606243134,74.02110733985901,74.88056478500366,74.45083606243134,74.45083606243134,73.25822067260742,72.58996887207032,73.92647247314454,73.25822067260742,73.25822067260742
3112828024.jpg,63.6697247706422,63.65484237670898,82.73016357421875,67.12101101875305,80.7177722454071,74.9255872964859,73.36467204093933,76.48650255203248,74.9255872964859,72.12101101875305,73.19250297546387,71.28497085571288,75.10003509521485,71.65484237670898,68.65484237670898
8046864953.jpg,68.1891891891892,66.16645812988281,73.92256927490234,68.68221759796143,72.77226448059082,71.30239343643188,70.77835826873779,71.82642860412597,71.30239343643188,71.30239343643188,70.04451370239258,69.26890258789062,70.82012481689452,70.04451370239258,70.04451370239258
10745415703.jpg,69.1388888888889,59.9489860534668,70.35919952392578,70.41141390800476,64.75397944450378,70.38530671596527,70.39052815437317,70.38008527755737,70.38530671596527,70.38530671596527,65.15409278869629,64.11307144165039,66.19511413574219,65.15409278869629,65.15409278869629
160999577.jpg,30.5909090909091,44.72504425048828,59.22602844238281,28.716018795967106,19.08964365720749,43.97102361917496,40.92002265453338,47.022024583816524,36.7160187959671,33.7160187959671,51.97553634643555,50.525437927246095,53.42563476562499,51.97553634643555,49.72504425048828
7795515978.jpg,55.0833333333333,67.16629028320312,76.3568344116211,69.24481987953186,76.8169641494751,72.80082714557648,72.08962569236755,73.5120285987854,72.80082714557648,72.80082714557648,71.76156234741211,70.8425079345703,72.68061676025391,71.76156234741211,71.76156234741211
3467784087.jpg,69.925,71.31877136230469,75.61727905273438,69.1110610961914,72.6125717163086,72.36417007446289,71.71354827880859,73.0147918701172,72.36417007446289,72.36417007446289,73.46802520751953,73.03817443847656,73.8978759765625,73.46802520751953,73.46802520751953
8041987489.jpg,43.4181415929204,56.34941101074219,69.16155242919922,54.825711250305176,50.64040422439575,61.9936318397522,60.560047721862794,63.4272159576416,61.9936318397522,59.825711250305176,62.7554817199707,61.474267578125,64.03669586181641,62.7554817199707,61.34941101074219
3973813247.jpg,39.98125,47.104103088378906,65.50759887695312,44.23664510250092,44.496744871139526,54.87212198972702,52.745026612281805,56.99921736717225,52.23664510250092,49.23664510250092,56.305850982666016,54.465501403808595,58.14620056152344,55.104103088378906,52.104103088378906
7838423662.jpg,65.9778761061947,71.32877349853516,74.67695617675781,68.93711686134338,73.59185218811035,71.8070365190506,71.23305258750915,72.38102045059205,71.8070365190506,71.8070365190506,73.00286483764648,72.66804656982421,73.33768310546876,73.00286483764648,73.00286483764648
4018879156.jpg,38.2867647058824,49.03979110717773,68.54571533203125,54.582011699676514,47.347331047058105,61.56386351585388,60.167493152618405,62.96023387908935,61.56386351585388,59.582011699676514,58.79275321960449,56.842160797119135,60.743345642089835,57.03979110717773,54.03979110717773
5627315065.jpg,73.8397435897436,75.77778625488281,77.87107849121094,77.05329656600952,82.8667402267456,77.46218752861023,77.38040933609008,77.54396572113038,77.46218752861023,77.46218752861023,76.82443237304688,76.61510314941407,77.03376159667968,76.82443237304688,76.82443237304688
8904864157.jpg,68.5656934306569,60.89876556396485,72.97411346435547,65.5642032623291,66.6701078414917,69.26915836334229,68.52816734313964,70.01014938354493,69.26915836334229,69.26915836334229,66.93643951416016,65.7289047241211,68.14397430419922,66.93643951416016,65.89876556396484
9687081006.jpg,66.4701834862385,62.25019836425781,73.33987426757812,70.4928994178772,73.93823862075806,71.91638684272766,71.63168935775757,72.20108432769774,71.91638684272766,71.91638684272766,67.79503631591797,66.68606872558594,68.90400390625,67.79503631591797,67.79503631591797
5771887382.jpg,26.0966386554622,32.46229553222656,57.87139892578125,25.932732224464417,24.774150550365448,41.90206557512283,38.70819890499115,45.09593224525452,33.93273222446442,30.932732224464417,45.166847229003906,42.625936889648436,47.707757568359376,40.46229553222656,37.46229553222656
8848421856.jpg,56.1155462184874,52.82590103149414,72.73702239990234,61.93187236785889,72.56008982658386,67.33444738388062,66.25393238067628,68.41496238708496,67.33444738388062,67.33444738388062,62.78146171569824,60.79034957885742,64.77257385253907,60.82590103149414,57.82590103149414
8086705362.jpg,74.0021008403361,69.31254577636719,81.01325988769531,73.08729887008667,75.2199113368988,77.05027937889099,76.25768327713013,77.84287548065186,77.05027937889099,77.05027937889099,75.16290283203125,73.99283142089843,76.33297424316406,75.16290283203125,75.16290283203125
5363150332.jpg,55.2032710280374,67.80354309082031,78.91654205322266,69.1564679145813,76.69457793235779,74.03650498390198,73.06049757003784,75.0125123977661,74.03650498390198,74.03650498390198,73.36004257202148,72.24874267578124,74.47134246826172,73.36004257202148,73.36004257202148
2734143216.jpg,68.7331932773109,69.13365173339844,69.69586944580078,69.98664736747742,74.40515756607056,69.8412584066391,69.87033619880677,69.81218061447143,69.8412584066391,69.8412584066391,69.41476058959961,69.35853881835938,69.47098236083986,69.41476058959961,69.41476058959961
910637798.jpg,48.0691964285714,50.30162811279297,68.88423156738281,65.78633785247803,65.85156917572021,67.33528470993042,67.02549533843994,67.64507408142089,67.33528470993042,67.33528470993042,59.59292984008789,57.7346694946289,61.45119018554687,58.30162811279297,55.30162811279297
9910216783.jpg,78.462389380531,75.62445068359375,74.19676208496094,74.05983209609985,79.83957529067993,74.1282970905304,74.11460409164428,74.14199008941651,74.1282970905304,74.1282970905304,74.91060638427734,75.05337524414062,74.76783752441406,74.91060638427734,74.91060638427734
8642168798.jpg,62.695652173913,62.19793319702149,73.80549621582031,64.10369873046875,61.62809133529663,68.95459747314453,67.98441772460937,69.92477722167968,68.95459747314453,68.95459747314453,68.0017147064209,66.84095840454101,69.16247100830078,68.0017147064209,68.0017147064209
4619633197.jpg,77.4054054054054,80.89972686767578,71.95280456542969,75.87841153144836,73.91760349273682,73.91560804843903,74.30816874504089,73.52304735183716,73.91560804843903,73.91560804843903,76.42626571655273,77.32095794677734,75.53157348632813,76.42626571655273,76.42626571655273
8289927707.jpg,66.1081081081081,72.64891815185547,75.25550842285156,72.50163555145264,74.22300577163696,73.8785719871521,73.6031847000122,74.15395927429199,73.8785719871521,73.8785719871521,73.95221328735352,73.6915542602539,74.21287231445312,73.95221328735352,73.95221328735352
7892635308.jpg,70.4551282051282,71.42096710205078,74.4480972290039,67.9984450340271,68.58609318733215,71.2232711315155,70.57830591201783,71.86823635101318,71.2232711315155,71.2232711315155,72.93453216552734,72.63181915283204,73.23724517822265,72.93453216552734,72.93453216552734
6818454464.jpg,69.6013513513514,68.6759033203125,72.42017364501953,60.95656752586365,66.05061292648315,66.68837058544159,65.542009973526,67.83473119735717,66.68837058544159,66.68837058544159,70.54803848266602,70.17361145019531,70.92246551513672,70.54803848266602,70.54803848266602
3535978712.jpg,66.3060747663551,65.98489379882812,73.92826843261719,69.39051151275635,73.7688958644867,71.65938997268677,71.20561428070069,72.11316566467285,71.65938997268677,71.65938997268677,69.95658111572266,69.16224365234376,70.75091857910157,69.95658111572266,69.95658111572266
143899204.jpg,44.8625,55.28798294067383,66.7271957397461,51.81365609169006,54.64595556259155,59.27042591571808,57.77907195091248,60.76177988052368,59.27042591571808,56.81365609169006,61.00758934020996,59.86366806030273,62.15151062011719,61.00758934020996,61.00758934020996
4689159899.jpg,27.2697368421053,28.929636001586918,56.96892547607422,26.344573497772217,17.549538612365723,41.65674948692322,38.59431428909302,44.719184684753415,34.34457349777222,31.344573497772217,42.949280738830566,40.14535179138184,45.7532096862793,36.929636001586914,33.929636001586914
8611793668.jpg,68.2692307692308,63.465850830078125,80.04595947265625,72.06343412399292,77.55400538444519,76.05469679832458,75.25644426345826,76.8529493331909,76.05469679832458,76.05469679832458,71.75590515136719,70.09789428710937,73.413916015625,71.46585083007812,68.46585083007812
9351387644.jpg,84.4491150442478,81.06449890136719,85.45664978027344,79.93111610412598,86.09423041343689,82.6938829421997,82.14132957458497,83.24643630981444,82.6938829421997,82.6938829421997,83.26057434082031,82.82135925292968,83.69978942871094,83.26057434082031,83.26057434082031
5205821036.jpg,42.1769911504425,44.39481735229492,68.68238830566406,44.2068338394165,36.37083172798157,56.44461107254028,53.99705562591552,58.89216651916503,52.2068338394165,49.2068338394165,56.53860282897949,54.10984573364258,58.967359924316405,52.39481735229492,49.39481735229492
7533737270.jpg,81.23125,78.26978302001953,75.32984924316406,73.4439492225647,76.23614072799683,74.38689923286438,74.19830923080444,74.5754892349243,74.38689923286438,74.38689923286438,76.7998161315918,77.09380950927735,76.50582275390624,76.7998161315918,76.7998161315918
139999071.jpg,25.68125,51.847015380859375,64.061767578125,50.32380223274231,43.72727274894714,57.192784905433655,55.81898837089538,58.56658143997192,57.192784905433655,55.32380223274231,57.95439147949219,56.732916259765624,59.175866699218744,57.95439147949219,56.847015380859375
8988143845.jpg,63.9336283185841,65.05054473876953,76.068359375,66.92811250686646,70.76164484024048,71.49823594093323,70.58421125411988,72.41226062774658,71.49823594093323,71.49823594093323,70.55945205688477,69.45767059326172,71.6612335205078,70.55945205688477,70.55945205688477
3635405613.jpg,52.0608108108108,47.35814666748047,71.18009948730469,51.35229229927063,58.91905426979065,61.26619589328766,59.283415174484254,63.24897661209106,59.35229229927063,56.35229229927063,59.26912307739258,56.88692779541016,61.651318359375,55.35814666748047,52.35814666748047
7574416384.jpg,86.0044642857143,85.72537231445312,79.15180969238281,74.29593801498413,81.6017210483551,76.72387385368347,76.2382866859436,77.20946102142334,76.72387385368347,76.72387385368347,82.43859100341797,83.095947265625,81.78123474121094,82.43859100341797,82.43859100341797
9596892460.jpg,79.7219626168224,70.7259521484375,79.39124298095703,76.64893865585327,80.29195666313171,78.02009081840515,77.74586038589477,78.29432125091552,78.02009081840515,78.02009081840515,75.05859756469727,74.19206848144532,75.92512664794921,75.05859756469727,75.05859756469727
4016398417.jpg,61.2544642857143,61.11207962036133,79.79375457763672,60.51123142242432,63.91881704330444,70.15249300003052,68.22424068450928,72.08074531555177,68.51123142242432,65.51123142242432,70.45291709899902,68.58474960327149,72.32108459472656,69.11207962036133,66.11207962036133
409597917.jpg,40.251953125,35.481842041015625,66.43834686279297,46.95948362350464,45.52776217460632,56.698915243148804,54.751028919219976,58.64680156707764,54.95948362350464,51.95948362350464,50.9600944519043,47.864443969726565,54.055744934082036,43.481842041015625,40.481842041015625
5977841815.jpg,82.5673913043478,80.2682876586914,79.34190368652344,75.5925178527832,81.94712400436401,77.46721076965332,77.0922721862793,77.84214935302734,77.46721076965332,77.46721076965332,79.80509567260742,79.89773406982422,79.71245727539062,79.80509567260742,79.80509567260742
6864569694.jpg,65.8851351351351,67.47314453125,73.85423278808594,69.05825734138489,74.63899850845337,71.45624506473541,70.97664752006531,71.93584260940551,71.45624506473541,71.45624506473541,70.66368865966797,70.02557983398438,71.30179748535156,70.66368865966797,70.66368865966797
9615940305.jpg,69.1014150943396,75.54544067382812,76.23858642578125,72.27736115455627,77.73212194442749,74.25797379016876,73.86185126304626,74.65409631729125,74.25797379016876,74.25797379016876,75.89201354980469,75.82269897460938,75.961328125,75.89201354980469,75.89201354980469
9262147694.jpg,55.2142857142857,52.85413360595703,74.51139068603516,58.953166007995605,68.22518110275269,66.73227834701538,65.17645587921143,68.28810081481933,66.73227834701538,63.953166007995605,63.682762145996094,61.51703643798828,65.8484878540039,60.85413360595703,57.85413360595703
4178406108.jpg,32.2125,46.98189926147461,68.24578094482422,58.17273259162903,52.401548624038696,63.20925676822662,62.20195193290711,64.21656160354614,63.20925676822662,63.20925676822662,57.613840103149414,55.48745193481446,59.74022827148437,54.98189926147461,51.98189926147461
5752124692.jpg,76.525,72.02751159667969,75.22112274169922,73.37266206741333,76.304030418396,74.29689240455627,74.11204633712768,74.48173847198487,74.29689240455627,74.29689240455627,73.62431716918945,73.3049560546875,73.94367828369141,73.62431716918945,73.62431716918945
4668832694.jpg,68.121359223301,66.510498046875,73.84950256347656,73.64085912704468,76.28071308135986,73.74518084526062,73.72431650161744,73.7660451889038,73.74518084526062,73.74518084526062,70.18000030517578,69.44609985351562,70.91390075683594,70.18000030517578,70.18000030517578
5484776927.jpg,76.5641592920354,76.99429321289062,73.05562591552734,73.73744249343872,70.71571350097656,73.39653420448303,73.46471586227418,73.32835254669189,73.39653420448303,73.39653420448303,75.02495956420898,75.41882629394532,74.63109283447267,75.02495956420898,75.02495956420898
11260247205.jpg,74.7389380530973,67.95426940917969,73.04703521728516,72.09718227386475,77.94245481491089,72.57210874557495,72.47712345123291,72.66709403991699,72.57210874557495,72.57210874557495,70.50065231323242,69.99137573242189,71.00992889404297,70.50065231323242,70.50065231323242
10568567754.jpg,75.1782608695652,73.41153717041016,77.66314697265625,78.09033989906311,81.2418282032013,77.87674343585968,77.91946272850036,77.83402414321898,77.87674343585968,77.87674343585968,75.5373420715332,75.1121810913086,75.9625030517578,75.5373420715332,75.5373420715332
2142428164.jpg,74.0088495575221,66.56816864013672,75.71170043945312,63.98282051086426,68.83512735366821,69.84726047515869,68.6743724822998,71.02014846801757,69.84726047515869,69.84726047515869,71.13993453979492,70.22558135986328,72.05428771972656,71.13993453979492,71.13993453979492
8356375190.jpg,78.6311475409836,77.26521301269531,76.46952819824219,76.4462947845459,80.5826485157013,76.45791149139404,76.45558815002441,76.46023483276366,76.45791149139404,76.45791149139404,76.86737060546875,76.94693908691406,76.78780212402344,76.86737060546875,76.86737060546875
10213881683.jpg,37.1232142857143,22.41801071166992,59.82240676879883,27.602306008338928,22.68849015235901,43.71235638856888,40.49034631252289,46.93436646461487,35.60230600833893,32.60230600833893,41.120208740234375,37.37976913452148,44.86064834594727,30.41801071166992,27.41801071166992
8604870622.jpg,75.3230088495575,69.35338592529297,75.27616119384766,72.73938655853271,77.38545536994934,74.00777387619019,73.7540964126587,74.26145133972167,74.00777387619019,74.00777387619019,72.31477355957031,71.72249603271484,72.90705108642578,72.31477355957031,72.31477355957031
4524543534.jpg,61.8163716814159,62.01906967163086,73.60631561279297,66.9365406036377,67.37476587295532,70.27142810821533,69.60445060729981,70.93840560913085,70.27142810821533,70.27142810821533,67.81269264221191,66.6539680480957,68.97141723632814,67.81269264221191,67.81269264221191
9450353504.jpg,37.0853658536585,34.1584587097168,65.86235809326172,31.02136552333832,23.7125426530838,48.44186180830002,44.95776255130768,51.925961065292356,39.02136552333832,36.02136552333832,50.01040840148926,46.84001846313477,53.18079833984375,42.1584587097168,39.1584587097168
8381849363.jpg,72.8525641025641,72.92936706542969,78.98274230957031,73.39562177658081,80.2574098110199,76.18918204307556,75.63046998977661,76.74789409637451,76.18918204307556,76.18918204307556,75.9560546875,75.35071716308593,76.56139221191407,75.9560546875,75.9560546875
4429141481.jpg,71.8529411764706,69.14346313476562,75.9166259765625,74.5400071144104,75.7026195526123,75.22831654548645,75.09065465927124,75.36597843170165,75.22831654548645,75.22831654548645,72.53004455566406,71.85272827148438,73.20736083984374,72.53004455566406,72.53004455566406
8975860650.jpg,84.4956896551724,69.2547607421875,75.6372299194336,77.74999141693115,84.68731045722961,76.69361066818237,76.90488681793212,76.48233451843262,76.69361066818237,76.69361066818237,72.44599533081055,71.80774841308593,73.08424224853516,72.44599533081055,72.44599533081055
109825878.jpg,37.23125,46.51873016357422,67.34063720703125,44.132933020591736,42.41439402103424,55.73678511381149,53.41601469516755,58.057555532455446,52.132933020591736,49.132933020591736,56.929683685302734,54.84749298095703,59.01187438964844,54.51873016357422,51.51873016357422
9284861098.jpg,68.7678571428571,72.80270385742188,78.33647918701172,68.79206895828247,75.3180980682373,73.5642740726471,72.60983304977417,74.51871509552001,73.5642740726471,73.5642740726471,75.5695915222168,75.0162139892578,76.12296905517579,75.5695915222168,75.5695915222168
2848415190.jpg,72.6486486486486,72.28494262695312,75.24797058105469,67.41282939910889,72.5828766822815,71.33039999008179,70.54688587188721,72.11391410827636,71.33039999008179,71.33039999008179,73.7664566040039,73.47015380859375,74.06275939941406,73.7664566040039,73.7664566040039
5170894682.jpg,59.9911504424779,54.62952423095703,66.9800033569336,50.62715411186218,52.00243592262268,58.80357873439789,57.16829380989075,60.43886365890503,58.62715411186218,55.62715411186218,60.80476379394531,59.569715881347655,62.03981170654297,60.80476379394531,59.62952423095703
5577238906.jpg,72.1737288135593,65.46060943603516,76.87601470947266,72.13611602783203,76.07749104499817,74.50606536865234,74.03207550048828,74.98005523681641,74.50606536865234,74.50606536865234,71.1683120727539,70.02677154541016,72.30985260009766,71.1683120727539,71.1683120727539
145517507.jpg,41.35625,47.16156005859375,68.94446563720703,54.36244010925293,56.2684178352356,61.65345287322998,60.19525032043457,63.111655426025386,61.65345287322998,59.36244010925293,58.05301284790039,55.87472229003906,60.231303405761714,55.16156005859375,52.16156005859375
5298734322.jpg,64.9779411764706,66.69857025146484,81.94664001464844,71.2916374206543,76.3741672039032,76.61913871765137,75.55363845825195,77.68463897705078,76.61913871765137,76.61913871765137,74.32260513305664,72.79779815673828,75.847412109375,74.32260513305664,71.69857025146484
4456369143.jpg,62.385593220339,64.1249771118164,76.7264175415039,69.19512152671814,74.20244812965393,72.96076953411102,72.20763993263245,73.7138991355896,72.96076953411102,72.96076953411102,70.42569732666016,69.1655532836914,71.6858413696289,70.42569732666016,69.1249771118164
9758297555.jpg,54.2087155963303,60.953243255615234,70.58243560791016,67.94272661209106,70.90268135070801,69.26258111000061,68.9986102104187,69.52655200958252,69.26258111000061,69.26258111000061,65.7678394317627,64.8049201965332,66.73075866699219,65.7678394317627,65.7678394317627
5265556048.jpg,70.4663865546218,72.45767974853516,71.39228820800781,71.07363939285278,71.72890901565552,71.2329638004303,71.2010989189148,71.2648286819458,71.2329638004303,71.2329638004303,71.92498397827148,72.03152313232422,71.81844482421874,71.92498397827148,71.92498397827148
5711022887.jpg,63.1260869565217,63.798431396484375,73.68994140625,64.82120156288147,64.65008854866028,69.25557148456573,68.36869750022888,70.1424454689026,69.25557148456573,69.25557148456573,68.74418640136719,67.75503540039062,69.73333740234375,68.74418640136719,68.74418640136719
5483514140.jpg,74.760593220339,76.71678161621094,76.74126434326172,68.82544755935669,71.75918817520142,72.7833559513092,71.9917742729187,73.5749376296997,72.7833559513092,72.7833559513092,76.72902297973633,76.72657470703126,76.73147125244141,76.72902297973633,76.72902297973633
8387487827.jpg,65.0588235294118,67.52635955810547,77.57916259765625,67.88082122802734,71.0734486579895,72.7299919128418,71.76015777587891,73.69982604980468,72.7299919128418,72.7299919128418,72.55276107788086,71.54748077392578,73.55804138183593,72.55276107788086,72.55276107788086
8392513010.jpg,19.1061946902655,24.34171867370605,60.84355926513672,31.937074661254883,17.73901730775833,46.3903169631958,43.49966850280762,49.280965423583986,39.93707466125488,36.93707466125488,42.59263896942139,38.94245491027832,46.24282302856445,32.341718673706055,29.34171867370605
8585320404.jpg,66.853982300885,70.31771850585938,77.52320098876953,68.84514093399048,75.46485662460327,73.18417096138,72.3163649559021,74.05197696685791,73.18417096138,73.18417096138,73.92045974731445,73.19991149902344,74.64100799560546,73.92045974731445,73.92045974731445
3077626117.jpg,23.531512605042,35.67472076416016,60.96415328979492,22.664235532283783,21.704739332199097,41.81419441103935,37.98420263528824,45.64418618679046,30.664235532283783,27.664235532283783,48.31943702697754,45.790493774414074,50.84838027954102,43.67472076416016,40.67472076416016
9301174145.jpg,65.2,61.33106231689453,75.02198028564453,61.92254424095154,67.70533919334412,68.47226226329803,67.16231865882874,69.78220586776733,68.47226226329803,66.92254424095154,68.17652130126953,66.80742950439453,69.54561309814453,68.17652130126953,66.33106231689453
5138080527.jpg,64.7121848739496,75.9817886352539,75.37708282470703,67.54052639007568,72.01921939849854,71.45880460739136,70.67514896392822,72.24246025085449,71.45880460739136,71.45880460739136,75.67943572998047,75.73990631103516,75.61896514892578,75.67943572998047,75.67943572998047
4360105019.jpg,29.4652317880795,31.88121795654297,48.46973419189453,31.385859847068787,19.159014523029327,39.92779701948166,38.219409584999084,41.63618445396423,39.38585984706879,36.38585984706879,40.17547607421875,38.516624450683594,41.834327697753906,39.88121795654297,36.88121795654297
174715115.jpg,28.3151260504202,47.64986801147461,66.90543365478516,37.02167868614197,34.84753966331482,51.96355617046356,48.97518067359924,54.95193166732788,45.02167868614197,42.02167868614197,57.27765083312988,55.35209426879883,59.20320739746093,55.64986801147461,52.64986801147461
5103528737.jpg,33.1897321428571,51.17062759399414,70.58917999267578,52.78439521789551,54.14890646934509,61.686787605285645,59.90630912780762,63.46726608276367,60.78439521789551,57.78439521789551,60.87990379333496,58.9380485534668,62.82175903320312,59.17062759399414,56.17062759399414
4100096331.jpg,18.5405405405405,5.809630870819092,55.975772857666016,24.098792672157288,27.23217010498047,40.03728276491165,36.849584746360776,43.22498078346252,32.09879267215729,29.098792672157288,30.892701864242554,25.87608766555786,35.90931606292724,13.809630870819092,10.809630870819092
4353658003.jpg,15.09375,23.66188621520996,62.105735778808594,34.06473696231842,34.55482125282288,48.08523637056351,45.28113648891449,50.88933625221252,42.06473696231842,39.06473696231842,42.88381099700928,39.03942604064942,46.72819595336914,31.66188621520996,28.66188621520996
5999140032.jpg,43.7920560747664,49.3631706237793,71.2640151977539,41.5991872549057,43.440499901771545,56.4316012263298,53.46511843204499,59.398084020614625,49.5991872549057,46.5991872549057,60.3135929107666,58.12350845336914,62.50367736816406,57.3631706237793,54.3631706237793
8460376605.jpg,78.7857142857143,75.53408813476562,79.31571197509766,77.30050086975098,80.89547753334045,78.30810642242432,78.10658531188965,78.50962753295897,78.30810642242432,78.30810642242432,77.42490005493164,77.04673767089844,77.80306243896484,77.42490005493164,77.42490005493164
2298149104.jpg,63.0306603773585,76.65055847167969,76.00760650634766,66.88870787620544,72.3126471042633,71.44815719127655,70.53626732826233,72.36004705429076,71.44815719127655,71.44815719127655,76.32908248901367,76.39337768554688,76.26478729248046,76.32908248901367,76.32908248901367
53065971.jpg,23.5826271186441,31.611141204833984,67.2867431640625,39.77659344673157,45.94345986843109,53.531668305397034,50.78065333366394,56.282683277130126,47.77659344673157,44.77659344673157,49.44894218444824,45.88138198852539,53.016502380371094,39.611141204833984,36.611141204833984
8751106130.jpg,71.3454198473282,68.9640884399414,78.2699203491211,76.46130323410034,79.08331155776978,77.36561179161072,77.18475008010864,77.5464735031128,77.36561179161072,77.36561179161072,73.61700439453125,72.68642120361328,74.54758758544922,73.61700439453125,73.61700439453125
8679754087.jpg,55.0833333333333,58.94181442260742,74.6130599975586,56.32762908935547,59.88173484802246,65.47034454345703,63.64180145263672,67.29888763427735,64.32762908935547,61.32762908935547,66.77743721008301,65.21031265258789,68.34456176757813,66.77743721008301,63.94181442260742
296426748.jpg,27.0084745762712,20.91340446472168,61.436431884765625,23.688867688179016,17.036207020282745,42.56264978647232,38.78789336681366,46.33740620613098,31.688867688179016,28.688867688179016,41.17491817474365,37.12261543273926,45.227220916748045,28.91340446472168,25.91340446472168
11437542656.jpg,57.6041666666667,57.4766731262207,72.46574401855469,61.808979511260986,58.26211571693421,67.13736176490784,66.07168531417847,68.2030382156372,67.13736176490784,67.13736176490784,64.9712085723877,63.4723014831543,66.4701156616211,64.9712085723877,62.4766731262207
8532727626.jpg,70.4663865546218,69.75262451171875,76.61164855957031,64.51510190963745,68.55319738388062,70.56337523460388,69.3537205696106,71.77302989959716,70.56337523460388,69.51510190963745,73.18213653564453,72.49623413085938,73.8680389404297,73.18213653564453,73.18213653564453
2323279407.jpg,45.0924369747899,47.3298225402832,65.4075698852539,54.182422161102295,43.236032128334045,59.7949960231781,58.67248125076294,60.91751079559326,59.7949960231781,59.7949960231781,56.368696212768555,54.56092147827148,58.17647094726563,55.3298225402832,52.3298225402832
5062330348.jpg,68.2195652173913,74.71046447753906,73.3343505859375,67.18705892562866,71.90209031105042,70.26070475578308,69.6459755897522,70.87543392181396,70.26070475578308,70.26070475578308,74.02240753173828,74.16001892089844,73.88479614257812,74.02240753173828,74.02240753173828
4246091470.jpg,47.4799107142857,61.088661193847656,69.21627044677734,62.4706506729126,60.44766306877136,65.84346055984497,65.1688985824585,66.51802253723145,65.84346055984497,65.84346055984497,65.1524658203125,64.33970489501954,65.96522674560546,65.1524658203125,65.1524658203125
5189402195.jpg,50.5,46.03257751464844,73.45263671875,50.73779821395874,51.62217617034912,62.09521746635437,59.82373361587524,64.36670131683348,58.73779821395874,55.73779821395874,59.74260711669922,57.00060119628906,62.48461303710937,54.03257751464844,51.03257751464844
3159188052.jpg,40.7247899159664,48.38169479370117,67.90859985351562,57.36888647079468,51.07524394989014,62.63874316215515,61.58477182388306,63.69271450042724,62.63874316215515,62.63874316215515,58.1451473236084,56.192456817626955,60.09783782958984,56.38169479370117,53.38169479370117
8702518420.jpg,76.9568965517241,68.99472045898438,82.53414916992188,73.16482663154602,81.12199902534485,77.84948790073395,76.91255564689637,78.78642015457153,77.84948790073395,77.84948790073395,75.76443481445312,74.41049194335938,77.11837768554688,75.76443481445312,73.99472045898438
2852488757.jpg,71.4594594594595,70.98334503173828,75.7848892211914,72.16585874557495,74.87820386886597,73.97537398338318,73.61347093582154,74.33727703094482,73.97537398338318,73.97537398338318,73.38411712646484,72.90396270751953,73.86427154541016,73.38411712646484,73.38411712646484
7557808298.jpg,75.7610619469027,71.06578063964844,77.98998260498047,73.54987263679504,84.7786009311676,75.76992762088776,75.32591662406921,76.2139386177063,75.76992762088776,75.76992762088776,74.52788162231445,73.83546142578125,75.22030181884766,74.52788162231445,74.52788162231445
8696567124.jpg,35.0405405405405,41.32085037231445,67.8624038696289,37.88406550884247,30.11939823627472,52.87323468923569,49.875400853157046,55.87106852531433,45.88406550884247,42.88406550884247,54.59162712097168,51.93747177124024,57.24578247070312,49.32085037231445,46.32085037231445
6968409021.jpg,56.6701680672269,57.45854187011719,75.73322296142578,71.11070156097412,74.95495080947876,73.42196226119995,72.95971012115479,73.88421440124512,73.42196226119995,73.42196226119995,66.59588241577148,64.76841430664062,68.42335052490235,65.45854187011719,62.45854187011719
3482375790.jpg,62.05,56.27191162109375,72.41866302490234,66.54112935066223,67.51781105995178,69.47989618778229,68.89214282035827,70.06764955520629,69.47989618778229,69.47989618778229,64.34528732299805,62.73061218261719,65.9599624633789,64.27191162109375,61.27191162109375
2906945782.jpg,62.39375,62.240272521972656,71.87276458740234,60.501134395599365,67.94393658638,66.18694949150085,65.04978647232056,67.32411251068115,66.18694949150085,66.18694949150085,67.0565185546875,66.09326934814453,68.01976776123047,67.0565185546875,67.0565185546875
9648319367.jpg,69.9926470588235,70.63642120361328,76.392822265625,73.98282289505005,75.44753551483154,75.18782258033752,74.94682264328003,75.42882251739502,75.18782258033752,75.18782258033752,73.51462173461914,72.93898162841796,74.09026184082032,73.51462173461914,73.51462173461914
9034707954.jpg,57.2302631578947,61.265079498291016,63.892356872558594,51.81231498718262,48.19393754005432,57.852335929870605,56.644331741333005,59.0603401184082,57.852335929870605,56.81231498718262,62.578718185424805,62.31599044799805,62.84144592285156,62.578718185424805,62.578718185424805
2806740564.jpg,72.5245535714286,72.68791961669922,74.6607666015625,68.91483068466187,73.65442514419556,71.78779864311218,71.21320505142212,72.36239223480224,71.78779864311218,71.78779864311218,73.67434310913086,73.47705841064453,73.87162780761719,73.67434310913086,73.67434310913086
5869591890.jpg,70.2860169491525,71.35989379882812,78.12934875488281,72.71607518196106,79.25196886062622,75.42271196842194,74.88138461112976,75.96403932571411,75.42271196842194,75.42271196842194,74.74462127685547,74.06767578124999,75.42156677246093,74.74462127685547,74.74462127685547
5585956743.jpg,62.4930555555556,77.27421569824219,72.61750030517578,65.94099998474121,64.17193412780762,69.2792501449585,68.61160011291504,69.94690017700195,69.2792501449585,69.2792501449585,74.94585800170898,75.41152954101562,74.48018646240234,74.94585800170898,74.94585800170898
5993869890.jpg,75.6216216216216,77.80139923095703,76.72093963623047,75.91084241867065,86.08376383781433,76.31589102745056,76.23488130569459,76.39690074920654,76.31589102745056,76.31589102745056,77.26116943359375,77.36921539306641,77.15312347412109,77.26116943359375,77.26116943359375
5227449110.jpg,74.9726890756303,79.38797760009766,76.71185302734375,79.34446930885315,82.54122138023376,78.02816116809845,78.29142279624939,77.7648995399475,78.02816116809845,78.02816116809845,78.0499153137207,78.3175277709961,77.78230285644531,78.0499153137207,78.0499153137207
10787038944.jpg,60.4978813559322,53.79584503173828,71.07319641113281,57.893216609954834,62.58227825164795,64.48320651054382,63.16520853042603,65.80120449066162,64.48320651054382,62.893216609954834,62.43452072143555,60.70678558349609,64.162255859375,61.79584503173828,58.79584503173828
5578143578.jpg,72.4438775510204,77.57967376708984,78.81632995605469,70.65116167068481,73.68471622467041,74.73374581336975,73.91722898483276,75.55026264190673,74.73374581336975,74.73374581336975,78.19800186157227,78.07433624267578,78.32166748046875,78.19800186157227,78.19800186157227
3049913075.jpg,71.2103448275862,71.15757751464844,76.12285614013672,69.41820979118347,70.08051872253418,72.7705329656601,72.10006833076477,73.44099760055542,72.7705329656601,72.7705329656601,73.64021682739258,73.14368896484375,74.13674468994141,73.64021682739258,73.64021682739258
5444850191.jpg,67.2334905660377,71.48289489746094,75.63388061523438,73.0794906616211,77.98755764961243,74.35668563842773,74.1012466430664,74.61212463378905,74.35668563842773,74.35668563842773,73.55838775634766,73.1432891845703,73.973486328125,73.55838775634766,73.55838775634766
8058467090.jpg,38.35,47.65933227539063,64.13655853271484,38.07718753814697,32.539936900138855,51.10687303543091,48.50093593597413,53.7128101348877,46.07718753814697,43.07718753814697,55.897945404052734,54.25022277832032,57.54566802978516,55.65933227539063,52.65933227539063
272411695.jpg,15.2627118644068,17.885541915893555,62.878055572509766,24.888230860233307,22.280123829841614,43.883143216371536,40.08416074514389,47.68212568759918,32.88823086023331,29.888230860233307,40.38179874420166,35.88254737854004,44.88105010986328,25.885541915893555,22.885541915893555
4885242381.jpg,64.1013513513514,70.67176055908203,71.75634002685547,70.33394575119019,73.59602451324463,71.04514288902283,70.9029034614563,71.18738231658935,71.04514288902283,71.04514288902283,71.21405029296875,71.1055923461914,71.3225082397461,71.21405029296875,71.21405029296875
285149839.jpg,42.6989795918367,40.68303298950195,61.78231430053711,48.78888130187988,48.44495058059693,55.285597801208496,53.98625450134277,56.584941101074214,55.285597801208496,53.78888130187988,51.23267364501953,49.122745513916016,53.34260177612305,48.68303298950195,45.68303298950195
5449529114.jpg,72.3804347826087,69.31889343261719,72.11476135253906,67.88660287857056,70.63422203063965,70.00068211555481,69.57786626815796,70.42349796295166,70.00068211555481,70.00068211555481,70.71682739257812,70.43724060058594,70.99641418457031,70.71682739257812,70.71682739257812
6851326367.jpg,43.8445378151261,45.5140380859375,65.23174285888672,50.75706243515015,39.06663358211517,57.99440264701843,56.546934604644775,59.44187068939209,57.99440264701843,55.75706243515015,55.37289047241211,53.401119995117185,57.344660949707034,53.5140380859375,50.5140380859375
5709659001.jpg,21.0573394495413,12.825836181640623,49.12718200683594,32.7530711889267,18.455693125724792,40.94012659788132,39.302715516090394,42.57753767967224,40.7530711889267,37.7530711889267,30.97650909423828,27.34637451171875,34.60664367675781,20.825836181640625,17.825836181640625
9760551223.jpg,69.6344537815126,69.63523864746094,74.9018783569336,68.74370574951172,69.85722780227661,71.82279205322266,71.20697479248047,72.43860931396483,71.82279205322266,71.82279205322266,72.26855850219727,71.74189453125,72.79522247314452,72.26855850219727,72.26855850219727
9344542617.jpg,30.9237288135593,18.949373245239254,61.76240158081055,32.692429423332214,24.891038239002228,47.22741550207138,44.320418286323545,50.13441271781921,40.692429423332214,37.692429423332214,40.3558874130249,36.07458457946777,44.63719024658202,26.949373245239254,23.949373245239254
5053500577.jpg,65.1584821428571,70.81078338623047,75.55390930175781,62.87093162536621,70.60929536819458,69.21242046356201,67.94412269592286,70.48071823120117,69.21242046356201,67.87093162536621,73.18234634399414,72.70803375244141,73.65665893554689,73.18234634399414,73.18234634399414
4986510349.jpg,21.4152542372881,24.14153861999512,70.04997253417969,46.35543525218964,35.86686551570892,58.20270389318466,55.83325016498566,60.57215762138367,54.35543525218964,51.35543525218964,47.0957555770874,42.50491218566894,51.68659896850586,32.14153861999512,29.14153861999512
4495630749.jpg,76.35,83.14167022705078,77.5740737915039,76.07768177986145,81.39623403549194,76.82587778568268,76.67623858451843,76.97551698684691,76.82587778568268,76.82587778568268,80.35787200927734,80.91463165283203,79.80111236572264,80.35787200927734,80.35787200927734
5235250770.jpg,65.8950892857143,67.37648010253906,69.99913787841797,69.47450637817383,61.30954027175903,69.7368221282959,69.68435897827149,69.7892852783203,69.7368221282959,69.7368221282959,68.68780899047852,68.42554321289063,68.9500747680664,68.68780899047852,68.68780899047852
6853001361.jpg,75.1763392857143,74.55728149414062,70.82491302490234,71.76793813705444,72.27311134338379,71.2964255809784,71.3907280921936,71.20212306976319,71.2964255809784,71.2964255809784,72.69109725952148,73.06433410644532,72.31786041259765,72.69109725952148,72.69109725952148
3577744786.jpg,27.0526315789474,28.438419342041016,58.90205383300781,29.023432731628414,16.306115686893463,43.962743282318115,40.974881172180176,46.950605392456055,37.02343273162842,34.02343273162842,43.670236587524414,40.62387313842773,46.716600036621095,36.438419342041016,33.438419342041016
4046716515.jpg,41.0534351145038,50.11013412475586,70.37248229980469,55.42359948158264,43.095362186431885,62.898040890693665,61.403152608871466,64.39292917251586,62.898040890693665,60.42359948158264,60.24130821228027,58.21507339477539,62.26754302978516,58.11013412475586,55.11013412475586
379437662.jpg,68.6651376146789,67.71989440917969,75.65106964111328,70.76877355575562,74.09456372261047,73.20992159843445,72.72169198989869,73.69815120697021,73.20992159843445,73.20992159843445,71.68548202514648,70.89236450195312,72.47859954833984,71.68548202514648,71.68548202514648
6746049049.jpg,62.077731092437,62.492313385009766,77.28018188476562,62.84267902374268,69.11758184432983,70.06143045425415,68.61768016815185,71.50518074035645,70.06143045425415,67.84267902374268,69.8862476348877,68.4074607849121,71.36503448486329,69.8862476348877,67.49231338500977
1494601659.jpg,31.0481651376147,31.18897247314453,72.44029998779297,39.05022740364075,39.10998702049256,55.74526369571686,52.406256437301636,59.08427095413208,47.05022740364075,44.05022740364075,51.81463623046875,47.6895034790039,55.9397689819336,39.18897247314453,36.18897247314453
6512960549.jpg,65.8620689655172,68.25309753417969,70.71670532226562,68.59910488128662,56.935304403305054,69.65790510177612,69.44614505767822,69.86966514587402,69.65790510177612,69.65790510177612,69.48490142822266,69.23854064941406,69.73126220703125,69.48490142822266,69.48490142822266
9416795305.jpg,74.3173913043478,65.3636474609375,73.53523254394531,69.48909759521484,73.47050309181213,71.51216506958008,71.10755157470703,71.91677856445312,71.51216506958008,71.51216506958008,69.4494400024414,68.63228149414061,70.26659851074218,69.4494400024414,69.4494400024414
8246479044.jpg,63.9152173913043,58.38673782348633,75.39684295654297,62.764763832092285,62.49980926513672,69.08080339431763,67.81759548187256,70.3440113067627,69.08080339431763,67.76476383209229,66.89179039001465,65.19077987670897,68.59280090332031,66.38673782348633,63.38673782348633
8725613522.jpg,33.1680672268908,41.02598190307617,69.49507904052734,42.61416494846344,41.09812378883362,56.05462199449539,53.366530585289,58.74271340370178,50.61416494846344,47.61416494846344,55.26053047180176,52.41362075805664,58.10744018554687,49.02598190307617,46.02598190307617
1929087646.jpg,45.6470588235294,53.22292709350586,68.51417541503906,51.35239362716675,54.01080846786499,59.933284521102905,58.217106342315674,61.64946269989014,59.35239362716675,56.35239362716675,60.86855125427246,59.33942642211914,62.39767608642578,60.86855125427246,58.22292709350586
9770742411.jpg,70.6,71.73497772216797,79.03985595703125,72.11722731590271,83.87846350669861,75.57854163646698,74.88627877235413,76.27080450057983,75.57854163646698,75.57854163646698,75.38741683959961,74.65692901611328,76.11790466308594,75.38741683959961,75.38741683959961
4871444135.jpg,72.7972972972973,74.1712417602539,85.45915985107422,72.30716943740845,81.9814383983612,78.88316464424133,77.56796560287475,80.19836368560792,78.88316464424133,77.30716943740845,79.81520080566406,78.68640899658203,80.9439926147461,79.81520080566406,79.81520080566406
7841859142.jpg,60.9554455445545,57.57066345214844,72.25499725341797,58.56579542160034,59.451282024383545,65.41039633750916,64.0414761543274,66.77931652069091,65.41039633750916,63.56579542160034,64.9128303527832,63.44439697265625,66.38126373291016,64.9128303527832,62.57066345214844
8732646741.jpg,54.313025210084,74.813232421875,76.95783233642578,70.91259956359863,77.60811448097229,73.9352159500122,73.3306926727295,74.53973922729492,73.9352159500122,73.9352159500122,75.88553237915039,75.67107238769532,76.09999237060546,75.88553237915039,75.88553237915039
8423036726.jpg,72.8029661016949,75.01262664794922,78.01232147216797,68.7395989894867,69.35142278671265,73.37596023082733,72.4486879825592,74.30323247909546,73.37596023082733,73.37596023082733,76.5124740600586,76.21250457763672,76.81244354248047,76.5124740600586,76.5124740600586
5393136028.jpg,55.140625,48.084415435791016,69.41967010498047,57.52272009849548,59.632474184036255,63.471195101737976,62.28150010108948,64.66089010238647,63.471195101737976,63.471195101737976,58.75204277038574,56.618517303466795,60.88556823730469,56.084415435791016,53.084415435791016
8427827661.jpg,54.4827586206897,59.03618240356445,70.48458099365234,63.60607147216797,56.966400146484375,67.04532623291016,66.35747528076172,67.7331771850586,67.04532623291016,67.04532623291016,64.7603816986084,63.61554183959961,65.90522155761718,64.7603816986084,64.7603816986084
5257312652.jpg,78.9428571428571,76.91349792480469,77.50593566894531,76.42903327941895,81.63301944732666,76.96748447418213,76.85979423522949,77.07517471313477,76.96748447418213,76.96748447418213,77.209716796875,77.15047302246094,77.26896057128906,77.209716796875,77.209716796875
1812202754.jpg,78.4661016949153,68.83426666259766,77.49557495117188,65.03195762634277,67.79202222824097,71.26376628875732,70.01740455627441,72.51012802124023,71.26376628875732,70.03195762634277,73.16492080688477,72.29878997802734,74.03105163574219,73.16492080688477,73.16492080688477
5590179803.jpg,57.475,62.52311706542969,69.21762084960938,63.32518458366394,57.92035460472107,66.27140271663666,65.68215909004212,66.8606463432312,66.27140271663666,66.27140271663666,65.87036895751953,65.20091857910157,66.5398193359375,65.87036895751953,65.87036895751953
5421015027.jpg,66.0294117647059,73.76875305175781,75.8907699584961,72.483891248703,77.46366262435913,74.18733060359955,73.84664273262024,74.52801847457886,74.18733060359955,74.18733060359955,74.82976150512695,74.61755981445313,75.04196319580078,74.82976150512695,74.82976150512695
5124180488.jpg,82.7567567567568,81.35536193847656,73.67668914794922,74.78846311569214,73.35801124572754,74.23257613182068,74.34375352859497,74.12139873504638,74.23257613182068,74.23257613182068,77.51602554321289,78.28389282226563,76.74815826416015,77.51602554321289,77.51602554321289
8481265200.jpg,70.3970588235294,69.27317810058594,73.26343536376953,74.84307289123535,76.4495849609375,74.05325412750244,74.21121788024902,73.89529037475586,74.05325412750244,74.05325412750244,71.26830673217773,70.86928100585936,71.66733245849609,71.26830673217773,71.26830673217773
7978282630.jpg,50.9852941176471,54.013790130615234,72.52986907958984,59.0704619884491,61.42275333404541,65.80016553401947,64.4542248249054,67.14610624313354,65.80016553401947,64.0704619884491,63.27182960510254,61.42022171020508,65.1234375,62.013790130615234,59.013790130615234
298392087.jpg,64.2242990654206,63.69400405883789,78.24346923828125,61.96863651275635,61.70116662979126,70.1060528755188,68.4785696029663,71.7335361480713,69.96863651275635,66.96863651275635,70.96873664855957,69.51379013061523,72.4236831665039,70.96873664855957,68.69400405883789
6306859998.jpg,72.3625,63.20455932617188,75.76079559326172,68.45312118530273,76.9391417503357,72.10695838928223,71.37619094848633,72.83772583007811,72.10695838928223,72.10695838928223,69.4826774597168,68.22705383300782,70.73830108642578,69.4826774597168,68.20455932617188
10603218265.jpg,71.8616071428571,73.51622772216797,72.00928497314453,69.30563449859619,69.84448432922363,70.65745973587036,70.38709468841553,70.92782478332519,70.65745973587036,70.65745973587036,72.76275634765625,72.9134506225586,72.6120620727539,72.76275634765625,72.76275634765625
2579041082.jpg,63.5096153846154,56.94678497314453,69.98774719238281,59.846657514572144,59.21586751937866,64.91720235347748,63.90309338569641,65.93131132125853,64.91720235347748,64.91720235347748,63.46726608276367,62.163169860839844,64.7713623046875,63.46726608276367,61.94678497314453
4178645830.jpg,69.1673728813559,62.11152267456055,70.61758422851562,63.12757730484009,68.47453117370605,66.87258076667786,66.1235800743103,67.62158145904542,66.87258076667786,66.87258076667786,66.36455345153809,65.51394729614258,67.2151596069336,66.36455345153809,66.36455345153809
3358754066.jpg,40.7434782608696,52.79906463623047,65.23519897460938,44.50377821922302,43.68214011192322,54.8694885969162,52.796346521377565,56.94263067245483,52.50377821922302,49.50377821922302,59.01713180541992,57.77351837158203,60.260745239257815,59.01713180541992,57.79906463623047
5854130158.jpg,60.125,55.856536865234375,73.0630111694336,61.71534061431885,62.05106973648071,67.38917589187622,66.25440883636475,68.5239429473877,67.38917589187622,67.38917589187622,64.45977401733398,62.73912658691406,66.1804214477539,63.856536865234375,60.856536865234375
4357293162.jpg,71.4745762711864,71.47865295410156,78.2649917602539,70.53707242012024,75.0436782836914,74.40103209018707,73.6282401561737,75.17382402420043,74.40103209018707,74.40103209018707,74.87182235717773,74.1931884765625,75.55045623779296,74.87182235717773,74.87182235717773
5700146083.jpg,73.0550458715596,70.81647491455078,79.54642486572266,75.00455975532532,84.04555916786194,77.27549231052399,76.82130579948425,77.72967882156371,77.27549231052399,77.27549231052399,75.18144989013672,74.30845489501954,76.0544448852539,75.18144989013672,75.18144989013672
494236256.jpg,38.6926605504587,30.12432861328125,70.92499542236328,43.06104481220245,45.34818530082703,56.99302011728287,54.20662505626679,59.77941517829895,51.06104481220245,48.06104481220245,50.524662017822266,46.44459533691406,54.60472869873047,38.12432861328125,35.12432861328125
7113461019.jpg,51.5076335877863,55.37303161621094,73.33970642089844,65.86573123931885,66.01682305335999,69.60271883010864,68.85532131195069,70.3501163482666,69.60271883010864,69.60271883010864,64.35636901855469,62.55970153808593,66.15303649902344,63.37303161621094,60.37303161621094
6419135601.jpg,63.35625,61.1506233215332,74.92008209228516,67.29477643966675,67.9463267326355,71.10742926597595,70.34489870071411,71.8699598312378,71.10742926597595,71.10742926597595,68.03535270690918,66.65840682983398,69.41229858398438,68.03535270690918,66.1506233215332
8596963541.jpg,42.7702702702703,61.45187377929688,71.24653625488281,54.52042818069458,54.388511180877686,62.883482217788696,61.210871410369876,64.55609302520752,62.52042818069458,59.52042818069458,66.34920501708984,65.36973876953125,67.32867126464843,66.34920501708984,66.34920501708984
6663294041.jpg,57.8815789473684,49.26852798461914,75.23258209228516,63.52921724319458,65.50307869911194,69.38089966773987,68.21056318283081,70.55123615264893,69.38089966773987,69.38089966773987,62.25055503845215,59.65414962768554,64.84696044921876,57.26852798461914,54.26852798461914
3178679066.jpg,79.5172413793103,83.31155395507812,76.12031555175781,75.66442489624023,81.83954954147339,75.89237022399902,75.84678115844727,75.93795928955078,75.89237022399902,75.89237022399902,79.71593475341797,80.43505859375,78.99681091308594,79.71593475341797,79.71593475341797
561215186.jpg,63.4955752212389,55.609519958496094,70.57027435302734,69.9409008026123,70.96536755561829,70.25558757781982,70.19265022277833,70.31852493286132,70.25558757781982,70.25558757781982,63.08989715576172,61.5938217163086,64.58597259521486,63.08989715576172,60.609519958496094
1947195937.jpg,41.0818584070796,32.05131530761719,64.96334075927734,49.70307946205139,46.628013253211975,57.33321011066437,55.80718398094177,58.85923624038696,57.33321011066437,54.70307946205139,48.507328033447266,45.21612548828125,51.79853057861328,40.05131530761719,37.05131530761719
3020768905.jpg,69.0137795275591,67.92020416259766,74.37033081054688,66.13101959228516,71.55574560165405,70.25067520141602,69.42674407958984,71.0746063232422,70.25067520141602,70.25067520141602,71.14526748657227,70.50025482177735,71.79028015136718,71.14526748657227,71.14526748657227
4519546786.jpg,59.395652173913,67.24165344238281,69.07648468017578,69.76807117462158,63.40550184249878,69.42227792739868,69.49143657684326,69.35311927795411,69.42227792739868,69.42227792739868,68.1590690612793,67.9755859375,68.3425521850586,68.1590690612793,68.1590690612793
3589240869.jpg,68.8922018348624,78.3841552734375,77.72494506835938,69.44966316223145,75.7572889328003,73.58730411529541,72.75977592468261,74.41483230590819,73.58730411529541,73.58730411529541,78.05455017089844,78.12047119140625,77.98862915039062,78.05455017089844,78.05455017089844
3653350159.jpg,76.3617021276596,69.72759246826172,74.49198150634766,69.15459036827087,72.79907464981079,71.82328593730927,71.28954682350158,72.35702505111695,71.82328593730927,71.82328593730927,72.10978698730469,71.63334808349609,72.58622589111329,72.10978698730469,72.10978698730469
5626243539.jpg,44.6592920353982,40.84577560424805,48.66351318359375,44.02466714382172,33.98485779762268,46.34409016370773,45.880205559730534,46.80797476768494,46.34409016370773,46.34409016370773,44.7546443939209,43.972870635986325,45.53641815185547,44.7546443939209,44.7546443939209
8016790601.jpg,68.609756097561,71.4303970336914,74.0835189819336,73.7773060798645,75.452721118927,73.93041253089905,73.89979124069214,73.96103382110596,73.93041253089905,73.93041253089905,72.7569580078125,72.49164581298828,73.02227020263672,72.7569580078125,72.7569580078125
2649433967.jpg,33.1160714285714,31.63595390319824,70.49503326416016,46.46196365356445,41.424331068992615,58.478498458862305,56.075191497802734,60.881805419921875,54.46196365356445,51.46196365356445,51.0654935836792,47.179585647583,54.95140151977539,39.63595390319824,36.63595390319824
3840546727.jpg,52.8571428571429,49.913612365722656,72.72262573242188,62.03383207321167,65.6792402267456,67.37822890281677,66.30934953689575,68.4471082687378,67.37822890281677,67.37822890281677,61.318119049072266,59.03721771240234,63.59902038574219,57.913612365722656,54.913612365722656
3026154930.jpg,56.61875,66.82860565185547,74.22357177734375,58.76234173774719,54.95637059211731,66.49295675754547,64.94683375358582,68.03907976150512,66.49295675754547,63.76234173774719,70.52608871459961,69.78659210205078,71.26558532714844,70.52608871459961,70.52608871459961
10459022813.jpg,79.9642857142857,78.82022094726562,77.31888580322266,75.15155076980591,80.17774820327759,76.23521828651428,76.01848478317261,76.45195178985595,76.23521828651428,76.23521828651428,78.06955337524414,78.21968688964844,77.91941986083984,78.06955337524414,78.06955337524414
2726553628.jpg,64.4891304347826,63.61766052246094,72.16800689697266,70.4321026802063,73.84800910949707,71.30005478858948,71.12646436691284,71.47364521026611,71.30005478858948,71.30005478858948,67.8928337097168,67.03779907226561,68.74786834716797,67.8928337097168,67.8928337097168
5756343761.jpg,75.7702702702703,65.93313598632812,76.26004791259766,74.10556077957153,81.8013846874237,75.1828043460846,74.96735563278199,75.3982530593872,75.1828043460846,75.1828043460846,71.09659194946289,70.06390075683593,72.12928314208985,71.09659194946289,71.09659194946289
5474201544.jpg,65.0630434782609,63.92975616455078,75.91865539550781,74.90884065628052,85.2787435054779,75.41374802589417,75.31276655197144,75.5147294998169,75.41374802589417,75.41374802589417,69.9242057800293,68.72531585693359,71.123095703125,69.9242057800293,69.9242057800293
6016351794.jpg,70.4258474576271,68.24798583984375,73.136962890625,72.52850532531738,79.48983907699585,72.83273410797119,72.77188835144042,72.89357986450196,72.83273410797119,72.83273410797119,70.69247436523438,70.20357666015624,71.1813720703125,70.69247436523438,70.69247436523438
8266041849.jpg,68.1785714285714,65.60430908203125,75.05680847167969,70.27871608734131,76.03043913841248,72.6677622795105,72.18995304107666,73.14557151794433,72.6677622795105,72.6677622795105,70.33055877685547,69.38530883789062,71.27580871582032,70.33055877685547,70.33055877685547
5828251146.jpg,56.1322115384615,62.87835311889648,66.94786834716797,62.87165880203247,64.00976181030273,64.90976357460022,64.50214262008667,65.31738452911377,64.90976357460022,64.90976357460022,64.91311073303223,64.50615921020508,65.32006225585937,64.91311073303223,64.91311073303223
324220404.jpg,62.6100917431193,67.70630645751953,75.71714782714844,70.47305703163147,76.54038667678833,73.09510242938995,72.57069334983825,73.61951150894166,73.09510242938995,73.09510242938995,71.71172714233398,70.9106430053711,72.51281127929687,71.71172714233398,71.71172714233398
7744113492.jpg,52.1205357142857,60.6948127746582,72.84403991699219,66.27587676048279,68.47648620605469,69.55995833873749,68.90314202308655,70.21677465438842,69.55995833873749,69.55995833873749,66.7694263458252,65.5545036315918,67.98434906005859,66.7694263458252,65.6948127746582
2113239475.jpg,58.5328947368421,52.25493621826172,65.8061752319336,48.40638041496277,50.3402590751648,57.10627782344818,55.366298341751104,58.846257305145265,56.40638041496277,53.40638041496277,59.030555725097656,57.67543182373047,60.38567962646485,59.030555725097656,57.25493621826172
1302738127.jpg,75.8141025641026,77.71105194091797,81.54434204101562,76.45117044448853,84.4323992729187,78.99775624275208,78.48843908309937,79.50707340240479,78.99775624275208,78.99775624275208,79.6276969909668,79.24436798095704,80.01102600097656,79.6276969909668,79.6276969909668
3638870308.jpg,56.1285046728972,48.22336196899414,72.16346740722656,65.55513739585876,66.24207496643066,68.85930240154266,68.19846940040588,69.52013540267944,68.85930240154266,68.85930240154266,60.19341468811035,57.79940414428711,62.587425231933594,56.22336196899414,53.22336196899414
5690945868.jpg,74.9630434782609,70.62519073486328,78.48821258544922,70.12722492218018,78.81636023521423,74.3077187538147,73.4716199874878,75.1438175201416,74.3077187538147,74.3077187538147,74.55670166015625,73.77039947509766,75.34300384521484,74.55670166015625,74.55670166015625
11503076944.jpg,79.0464601769911,74.60147857666016,80.29917907714844,77.17621922492981,85.34120917320251,78.73769915103912,78.42540316581727,79.04999513626097,78.73769915103912,78.73769915103912,77.4503288269043,76.88055877685548,78.02009887695311,77.4503288269043,77.4503288269043
9034716133.jpg,77.2546728971963,74.33705139160156,76.88280487060547,79.07358407974243,85.69455146789551,77.97819447517395,78.19727239608764,77.75911655426026,77.97819447517395,77.97819447517395,75.60992813110352,75.35535278320313,75.8645034790039,75.60992813110352,75.60992813110352
6011182310.jpg,30.4955752212389,35.116817474365234,60.34552764892578,37.13674247264862,40.47908782958984,48.7411350607872,46.42025654315948,51.06201357841491,45.13674247264862,42.13674247264862,47.73117256164551,45.20830154418945,50.25404357910156,43.116817474365234,40.116817474365234
5091406011.jpg,69.4527027027027,66.6323013305664,71.48462677001953,60.2971613407135,66.87736511230469,65.89089405536652,64.77214751243591,67.00964059829712,65.89089405536652,65.89089405536652,69.05846405029297,68.57323150634765,69.54369659423828,69.05846405029297,69.05846405029297
6102774302.jpg,58.1260504201681,56.92109298706055,72.10165405273438,55.04040718078613,55.89749813079834,63.571030616760254,61.86490592956543,65.27715530395508,63.04040718078613,60.04040718078613,64.51137351989746,62.993317413330075,66.02942962646485,64.51137351989746,61.92109298706055
7175697564.jpg,71.125,74.34709167480469,77.03511810302734,75.69104433059692,80.54972887039185,76.36308121681213,76.2286738395691,76.49748859405517,76.36308121681213,76.36308121681213,75.69110488891602,75.42230224609375,75.95990753173828,75.69110488891602,75.69110488891602
4371356797.jpg,49.3409090909091,60.29300308227539,70.16190338134766,54.17687892913818,57.06788301467896,62.16939115524292,60.57088871002197,63.767893600463864,62.16939115524292,59.17687892913818,65.22745323181152,64.24056320190431,66.21434326171875,65.22745323181152,65.22745323181152
9967844514.jpg,65.2548076923077,63.86053085327149,76.6864242553711,75.25992393493652,81.34130835533142,75.97317409515381,75.83052406311035,76.11582412719727,75.97317409515381,75.97317409515381,70.27347755432129,68.99088821411132,71.55606689453126,70.27347755432129,68.86053085327148
7250719968.jpg,76.4514563106796,81.81964874267578,74.11689758300781,76.55109763145447,75.6763756275177,75.33399760723114,75.5774176120758,75.09057760238647,75.33399760723114,75.33399760723114,77.9682731628418,78.7385482788086,77.197998046875,77.9682731628418,77.9682731628418
10086300493.jpg,68.3026315789474,72.7567138671875,75.74433898925781,71.32869958877563,72.97403812408447,73.53651928901672,73.09495534896851,73.97808322906494,73.53651928901672,73.53651928901672,74.25052642822266,73.95176391601562,74.54928894042969,74.25052642822266,74.25052642822266
8351013561.jpg,52.6858974358974,54.57367706298828,70.43009185791016,65.10376930236816,60.10161638259888,67.76693058013916,67.23429832458496,68.29956283569337,67.76693058013916,67.76693058013916,62.50188446044922,60.91624298095703,64.0875259399414,62.50188446044922,59.57367706298828
4360193081.jpg,72.8235294117647,80.43538665771484,76.11060333251953,66.10738039016724,73.5981822013855,71.10899186134338,70.10866956710815,72.1093141555786,71.10899186134338,71.10899186134338,78.27299499511719,78.70547332763672,77.84051666259765,78.27299499511719,78.27299499511719
8292596709.jpg,49.4331896551724,69.19412231445312,75.96052551269531,63.80842924118042,69.57517862319946,69.88447737693787,68.66926774978637,71.09968700408936,69.88447737693787,68.80842924118042,72.57732391357422,71.90068359375,73.25396423339843,72.57732391357422,72.57732391357422
7906332480.jpg,65.2,61.978946685791016,77.18064880371094,68.18608045578003,70.63493728637695,72.68336462974548,71.7839077949524,73.58282146453857,72.68336462974548,72.68336462974548,69.57979774475098,68.05962753295898,71.09996795654297,69.57979774475098,66.97894668579102
6251689254.jpg,44.425,55.02998733520508,76.13581848144531,68.28116774559021,68.88828873634338,72.20849311351776,71.42302803993225,72.99395818710326,72.20849311351776,72.20849311351776,65.5829029083252,63.472319793701175,67.69348602294922,63.02998733520508,60.02998733520508
5670774641.jpg,66.9243119266055,68.51380920410156,80.45015716552734,71.10519409179688,75.20409822463989,75.77767562866211,74.84317932128906,76.71217193603516,75.77767562866211,75.77767562866211,74.48198318481445,73.28834838867188,75.67561798095703,74.48198318481445,74.48198318481445
7914714726.jpg,76.9717391304348,69.00469970703125,78.53645324707031,62.21107244491577,71.6405987739563,70.37376284599304,68.74122476577759,72.0063009262085,70.21107244491577,67.21107244491577,73.77057647705078,72.81740112304686,74.72375183105468,73.77057647705078,73.77057647705078
3011247965.jpg,55.2567567567568,54.25245666503906,70.01971435546875,56.39108419418335,54.070109128952026,63.20539927482605,61.84253625869751,64.56826229095458,63.20539927482605,61.39108419418335,62.136085510253906,60.55935974121094,63.71281127929687,62.136085510253906,59.25245666503906
8494992418.jpg,69.002427184466,52.70481491088867,68.2596664428711,58.46583843231201,56.82231783866882,63.36275243759155,62.38336963653565,64.34213523864746,63.36275243759155,63.36275243759155,60.48224067687988,58.92675552368164,62.037725830078124,60.48224067687988,57.70481491088867
6711319143.jpg,74.5625,65.55633544921875,75.0104751586914,69.46073770523071,70.68703174591064,72.23560643196106,71.68063268661498,72.79058017730713,72.23560643196106,72.23560643196106,70.28340530395508,69.3379913330078,71.22881927490235,70.28340530395508,70.28340530395508
5977893194.jpg,59.6907894736842,50.633419036865234,70.27615356445312,58.34013223648071,63.72361183166504,64.30814290046692,63.11454076766968,65.50174503326416,64.30814290046692,64.30814290046692,60.45478630065918,58.49051284790039,62.41905975341797,58.633419036865234,55.633419036865234
5952945336.jpg,67.6991525423729,72.71459197998047,77.58783721923828,73.49902391433716,77.84208655357361,75.54343056678772,75.1345492362976,75.95231189727784,75.54343056678772,75.54343056678772,75.15121459960938,74.6638900756836,75.63853912353515,75.15121459960938,75.15121459960938
4935990245.jpg,57.3621495327103,66.28314208984375,74.33740997314453,65.709787607193,65.62434434890747,70.02359879016876,69.1608365535736,70.88636102676392,70.02359879016876,70.02359879016876,70.31027603149414,69.50484924316406,71.11570281982422,70.31027603149414,70.31027603149414
5856115357.jpg,52.1351351351351,59.00293350219727,65.81922912597656,43.86497139930725,46.032264828681946,54.84210026264191,52.64667448997498,57.03752603530884,51.86497139930725,48.86497139930725,62.411081314086914,61.729451751708986,63.09271087646485,62.411081314086914,62.411081314086914
11163249414.jpg,67.9611650485437,60.08354949951172,69.27859497070312,56.974345445632935,58.87329578399658,63.12647020816803,61.89604525566101,64.35689516067504,63.12647020816803,61.974345445632935,64.68107223510742,63.761567687988276,65.60057678222657,64.68107223510742,64.68107223510742
1289162225.jpg,62.1470588235294,60.35943984985352,70.20198059082031,69.94479298591614,69.6636974811554,70.07338678836823,70.0476680278778,70.09910554885863,70.07338678836823,70.07338678836823,65.28071022033691,64.29645614624023,66.2649642944336,65.28071022033691,65.28071022033691
10783395635.jpg,71.9915966386555,70.38111877441406,76.44454193115234,69.5877730846405,74.45796132087708,73.01615750789642,72.33048062324524,73.7018343925476,73.01615750789642,73.01615750789642,73.4128303527832,72.80648803710938,74.01917266845703,73.4128303527832,73.4128303527832
8607324496.jpg,50.3398058252427,48.63209915161133,66.03600311279297,49.67922866344452,36.91209256649017,57.857615888118744,56.2219384431839,59.493293333053586,57.67922866344452,54.67922866344452,57.33405113220215,55.59366073608399,59.07444152832031,56.63209915161133,53.63209915161133
8215413789.jpg,65.4285714285714,68.31453704833984,74.37762451171875,68.4927225112915,68.81752610206604,71.43517351150513,70.8466833114624,72.02366371154784,71.43517351150513,71.43517351150513,71.3460807800293,70.73977203369141,71.95238952636718,71.3460807800293,71.3460807800293
5018846919.jpg,47.4158878504673,65.67591857910156,71.31210327148438,57.72511959075928,58.92684459686279,64.51861143112183,63.159913063049316,65.87730979919434,64.51861143112183,62.72511959075928,68.49401092529297,67.93039245605468,69.05762939453125,68.49401092529297,68.49401092529297
8520265759.jpg,52.8362831858407,48.18381118774414,66.87451171875,65.18896818161011,67.99529790878296,66.03173995018005,65.86318559646607,66.20029430389404,66.03173995018005,66.03173995018005,57.52916145324707,55.660091400146484,59.398231506347656,56.18381118774414,53.18381118774414
6308697965.jpg,57.8965517241379,64.6944808959961,70.34729766845703,61.34774684906006,56.95635080337525,65.84752225875854,64.94756717681885,66.74747734069824,65.84752225875854,65.84752225875854,67.52088928222656,66.95560760498047,68.08617095947265,67.52088928222656,67.52088928222656
2431828879.jpg,54.4516806722689,59.382930755615234,79.4633560180664,66.7387843132019,69.00824308395386,73.10107016563416,71.82861299514771,74.3735273361206,73.10107016563416,71.7387843132019,69.42314338684082,67.41510086059571,71.43118591308594,67.38293075561523,64.38293075561523
5568534829.jpg,58.3080357142857,59.36140441894531,72.06757354736328,62.00305223464966,64.6238923072815,67.03531289100647,66.02886075973511,68.04176502227783,67.03531289100647,67.03531289100647,65.7144889831543,64.4438720703125,66.9851058959961,65.7144889831543,64.36140441894531
6940429128.jpg,40.225,50.30582809448242,66.2052001953125,33.734312653541565,23.182952404022217,49.96975642442703,46.72266767024994,53.216845178604125,41.734312653541565,38.734312653541565,58.25551414489746,56.66557693481445,59.84545135498047,58.25551414489746,55.30582809448242
3253636665.jpg,77.79375,82.36566162109375,76.63031768798828,75.32219290733337,79.68631386756897,75.97625529766083,75.84544281959533,76.1070677757263,75.97625529766083,75.97625529766083,79.49798965454102,80.07152404785157,78.92445526123046,79.49798965454102,79.49798965454102
8498158756.jpg,83.3366336633663,81.47978210449219,72.79678344726562,73.48248362541199,75.45539140701294,73.1396335363388,73.20820355415344,73.07106351852417,73.1396335363388,73.1396335363388,77.1382827758789,78.00658264160157,76.26998291015624,77.1382827758789,77.1382827758789
10264984793.jpg,66.1,70.93392181396484,67.79116821289062,69.5189118385315,64.11933898925781,68.65504002571106,68.82781438827514,68.48226566314696,68.65504002571106,68.65504002571106,69.36254501342773,69.67682037353515,69.04826965332032,69.36254501342773,69.36254501342773
7222733996.jpg,76.9,70.45909118652344,79.24676513671875,74.27321672439575,80.7593822479248,76.75999093055725,76.26263608932496,77.25734577178955,76.75999093055725,76.75999093055725,74.8529281616211,73.97416076660156,75.73169555664063,74.8529281616211,74.8529281616211
8660939599.jpg,70.0841121495327,71.73824310302734,87.20120239257812,70.14167308807373,77.33995318412781,78.67143774032593,76.96548480987549,80.37739067077636,78.14167308807373,75.14167308807373,79.46972274780273,77.92342681884766,81.01601867675781,79.46972274780273,76.73824310302734
2608308562.jpg,68.1785714285714,65.56171417236328,73.68460845947266,63.97807002067566,64.77457880973816,68.83133924007416,67.86068539619446,69.80199308395385,68.83133924007416,68.83133924007416,69.62316131591797,68.81087188720703,70.4354507446289,69.62316131591797,69.62316131591797
11143825565.jpg,62.3550420168067,58.81125259399414,76.77554321289062,65.21732807159424,72.82736301422119,70.99643564224243,69.84061412811279,72.15225715637206,70.99643564224243,70.99643564224243,67.79339790344238,65.99696884155273,69.58982696533204,66.81125259399414,63.81125259399414
10692667386.jpg,71.9033018867924,72.31226348876953,76.61112213134766,74.43243265151978,80.03014922142029,75.52177739143372,75.30390844345092,75.73964633941651,75.52177739143372,75.52177739143372,74.4616928100586,74.03180694580078,74.8915786743164,74.4616928100586,74.4616928100586
4551121129.jpg,80.9173913043478,69.60706329345703,76.12004852294922,72.92486429214478,77.67808437347412,74.522456407547,74.20293798446656,74.84197483062744,74.522456407547,74.522456407547,72.86355590820312,72.2122573852539,73.51485443115234,72.86355590820312,72.86355590820312
7089392359.jpg,71.8310810810811,76.97189331054688,79.11625671386719,72.92531132698059,80.13807535171509,76.02078402042389,75.40168948173523,76.63987855911255,76.02078402042389,76.02078402042389,78.04407501220703,77.829638671875,78.25851135253906,78.04407501220703,78.04407501220703
6052980564.jpg,68.7331932773109,68.8527603149414,73.0379867553711,74.31414127349854,80.84200024604797,73.67606401443481,73.80367946624756,73.54844856262207,73.67606401443481,73.67606401443481,70.94537353515625,70.52685089111327,71.36389617919922,70.94537353515625,70.94537353515625
136287514.jpg,22.79375,52.94675827026367,74.73665618896484,51.9802987575531,56.18157386779785,63.35847747325897,61.0828417301178,65.63411321640015,59.9802987575531,56.9802987575531,63.84170722961426,61.66271743774414,66.02069702148438,60.94675827026367,57.94675827026367
8259557757.jpg,63.3509615384615,66.66519165039062,76.25446319580078,59.47918891906738,62.60994076728821,67.86682605743408,66.18929862976074,69.54435348510742,67.47918891906738,64.47918891906738,71.4598274230957,70.50090026855469,72.41875457763672,71.4598274230957,71.4598274230957
18238731.jpg,21.1666666666667,20.87717056274414,61.99107360839844,22.96023368835449,16.719764471054077,42.475653648376465,38.57256965637207,46.378737640380855,30.96023368835449,27.96023368835449,41.43412208557129,37.32273178100586,45.545512390136714,28.87717056274414,25.87717056274414
8320909145.jpg,60.4908256880734,54.11267852783203,68.16262817382812,57.29365348815918,60.0811779499054,62.72814083099365,61.64124336242676,63.81503829956055,62.72814083099365,62.72814083099365,61.13765335083008,59.73265838623047,62.54264831542969,61.13765335083008,59.11267852783203
9477685137.jpg,66.1160714285714,70.05690002441406,78.26105499267578,66.96105003356934,74.82165098190308,72.61105251312256,71.48105201721191,73.74105300903321,72.61105251312256,72.61105251312256,74.15897750854492,73.33856201171875,74.9793930053711,74.15897750854492,74.15897750854492
2060529660.jpg,43.2456896551724,44.66054534912109,72.47289276123047,45.10366916656494,42.74314045906067,58.788280963897705,56.05135860443116,61.52520332336426,53.10366916656494,50.10366916656494,58.56671905517578,55.785484313964844,61.34795379638672,52.66054534912109,49.66054534912109
8710250301.jpg,70.1003184713376,69.27725219726562,74.6902847290039,68.17410588264465,68.44871044158936,71.43219530582428,70.78057742118835,72.0838131904602,71.43219530582428,71.43219530582428,71.98376846313477,71.44246520996094,72.52507171630859,71.98376846313477,71.98376846313477
10923819485.jpg,40.8275862068966,52.30900955200195,61.67258834838867,30.72265088558197,28.74000668525696,46.19761961698532,43.10262587070466,49.29261336326599,38.72265088558197,35.72265088558197,56.99079895019531,56.05444107055664,57.92715682983399,56.99079895019531,56.99079895019531
6469390735.jpg,39.1737288135593,47.12569046020508,73.87716674804688,46.57236039638519,42.891496419906616,60.224763572216034,57.49428293704987,62.9552442073822,54.57236039638519,51.57236039638519,60.50142860412598,57.8262809753418,63.17657623291015,55.12569046020508,52.12569046020508
5932454750.jpg,64.675,75.19017791748047,77.0457763671875,73.60250353813171,82.63689279556274,75.3241399526596,74.97981266975403,75.66846723556517,75.3241399526596,75.3241399526596,76.11797714233398,75.93241729736329,76.30353698730468,76.11797714233398,76.11797714233398
5955821366.jpg,63.6029411764706,60.74846649169922,74.56802368164062,63.80953788757324,69.29571628570557,69.18878078460693,68.1129322052002,70.26462936401367,69.18878078460693,69.18878078460693,67.65824508666992,66.27628936767579,69.04020080566406,67.65824508666992,65.74846649169922
451764144.jpg,63.7139830508475,66.44383239746094,78.97216033935547,66.65937900543213,72.06035256385803,72.8157696723938,71.58449153900146,74.04704780578612,72.8157696723938,71.65937900543213,72.7079963684082,71.45516357421874,73.96082916259766,72.7079963684082,71.44383239746094
8362126677.jpg,64.9932432432432,71.9015121459961,77.37609100341797,69.94119882583618,71.03747129440308,73.65864491462708,72.9151556968689,74.40213413238524,73.65864491462708,73.65864491462708,74.63880157470703,74.09134368896484,75.18625946044921,74.63880157470703,74.63880157470703
5219241121.jpg,68.8877118644068,69.50511932373047,71.77906799316406,69.73193883895874,71.22832536697388,70.7555034160614,70.55079050064087,70.96021633148193,70.7555034160614,70.7555034160614,70.64209365844727,70.41469879150391,70.86948852539062,70.64209365844727,70.64209365844727
8121860471.jpg,66.2373949579832,74.21379089355469,72.61062622070312,73.39995503425598,75.07262229919434,73.00529062747955,73.08422350883484,72.92635774612427,73.00529062747955,73.00529062747955,73.4122085571289,73.57252502441406,73.25189208984375,73.4122085571289,73.4122085571289
6439499095.jpg,67.525,67.20481872558594,75.7157211303711,67.41361618041992,68.80505084991455,71.56466865539551,70.7344581604004,72.39487915039062,71.56466865539551,71.56466865539551,71.46026992797852,70.6091796875,72.31136016845703,71.46026992797852,71.46026992797852
9094228395.jpg,61.3053097345133,62.063697814941406,75.3298568725586,65.21598100662231,66.44856929779053,70.27291893959045,69.26153135299683,71.28430652618408,70.27291893959045,70.27291893959045,68.69677734375,67.37016143798829,70.02339324951171,68.69677734375,67.0636978149414
434127863.jpg,58.3080357142857,55.91862487792969,77.14299774169922,65.10440111160278,65.80172181129456,71.123699426651,69.91983976364136,72.32755908966064,71.123699426651,70.10440111160278,66.53081130981445,64.4083740234375,68.65324859619142,63.91862487792969,60.91862487792969
346617779.jpg,21.9144736842105,14.9413423538208,50.88920593261719,18.46136748790741,13.278526067733765,34.6752867102623,31.43250286579132,37.918070554733276,26.46136748790741,23.46136748790741,32.915274143218994,29.320487785339353,36.510060501098636,22.9413423538208,19.9413423538208
9102604497.jpg,41.8608490566038,55.30854415893555,65.19625854492188,53.53577733039856,52.08204984664917,59.36601793766022,58.19996981620788,60.532066059112545,59.36601793766022,59.36601793766022,60.25240135192871,59.26362991333008,61.241172790527344,60.25240135192871,60.25240135192871
5748824865.jpg,42.1026785714286,34.64326095581055,75.3493423461914,48.25809001922608,51.20424628257752,61.80371618270874,59.09459095001221,64.51284141540528,56.25809001922608,53.25809001922608,54.99630165100098,50.92569351196289,59.06690979003906,42.64326095581055,39.64326095581055
5871593028.jpg,64.5169902912621,62.24655151367188,68.4201889038086,60.48271656036377,57.24153518676758,64.45145273208618,63.6577054977417,65.24519996643066,64.45145273208618,64.45145273208618,65.33337020874023,64.71600646972657,65.9507339477539,65.33337020874023,65.33337020874023
11302087114.jpg,65.5441176470588,61.22970199584961,70.97040557861328,49.9721109867096,50.49595832824707,60.47125828266144,58.37142882347108,62.57108774185181,57.9721109867096,54.9721109867096,66.10005378723145,65.12598342895508,67.07412414550781,66.10005378723145,66.10005378723145
2980838635.jpg,65.3648648648649,69.69010162353516,81.49689483642578,70.87889909744263,71.09237313270569,76.1878969669342,75.12609739303589,77.24969654083252,76.1878969669342,76.1878969669342,75.59349822998047,74.4128189086914,76.77417755126953,75.59349822998047,75.59349822998047
4193696727.jpg,56.1631355932203,58.87244415283203,76.14501190185547,64.67257738113403,64.96164202690125,70.40879464149475,69.2615511894226,71.55603809356688,70.40879464149475,70.40879464149475,67.50872802734375,65.7814712524414,69.2359848022461,66.87244415283203,63.87244415283203
4261186099.jpg,45.4,49.8619499206543,72.15314483642578,47.54563271999359,50.30456781387329,59.849388778209686,57.38863756656647,62.31013998985291,55.54563271999359,52.54563271999359,61.00754737854004,58.77842788696289,63.23666687011719,57.8619499206543,54.8619499206543
6327903295.jpg,67.978813559322,69.26807403564453,74.32806396484375,67.30116009712219,72.08625674247742,70.81461203098297,70.11192164421081,71.51730241775513,70.81461203098297,70.81461203098297,71.79806900024414,71.29207000732421,72.30406799316407,71.79806900024414,71.79806900024414
6652263581.jpg,49.5987394957983,66.15863800048828,78.05990600585938,72.68568277359009,75.33007860183716,75.37279438972473,74.8353720664978,75.91021671295167,75.37279438972473,75.37279438972473,72.10927200317383,70.91914520263671,73.29939880371094,72.10927200317383,72.10927200317383
2753587179.jpg,61.6850961538462,64.7254867553711,71.45255279541016,68.35558414459229,75.21716952323914,69.90406847000122,69.59437160491943,70.213765335083,69.90406847000122,69.90406847000122,68.08901977539062,67.41631317138672,68.76172637939453,68.08901977539062,68.08901977539062
9859562873.jpg,36.2834821428571,41.41080093383789,71.56600952148438,59.265899658203125,59.08583402633667,65.41595458984375,64.18594360351562,66.64596557617188,65.41595458984375,64.26589965820312,56.48840522766113,53.47288436889649,59.50392608642578,49.41080093383789,46.41080093383789
8322994549.jpg,54.3600917431193,46.07526397705078,63.985618591308594,56.61269426345825,48.25443923473358,60.29915642738342,59.56186399459839,61.036448860168456,60.29915642738342,60.29915642738342,55.03044128417969,53.23940582275391,56.821476745605466,54.07526397705078,51.07526397705078
10843403305.jpg,69.9299065420561,63.464141845703125,70.84931945800781,70.66223621368408,70.33455967903137,70.75577783584595,70.73706951141358,70.77448616027831,70.75577783584595,70.75577783584595,67.15673065185547,66.418212890625,67.89524841308594,67.15673065185547,67.15673065185547
7173197243.jpg,75.3886554621849,67.50556182861328,77.3228759765625,67.3663079738617,73.18129539489746,72.3445919752121,71.34893517494201,73.34024877548217,72.3445919752121,72.3445919752121,72.41421890258789,71.43248748779297,73.39595031738281,72.41421890258789,72.41421890258789
8985551582.jpg,42.9673913043478,27.231494903564453,63.41176223754883,35.529181361198425,37.3178631067276,49.47047179937363,46.682213711738584,52.25872988700866,43.529181361198425,40.529181361198425,45.32162857055664,41.7036018371582,48.93965530395508,35.23149490356445,32.23149490356445
5656752407.jpg,77.1869565217391,73.82353973388672,77.07648468017578,74.82494711875916,78.4022331237793,75.95071589946747,75.7255621433258,76.17586965560912,75.95071589946747,75.95071589946747,75.45001220703125,75.12471771240234,75.77530670166016,75.45001220703125,75.45001220703125
5941719690.jpg,68.125,51.44718551635742,71.6080551147461,69.70727443695068,72.29069471359253,70.65766477584839,70.46758670806885,70.84774284362793,70.65766477584839,70.65766477584839,61.52762031555176,59.51153335571289,63.543707275390624,59.44718551635742,56.44718551635742
5192051586.jpg,54.2888888888889,54.16168212890625,73.95236206054688,66.07646346092224,68.67073178291321,70.01441276073456,69.22682290077209,70.80200262069701,70.01441276073456,70.01441276073456,64.05702209472656,62.0779541015625,66.03609008789061,62.16168212890625,59.16168212890625
7665609968.jpg,69.3881578947368,66.2729263305664,77.03313446044922,71.80038690567017,78.74407172203064,74.41676068305969,73.89348592758179,74.94003543853759,74.41676068305969,74.41676068305969,71.65303039550781,70.57700958251954,72.72905120849609,71.65303039550781,71.65303039550781
8552550792.jpg,46.9861111111111,44.5063591003418,66.54804229736328,49.986088275909424,47.64473736286163,58.26706528663635,56.61086988449097,59.92326068878174,57.986088275909424,54.986088275909424,55.52720069885254,53.32303237915039,57.73136901855469,52.5063591003418,49.5063591003418
7264968696.jpg,70.813679245283,67.35074615478516,78.6689682006836,72.35678434371948,78.75171899795532,75.51287627220154,74.88165788650512,76.14409465789794,75.51287627220154,75.51287627220154,73.00985717773438,71.87803497314454,74.14167938232421,73.00985717773438,73.00985717773438
8481724236.jpg,42.0384615384615,49.39984130859375,70.56038665771484,48.6544668674469,47.31669723987579,59.60742676258087,57.41683478355408,61.79801874160766,56.6544668674469,53.6544668674469,59.9801139831543,57.86405944824219,62.096168518066406,57.39984130859375,54.39984130859375
5407907045.jpg,48.1637168141593,46.05704498291016,68.6094970703125,51.904529333114624,45.75873017311096,60.25701320171356,58.58651642799377,61.927509975433345,59.904529333114624,56.904529333114624,57.33327102661133,55.078025817871094,59.58851623535156,54.05704498291016,51.05704498291016
3455882031.jpg,42.1782608695652,49.417442321777344,73.31698608398438,60.8083963394165,68.90754699707031,67.06269121170044,65.81183223724365,68.31355018615722,67.06269121170044,65.8083963394165,61.36721420288086,58.97725982666016,63.75716857910156,57.417442321777344,54.417442321777344
9724373732.jpg,65.8541666666667,58.64347076416016,77.39359283447266,61.23393774032593,70.5895185470581,69.31376528739929,67.69779977798461,70.92973079681397,69.23393774032593,66.23393774032593,68.0185317993164,66.14351959228516,69.89354400634767,66.64347076416016,63.64347076416016
531477784.jpg,13.1323529411765,16.555482864379883,62.69306564331055,20.260532200336456,17.48884618282318,41.4767989218235,37.233545577526094,45.72005226612091,28.260532200336456,25.260532200336456,39.624274253845215,35.010515975952146,44.238032531738284,24.555482864379883,21.555482864379883
304760277.jpg,74.2660550458716,75.8399887084961,76.04798126220703,73.50630760192871,77.19125151634216,74.77714443206787,74.52297706604004,75.0313117980957,74.77714443206787,74.77714443206787,75.94398498535156,75.92318572998047,75.96478424072265,75.94398498535156,75.94398498535156
5270848965.jpg,67.515625,68.86308288574219,72.84355163574219,68.35076808929443,67.89809465408325,70.59715986251831,70.14788150787354,71.04643821716309,70.59715986251831,70.59715986251831,70.85331726074219,70.45527038574218,71.2513641357422,70.85331726074219,70.85331726074219
2631446955.jpg,79.925,72.89404296875,75.9412841796875,73.1618344783783,80.63477277755737,74.5515593290329,74.27361435890198,74.82950429916382,74.5515593290329,74.5515593290329,74.41766357421875,74.112939453125,74.7223876953125,74.41766357421875,74.41766357421875
8054439590.jpg,37.3846153846154,47.58526611328125,76.14372253417969,58.654069900512695,63.383835554122925,67.39889621734619,65.64993095397949,69.14786148071289,66.6540699005127,63.654069900512695,61.86449432373047,59.00864868164062,64.72033996582032,55.58526611328125,52.58526611328125
7448606010.jpg,50.5,32.96136474609375,63.30862045288086,51.22350454330444,55.76678514480591,57.26606249809265,56.05755090713501,58.47457408905029,57.26606249809265,56.22350454330444,48.134992599487305,45.10026702880859,51.169718170166014,40.96136474609375,37.96136474609375
9935149655.jpg,53.6730769230769,54.49848937988281,70.71114349365234,67.43104457855225,63.56503963470459,69.0710940361023,68.74308414459229,69.3991039276123,69.0710940361023,69.0710940361023,62.60481643676758,60.983551025390625,64.22608184814453,62.49848937988281,59.49848937988281
8212301132.jpg,54.8214285714286,55.095680236816406,66.74906158447266,57.234638929367065,65.26250839233398,61.99185025691986,61.0404079914093,62.94329252243042,61.99185025691986,61.99185025691986,60.92237091064453,59.757032775878905,62.08770904541016,60.92237091064453,60.92237091064453
4965455693.jpg,48.9217391304348,68.9387435913086,73.4049301147461,65.16561508178711,68.58288645744324,69.2852725982666,68.4613410949707,70.1092041015625,69.2852725982666,69.2852725982666,71.17183685302734,70.7252182006836,71.61845550537109,71.17183685302734,71.17183685302734
5544820783.jpg,42.8289473684211,45.40620803833008,71.25479125976562,50.80723166465759,47.36064970493317,61.03101146221161,58.98625550270081,63.07576742172241,58.80723166465759,55.80723166465759,58.33049964904785,55.7456413269043,60.915357971191405,53.40620803833008,50.40620803833008
3100436628.jpg,56.4036697247706,53.22736740112305,68.8025131225586,53.28328609466553,50.7264256477356,61.04289960861206,59.490976905822755,62.594822311401366,61.04289960861206,58.28328609466553,61.01494026184082,59.45742568969727,62.572454833984374,61.01494026184082,58.22736740112305
1375320148.jpg,55.15,60.17081069946289,73.79182434082031,56.77659511566162,57.21380114555359,65.28420972824097,63.5826868057251,66.98573265075683,64.77659511566162,61.77659511566162,66.9813175201416,65.61921615600586,68.34341888427736,66.9813175201416,65.17081069946289
6006544496.jpg,49.1973684210526,57.39460372924805,68.44840240478516,55.87292909622192,48.69670867919922,62.16066575050354,60.903118419647214,63.41821308135986,62.16066575050354,60.87292909622192,62.9215030670166,61.81612319946289,64.02688293457031,62.9215030670166,62.9215030670166
7823939538.jpg,74.8913043478261,59.50886917114258,76.1199951171875,67.5405740737915,75.94537734985352,71.8302845954895,70.9723424911499,72.6882266998291,71.8302845954895,71.8302845954895,67.81443214416504,66.15331954956054,69.47554473876953,67.50886917114258,64.50886917114258
8250498441.jpg,60.8125,54.5802116394043,71.7422103881836,53.00685167312622,54.86475229263306,62.37453103065491,60.50099515914917,64.24806690216064,61.00685167312622,58.00685167312622,63.161211013793945,61.445011138916016,64.87741088867188,62.5802116394043,59.5802116394043
3809644203.jpg,60.8514150943396,52.758785247802734,71.8644027709961,58.55172872543335,62.371665239334106,65.20806574821472,63.87679834365845,66.539333152771,65.20806574821472,63.55172872543335,62.311594009399414,60.401032257080075,64.22215576171875,60.758785247802734,57.758785247802734
18438855.jpg,74.6207627118644,68.34354400634766,71.69481658935547,73.09210896492004,74.6228814125061,72.39346277713776,72.53319201469421,72.2537335395813,72.39346277713776,72.39346277713776,70.01918029785156,69.68405303955078,70.35430755615235,70.01918029785156,70.01918029785156
1429120335.jpg,59.5675675675676,50.47168731689453,67.74332427978516,61.819636821746826,55.11771440505981,64.78148055076599,64.18911180496215,65.37384929656983,64.78148055076599,64.78148055076599,59.107505798339844,57.38034210205078,60.834669494628905,58.47168731689453,55.47168731689453
6759678037.jpg,8.41806722689076,18.861068725585938,51.91448593139648,24.72855895757675,13.646019995212557,38.32152244448662,35.60292974710464,41.04011514186858,32.72855895757675,29.72855895757675,35.38777732849121,32.082435607910156,38.69311904907226,26.861068725585938,23.861068725585938
6884968602.jpg,36.2372881355932,48.225921630859375,69.24541473388672,45.70074379444122,47.15195298194885,57.47307926416397,55.11861217021942,59.82754635810852,53.70074379444122,50.70074379444122,58.73566818237305,56.63371887207031,60.83761749267578,56.225921630859375,53.225921630859375
460276399.jpg,64.8097345132743,60.30190658569336,71.81460571289062,62.98353672027588,66.49150848388672,67.39907121658325,66.51596431732177,68.28217811584472,67.39907121658325,67.39907121658325,66.05825614929199,64.90698623657227,67.20952606201172,66.05825614929199,66.05825614929199
7057320569.jpg,70.1544117647059,67.27751159667969,76.76480865478516,76.3074517250061,77.48565077781677,76.53613018989563,76.49039449691773,76.58186588287353,76.53613018989563,76.53613018989563,72.02116012573242,71.07243041992187,72.96988983154297,72.02116012573242,72.02116012573242
8391500206.jpg,46.2635135135135,48.6174201965332,69.73663330078125,42.773765325546265,43.55749189853668,56.25519931316376,53.55891251564026,58.951486110687256,50.773765325546265,47.773765325546265,59.17702674865723,57.06510543823242,61.28894805908203,56.6174201965332,53.6174201965332
4743492963.jpg,40.8876146788991,34.84632873535156,71.42295837402344,56.31026029586792,57.02909231185913,63.86660933494568,62.35533952713013,65.37787914276123,63.86660933494568,61.31026029586792,53.1346435546875,49.47698059082031,56.79230651855469,42.84632873535156,39.84632873535156
6171792130.jpg,76.6,75.08719635009766,76.40743255615234,71.4032530784607,78.38765978813171,73.90534281730652,73.40492486953735,74.40576076507568,73.90534281730652,73.90534281730652,75.747314453125,75.61529083251952,75.87933807373047,75.747314453125,75.747314453125
6870596537.jpg,56.9084821428571,69.21385955810547,76.49269104003906,70.16534805297852,80.18099069595337,73.32901954650879,72.69628524780273,73.96175384521484,73.32901954650879,73.32901954650879,72.85327529907227,72.1253921508789,73.58115844726562,72.85327529907227,72.85327529907227
8066151099.jpg,57.5512820512821,49.84602737426758,74.24430084228516,57.63577818870544,61.40068769454956,65.9400395154953,64.27918725013733,67.60089178085326,65.63577818870544,62.63577818870544,62.04516410827637,59.605336761474604,64.48499145507813,57.84602737426758,54.84602737426758
5613166397.jpg,38.5195652173913,31.450876235961918,58.676082611083984,28.37870419025421,26.798728108406067,43.5273934006691,40.49765555858612,46.55713124275207,36.37870419025421,33.37870419025421,45.06347942352295,42.340958786010745,47.78600006103515,39.450876235961914,36.450876235961914
9183486925.jpg,27.5592105263158,37.409088134765625,55.32939910888672,23.429885506629944,17.027658224105835,39.37964230775833,36.189690947532654,42.56959366798401,31.429885506629944,28.429885506629944,46.36924362182617,44.577212524414065,48.16127471923828,45.409088134765625,42.409088134765625
5250684478.jpg,52.3,64.53636169433594,72.29705047607422,60.65606474876404,58.8543176651001,66.47655761241913,65.31245903968811,67.64065618515014,66.47655761241913,66.47655761241913,68.41670608520508,67.64063720703125,69.1927749633789,68.41670608520508,68.41670608520508
3719984050.jpg,63.1399082568807,64.73139190673828,73.07577514648438,72.36435413360596,74.0957260131836,72.72006464004517,72.64892253875732,72.79120674133301,72.72006464004517,72.72006464004517,68.90358352661133,68.06914520263672,69.73802185058594,68.90358352661133,68.90358352661133
6576363795.jpg,31.7640186915888,48.329349517822266,66.86554718017578,39.38998579978943,36.12600266933441,53.127766489982605,50.38021035194397,55.87532262802124,47.38998579978943,44.38998579978943,57.59744834899902,55.74382858276367,59.45106811523438,56.329349517822266,53.329349517822266
10071864114.jpg,71.9090909090909,69.5703353881836,74.82687377929688,72.17409610748291,68.69201064109802,73.50048494338989,73.23520717620849,73.7657627105713,73.50048494338989,73.50048494338989,72.19860458374023,71.6729507446289,72.72425842285156,72.19860458374023,72.19860458374023
4637538714.jpg,23.89375,38.70943069458008,59.60030364990234,27.851563692092896,24.04535710811615,43.72593367099762,40.55105967521668,46.90080766677856,35.851563692092896,32.851563692092896,49.15486717224121,47.06577987670899,51.243954467773435,46.70943069458008,43.70943069458008
2839454152.jpg,33.9294871794872,38.08180236816406,67.11689758300781,40.43307304382324,37.43607699871063,53.77498531341553,51.10660285949707,56.44336776733398,48.43307304382324,45.43307304382324,52.59934997558594,49.695840454101564,55.50285949707031,46.08180236816406,43.08180236816406
9484887965.jpg,54.7364864864865,64.64094543457031,76.61824798583984,61.00829839706421,68.21879744529724,68.81327319145203,67.25227823257447,70.37426815032958,68.81327319145203,66.00829839706421,70.62959671020508,69.43186645507812,71.82732696533203,70.62959671020508,70.62959671020508
3645413545.jpg,33.2633928571429,33.1413688659668,69.00459289550781,38.93582820892334,36.563605070114136,53.970210552215576,50.96333408355713,56.97708702087402,46.93582820892334,43.93582820892334,51.072980880737305,47.4866584777832,54.65930328369141,41.1413688659668,38.1413688659668
6537249483.jpg,75.3217391304348,79.99458312988281,73.13395690917969,81.85667991638184,84.33664441108704,77.49531841278076,78.36759071350097,76.62304611206054,77.49531841278076,77.49531841278076,76.56427001953125,77.25033264160156,75.87820739746093,76.56427001953125,76.56427001953125
6880980024.jpg,29.7163461538462,28.555444717407227,59.89262008666992,27.95608639717102,18.462540209293365,43.92435324192047,40.73069987297058,47.11800661087036,35.95608639717102,32.95608639717102,44.224032402038574,41.090314865112305,47.357749938964844,36.55544471740723,33.55544471740723
6272882973.jpg,53.8846153846154,55.06494522094727,71.63199615478516,43.474942445755005,37.87735104560852,57.55346930027008,54.73776392936706,60.36917467117309,51.474942445755005,48.474942445755005,63.34847068786621,61.69176559448242,65.00517578125,63.06494522094727,60.06494522094727
10828147985.jpg,54.1184210526316,69.9360122680664,72.74171447753906,64.3229603767395,66.50423407554626,68.53233742713928,67.69046201705933,69.37421283721923,68.53233742713928,68.53233742713928,71.33886337280273,71.05829315185547,71.61943359375,71.33886337280273,71.33886337280273
5249052587.jpg,57.6313559322034,58.617218017578125,73.72034454345703,48.44154119491577,52.29161977767944,61.0809428691864,58.55306253433228,63.608823204040526,56.44154119491577,53.44154119491577,66.16878128051758,64.6584686279297,67.67909393310546,66.16878128051758,63.617218017578125
6955490571.jpg,72.8598130841121,75.33992004394531,76.30032348632812,73.92041683197021,79.47462201118469,75.11037015914917,74.87237949371338,75.34836082458496,75.11037015914917,75.11037015914917,75.82012176513672,75.72408142089844,75.916162109375,75.82012176513672,75.82012176513672
8194417466.jpg,80.8243243243243,81.70189666748047,77.20280456542969,73.71608018875122,75.85144639015198,75.45944237709045,75.11076993942261,75.8081148147583,75.45944237709045,75.45944237709045,79.45235061645508,79.90225982666016,79.00244140625,79.45235061645508,79.45235061645508
9346378862.jpg,72.3035714285714,69.60308837890625,76.97669219970703,75.95819234848022,82.09896087646484,76.46744227409363,76.36559228897094,76.5692922592163,76.46744227409363,76.46744227409363,73.28989028930664,72.55252990722656,74.02725067138672,73.28989028930664,73.28989028930664
3750920837.jpg,31.6650943396226,32.95426940917969,56.98131942749024,34.12483036518097,28.90467047691345,45.5530748963356,43.267425990104684,47.838723802566534,42.12483036518097,39.12483036518097,44.96779441833496,42.56508941650391,47.37049942016602,40.95426940917969,37.95426940917969
2292384520.jpg,66.9236111111111,67.71601104736328,71.897216796875,62.9712700843811,61.95108890533447,67.43424344062805,66.54164876937867,68.32683811187744,67.43424344062805,67.43424344062805,69.80661392211914,69.38849334716797,70.22473449707032,69.80661392211914,69.80661392211914
2953741163.jpg,45.1864406779661,47.33961868286133,69.17320251464844,42.76415407657623,60.68243384361267,55.968678295612335,53.327773451805115,58.609583139419556,50.76415407657623,47.76415407657623,58.25641059875488,56.07305221557617,60.4397689819336,55.33961868286133,52.33961868286133
4130373740.jpg,55.9742990654206,57.30559539794922,70.12751770019531,51.10992193222046,56.73230886459351,60.618719816207886,58.7169602394104,62.52047939300537,59.10992193222046,56.10992193222046,63.716556549072266,62.434364318847656,64.99874877929688,63.716556549072266,62.30559539794922
3556213355.jpg,75.6118421052632,76.66229248046875,77.46687316894531,74.46044087409973,78.89827489852905,75.96365702152252,75.66301379203796,76.26430025100709,75.96365702152252,75.96365702152252,77.06458282470703,76.98412475585937,77.1450408935547,77.06458282470703,77.06458282470703
6803244763.jpg,73.4977876106195,75.724609375,77.05989074707031,66.98200702667236,72.12815880775452,72.02094888687134,71.01316051483154,73.02873725891112,72.02094888687134,72.02094888687134,76.39225006103516,76.25872192382812,76.5257781982422,76.39225006103516,76.39225006103516
8714823724.jpg,71.3108108108108,69.63494110107422,78.81145477294922,72.84760475158691,79.20794486999512,75.82952976226807,75.23314476013184,76.4259147644043,75.82952976226807,75.82952976226807,74.22319793701172,73.30554656982422,75.14084930419922,74.22319793701172,74.22319793701172
7470832570.jpg,63.7,60.75117874145508,72.46439361572266,66.96041226387024,69.91905570030212,69.71240293979645,69.1620048046112,70.2628010749817,69.71240293979645,69.71240293979645,66.60778617858887,65.43646469116212,67.77910766601562,66.60778617858887,66.60778617858887
3383701765.jpg,65.6621621621622,68.92179107666016,72.51507568359375,61.14221215248108,62.99614906311035,66.82864391803741,65.69135756492615,67.96593027114868,66.82864391803741,66.82864391803741,70.71843338012695,70.3591049194336,71.07776184082032,70.71843338012695,70.71843338012695
5416851305.jpg,46.825,51.7317008972168,65.86762237548828,47.640278935432434,36.99797689914704,56.75395065546036,54.931216311454776,58.57668499946594,55.640278935432434,52.640278935432434,58.79966163635254,57.38606948852539,60.213253784179685,58.79966163635254,56.7317008972168
7902540732.jpg,71.8185840707965,69.86951446533203,74.9146499633789,69.04778480529785,71.0631012916565,71.98121738433838,71.39453086853027,72.56790390014649,71.98121738433838,71.98121738433838,72.39208221435547,71.88756866455078,72.89659576416015,72.39208221435547,72.39208221435547
4922576334.jpg,68.4601769911504,78.66168212890625,76.55550384521484,67.32608675956726,72.29489088058472,71.94079530239105,71.01785359382629,72.86373701095582,71.94079530239105,71.94079530239105,77.60859298706055,77.81921081542968,77.39797515869141,77.60859298706055,77.60859298706055
9166911645.jpg,61.4294871794872,67.54186248779297,71.9365463256836,61.7753803730011,64.04608488082886,66.85596334934235,65.8398467540741,67.87207994461059,66.85596334934235,66.85596334934235,69.73920440673828,69.29973602294922,70.17867279052734,69.73920440673828,69.73920440673828
7913897946.jpg,59.9802631578947,64.57821655273438,75.79090881347656,68.7606930732727,72.79181480407715,72.27580094337463,71.57277936935425,72.97882251739502,72.27580094337463,72.27580094337463,70.18456268310547,69.06329345703125,71.30583190917969,70.18456268310547,70.18456268310547
1026198859.jpg,70.2715517241379,78.12126922607422,77.33336639404297,66.04997515678406,69.29618120193481,71.69167077541351,70.56333165168762,72.8200098991394,71.69167077541351,71.69167077541351,77.7273178100586,77.80610809326171,77.64852752685547,77.7273178100586,77.7273178100586
2818844013.jpg,71.0471698113208,71.57575988769531,80.046875,64.1534686088562,69.97441053390503,72.1001718044281,70.51083116531373,73.68951244354247,72.1001718044281,69.1534686088562,75.81131744384766,74.96420593261719,76.65842895507812,75.81131744384766,75.81131744384766
9018209858.jpg,43.4487179487179,42.28049850463867,61.87562942504883,37.14037239551544,29.228177666664124,49.508000910282135,47.034475207328796,51.981526613235474,45.14037239551544,42.14037239551544,52.07806396484375,50.11855087280273,54.03757705688477,50.28049850463867,47.28049850463867
3329470769.jpg,55.5875,59.3111686706543,69.18009948730469,55.7966947555542,61.17607355117798,62.48839712142944,61.15005664825439,63.82673759460449,62.48839712142944,60.7966947555542,64.24563407897949,63.25874099731445,65.23252716064454,64.24563407897949,64.24563407897949
8601680123.jpg,53.25,41.063106536865234,63.36261367797852,49.78848695755005,47.14521765708923,56.57555031776428,55.21813764572144,57.93296298980713,56.57555031776428,54.78848695755005,52.212860107421875,49.98290939331055,54.4428108215332,49.063106536865234,46.063106536865234
7605930400.jpg,73.6933962264151,66.35493469238281,77.32215881347656,68.42637062072754,74.44700002670288,72.87426471710205,71.98468589782715,73.76384353637695,72.87426471710205,72.87426471710205,71.83854675292969,70.7418243408203,72.93526916503906,71.83854675292969,71.83854675292969
8021353022.jpg,74.9553571428571,74.22821807861328,82.0015869140625,76.01463794708252,79.57659959793091,79.00811243057251,78.40941753387452,79.6068073272705,79.00811243057251,79.00811243057251,78.11490249633789,77.33756561279296,78.89223937988282,78.11490249633789,78.11490249633789
8321029602.jpg,61.2027027027027,59.205039978027344,74.22087860107422,67.0456051826477,67.59228706359863,70.63324189186096,69.91571455001831,71.3507692337036,70.63324189186096,70.63324189186096,66.71295928955078,65.2113754272461,68.21454315185547,66.71295928955078,64.20503997802734
344443695.jpg,51.291095890411,58.950870513916016,69.66714477539062,59.29777622222901,54.189229011535645,64.48246049880981,63.44552364349366,65.51939735412599,64.48246049880981,64.48246049880981,64.30900764465332,63.23738021850586,65.38063507080079,64.30900764465332,64.30900764465332
10534454676.jpg,71.0891304347826,57.66233825683594,70.64987182617188,71.07402086257935,73.75463843345642,70.86194634437561,70.90436124801636,70.81953144073486,70.86194634437561,70.86194634437561,64.1561050415039,62.85735168457031,65.4548583984375,64.1561050415039,62.66233825683594
5974147290.jpg,23.1486486486486,28.02263832092285,55.63394546508789,23.64426553249359,17.84917712211609,39.63910549879074,36.44013750553131,42.83807349205017,31.64426553249359,28.64426553249359,41.82829189300537,39.06716117858886,44.589422607421874,36.02263832092285,33.02263832092285
9535634646.jpg,64.9878048780488,73.62977600097656,76.6136703491211,65.01259803771973,72.28337526321411,70.81313419342041,69.65302696228028,71.97324142456054,70.81313419342041,70.81313419342041,75.12172317504883,74.82333374023438,75.42011260986328,75.12172317504883,75.12172317504883
9122758028.jpg,75.9153225806452,71.0064468383789,82.15724182128906,74.03480410575867,82.53911137580872,78.09602296352386,77.28377919197084,78.9082667350769,78.09602296352386,78.09602296352386,76.58184432983398,75.46676483154297,77.696923828125,76.58184432983398,76.58184432983398
3711772310.jpg,38.9797297297297,52.4275016784668,64.40234375,55.387330055236816,40.13695418834686,59.89483690261841,58.99333553314209,60.79633827209472,59.89483690261841,59.89483690261841,58.4149227142334,57.217438507080075,59.612406921386714,58.4149227142334,58.4149227142334
2444482022.jpg,42.4902912621359,55.5955810546875,74.27628326416016,51.62348747253418,49.657467007637024,62.94988536834717,60.68460578918457,65.21516494750976,59.62348747253418,56.62348747253418,64.93593215942383,63.06786193847656,66.80400238037109,63.5955810546875,60.5955810546875
9339023066.jpg,72.0285714285714,69.99559783935547,76.07898712158203,75.18807649612427,78.97588014602661,75.63353180885315,75.54444074630737,75.72262287139893,75.63353180885315,75.63353180885315,73.03729248046875,72.4289535522461,73.6456314086914,73.03729248046875,73.03729248046875
5068225832.jpg,54.5036764705882,60.4776496887207,71.39543151855469,47.48044908046722,53.14089059829712,59.437940299510956,57.04644205570221,61.8294385433197,55.48044908046722,52.48044908046722,65.9365406036377,64.84476242065429,67.0283187866211,65.9365406036377,65.9365406036377
7846766204.jpg,76.4285714285714,69.48426818847656,76.35005187988281,70.30078172683716,74.73902702331543,73.32541680335999,72.72048978805542,73.93034381866454,73.32541680335999,73.32541680335999,72.91716003417969,72.23058166503907,73.6037384033203,72.91716003417969,72.91716003417969
3310575214.jpg,32.3348623853211,43.74924087524414,70.43358612060547,56.13189935684204,47.101280093193054,63.282742738723755,61.852574062347415,64.7129114151001,63.282742738723755,61.13189935684204,57.091413497924805,54.42297897338867,59.759848022460936,51.74924087524414,48.74924087524414
6018448805.jpg,41.128640776699,44.78050231933594,75.25447845458984,48.04956316947937,50.85943341255188,61.65202081203461,58.93152928352356,64.37251234054565,56.04956316947937,53.04956316947937,60.01749038696289,56.9700927734375,63.06488800048828,52.78050231933594,49.78050231933594
8754025405.jpg,77.8326086956522,69.67424774169922,71.04618072509766,70.78349590301514,76.77325010299683,70.9148383140564,70.88856983184814,70.94110679626465,70.9148383140564,70.9148383140564,70.36021423339844,70.2230209350586,70.49740753173828,70.36021423339844,70.36021423339844
2304159288.jpg,54.8741610738255,65.7119140625,76.75067138671875,66.73521399497986,70.2438235282898,71.7429426908493,70.74139695167541,72.74448843002318,71.7429426908493,71.7429426908493,71.23129272460938,70.1274169921875,72.33516845703124,71.23129272460938,71.23129272460938
6372460147.jpg,65.8214285714286,65.4209976196289,72.70365142822266,62.19159364700317,62.276941537857056,67.44762253761292,66.39641675949096,68.49882831573487,67.44762253761292,67.44762253761292,69.06232452392578,68.33405914306641,69.79058990478515,69.06232452392578,69.06232452392578
6310649828.jpg,18.7522321428571,35.05134963989258,67.32315826416016,31.83198571205139,37.780120968818665,49.577571988105774,46.0284547328949,53.12668924331665,39.83198571205139,36.83198571205139,51.18725395202637,47.96007308959961,54.414434814453124,43.05134963989258,40.05134963989258
6226958482.jpg,77.3486842105263,71.2851333618164,78.53563690185547,70.88672518730164,76.93694829940796,74.71118104457855,73.94628987312316,75.47607221603394,74.71118104457855,74.71118104457855,74.91038513183594,74.18533477783203,75.63543548583985,74.91038513183594,74.91038513183594
8351568109.jpg,61.404347826087,51.77681350708008,75.7354736328125,63.014400005340576,67.1033501625061,69.37493681907654,68.10282945632935,70.64704418182373,69.37493681907654,68.01440000534058,63.75614356994629,61.360277557373045,66.15200958251953,59.77681350708008,56.77681350708008
8354855845.jpg,67.454128440367,62.4658432006836,77.39417266845703,69.14730072021484,69.65938806533813,73.27073669433594,72.44604949951172,74.09542388916014,73.27073669433594,73.27073669433594,69.93000793457031,68.43717498779297,71.42284088134765,69.93000793457031,67.4658432006836
7374960236.jpg,58.6763392857143,55.45079803466797,66.14179229736328,51.21108889579773,40.66155254840851,58.676440596580505,57.183370256423956,60.16951093673706,58.676440596580505,56.21108889579773,60.796295166015625,59.727195739746094,61.865394592285156,60.796295166015625,60.796295166015625
6926235386.jpg,62.05,67.5798110961914,73.00579071044922,69.23564672470093,66.424560546875,71.12071871757507,70.74370431900024,71.4977331161499,71.12071871757507,71.12071871757507,70.29280090332031,69.75020294189453,70.8353988647461,70.29280090332031,70.29280090332031
8321682395.jpg,63.9724770642202,66.78267669677734,71.44414520263672,71.0023581981659,75.18226504325867,71.2232517004013,71.17907299995423,71.26743040084838,71.2232517004013,71.2232517004013,69.11341094970703,68.64726409912109,69.57955780029297,69.11341094970703,69.11341094970703
5434982423.jpg,38.0684931506849,36.38909149169922,71.32381439208984,44.903430342674255,39.76984918117523,58.11362236738205,55.47158396244049,60.75566077232361,52.903430342674255,49.903430342674255,53.85645294189453,50.362980651855466,57.3499252319336,44.38909149169922,41.38909149169922
7085413157.jpg,64.9932432432432,76.47623443603516,75.2811279296875,71.98888659477234,72.24063873291016,73.63500726222992,73.3057831287384,73.96423139572144,73.63500726222992,73.63500726222992,75.87868118286133,75.9981918334961,75.75917053222656,75.87868118286133,75.87868118286133
8501698385.jpg,69.0810810810811,75.87687683105469,74.26302337646484,74.51778650283813,79.78417873382568,74.39040493965149,74.41588125228881,74.36492862701417,74.39040493965149,74.39040493965149,75.06995010375977,75.23133544921875,74.90856475830078,75.06995010375977,75.06995010375977
6696763655.jpg,47.4799107142857,49.74989700317383,72.05960845947266,50.17550587654114,53.81001234054565,61.1175571680069,58.92914690971375,63.30596742630005,58.17550587654114,55.17550587654114,60.90475273132324,58.67378158569336,63.13572387695313,57.74989700317383,54.74989700317383
7358753494.jpg,54.1504424778761,63.12485885620117,75.2191390991211,70.87437510490417,76.23462677001953,73.04675710201263,72.61228070259094,73.48123350143433,73.04675710201263,73.04675710201263,69.17199897766113,67.96257095336914,70.38142700195313,69.17199897766113,68.12485885620117
8398239689.jpg,56.4137168141593,62.56842422485352,74.37825775146484,60.62302589416504,60.88237762451172,67.50064182281494,66.12511863708497,68.87616500854492,67.50064182281494,65.62302589416504,68.47334098815918,67.29235763549805,69.65432434082032,68.47334098815918,68.47334098815918
8108582186.jpg,65.6973684210526,65.1761245727539,71.74541473388672,68.06278824806213,69.4983720779419,69.90410149097443,69.53583884239197,70.27236413955688,69.90410149097443,69.90410149097443,68.46076965332031,67.80384063720703,69.1176986694336,68.46076965332031,68.46076965332031
4689181626.jpg,49.7791262135922,55.749359130859375,71.95079040527344,56.31537437438965,46.609726548194885,64.13308238983154,62.56954078674316,65.69662399291991,64.13308238983154,61.31537437438965,63.850074768066406,62.229931640625,65.4702178955078,63.749359130859375,60.749359130859375
409233389.jpg,46.0576923076923,54.81602478027344,79.70862579345703,65.24882316589355,68.71826648712158,72.4787244796753,71.03274421691894,73.92470474243163,72.4787244796753,70.24882316589355,67.26232528686523,64.77306518554687,69.7515853881836,62.81602478027344,59.81602478027344
5384624254.jpg,67.5593220338983,58.84996795654297,73.94251251220703,63.88927698135376,66.51359796524048,68.9158947467804,67.91057119369506,69.92121829986573,68.9158947467804,68.9158947467804,66.396240234375,64.8869857788086,67.9054946899414,66.396240234375,63.84996795654297
9249859612.jpg,67.9082568807339,66.02118682861328,74.24481964111328,66.53710603713989,66.41275882720947,70.39096283912659,69.62019147872925,71.16173419952392,70.39096283912659,70.39096283912659,70.13300323486328,69.31063995361328,70.95536651611329,70.13300323486328,70.13300323486328
5564925519.jpg,36.2211538461538,52.948997497558594,69.78449249267578,58.91597270965576,53.1296968460083,64.35023260116577,63.26338062286377,65.43708457946778,64.35023260116577,64.35023260116577,61.36674499511719,59.68319549560547,63.05029449462891,60.948997497558594,57.948997497558594
5577299644.jpg,52.0065217391304,61.40446472167969,71.77997589111328,59.26111340522766,55.19219636917114,65.52054464817047,64.26865839958191,66.77243089675903,65.52054464817047,64.26111340522766,66.59222030639648,65.55466918945312,67.62977142333985,66.59222030639648,66.59222030639648
6956011813.jpg,46.0344036697248,50.39175033569336,68.896728515625,53.80289554595947,55.92973828315735,61.349812030792236,59.84042873382569,62.85919532775879,61.349812030792236,58.80289554595947,59.64423942565918,57.79374160766602,61.494737243652345,58.39175033569336,55.39175033569336
8491632656.jpg,34.8325688073394,37.24287796020508,66.65156555175781,36.396607756614685,32.8205406665802,51.52408665418625,48.49859087467193,54.54958243370056,44.396607756614685,41.396607756614685,51.947221755981445,49.00635299682617,54.88809051513672,45.24287796020508,42.24287796020508
11023346856.jpg,62.1513157894737,76.16207885742188,74.68106079101562,74.02282953262329,75.41002631187439,74.35194516181946,74.28612203598023,74.41776828765869,74.35194516181946,74.35194516181946,75.42156982421875,75.56967163085938,75.27346801757812,75.42156982421875,75.42156982421875
11006895124.jpg,66.2567567567568,59.945274353027344,67.93714141845703,64.20328617095947,64.41224813461304,66.07021379470825,65.6968282699585,66.443599319458,66.07021379470825,66.07021379470825,63.94120788574219,63.14202117919922,64.74039459228516,63.94120788574219,63.94120788574219
5195283750.jpg,66.9191176470588,70.0914306640625,73.67555236816406,70.88295221328735,77.0766019821167,72.27925229072571,71.99999227523804,72.55851230621337,72.27925229072571,72.27925229072571,71.88349151611328,71.52507934570312,72.24190368652344,71.88349151611328,71.88349151611328
6065678020.jpg,69.6756756756757,60.34237289428711,75.58351135253906,69.89235281944275,73.79109859466553,72.7379320859909,72.16881623268128,73.30704793930053,72.7379320859909,72.7379320859909,67.96294212341309,66.43882827758789,69.48705596923828,67.96294212341309,65.34237289428711
2886173632.jpg,45.9509345794393,42.495365142822266,65.953369140625,42.12736487388611,34.838151931762695,54.040367007255554,51.657766580581665,56.42296743392944,50.12736487388611,47.12736487388611,54.22436714172363,51.87856674194336,56.570167541503906,50.495365142822266,47.495365142822266
517369320.jpg,60.0,50.901248931884766,68.59166717529297,53.22641134262085,64.13317918777466,60.90903925895691,59.3725136756897,62.44556484222412,60.90903925895691,58.22641134262085,59.74645805358887,57.97741622924805,61.51549987792969,58.901248931884766,55.901248931884766
6050570749.jpg,45.5909090909091,38.9923095703125,72.17683410644531,41.86271131038666,44.43984031677246,57.019772708415985,53.988360428810125,60.05118498802185,49.86271131038666,46.86271131038666,55.584571838378906,52.26611938476563,58.90302429199219,46.9923095703125,43.9923095703125
5720139957.jpg,54.3014705882353,66.99061584472656,76.00578308105469,62.62284517288208,69.30237412452698,69.31431412696838,67.97602033615112,70.65260791778564,69.31431412696838,67.62284517288208,71.49819946289062,70.5966827392578,72.39971618652343,71.49819946289062,71.49819946289062
3491534419.jpg,63.4,57.0813102722168,73.60967254638672,58.14672112464905,57.61256814002991,65.87819683551788,64.33190169334412,67.42449197769164,65.87819683551788,63.14672112464905,65.34549140930176,63.69265518188476,66.99832763671876,65.0813102722168,62.0813102722168
8232299487.jpg,48.7477876106195,54.597110748291016,74.49618530273438,65.96999168395996,63.94648551940918,70.23308849334717,69.38046913146972,71.0857078552246,70.23308849334717,70.23308849334717,64.5466480255127,62.55674057006836,66.53655548095702,62.597110748291016,59.597110748291016
2239201463.jpg,68.2866972477064,66.29569244384766,75.8221435546875,69.28141117095947,69.57294940948486,72.55177736282349,71.89770412445068,73.20585060119629,72.55177736282349,72.55177736282349,71.05891799926758,70.10627288818358,72.01156311035156,71.05891799926758,71.05891799926758
8077318332.jpg,52.2217391304348,63.38852310180664,76.70796966552734,61.98182702064514,62.541663646698,69.34489834308624,67.87228407859803,70.81751260757446,69.34489834308624,66.98182702064514,70.04824638366699,68.71630172729492,71.38019104003907,70.04824638366699,68.38852310180664
6938775083.jpg,50.0619469026549,58.7915267944336,72.76042175292969,55.60131072998047,49.73972141742706,64.18086624145508,62.46495513916015,65.89677734374999,63.60131072998047,60.60131072998047,65.77597427368164,64.37908477783203,67.17286376953125,65.77597427368164,63.7915267944336
8654833683.jpg,62.8371559633027,57.284942626953125,73.37107849121094,58.38266611099243,67.02876091003418,65.87687230110168,64.37803106307983,67.37571353912352,65.87687230110168,63.38266611099243,65.32801055908203,63.719396972656256,66.9366241455078,65.28494262695312,62.284942626953125
5329486988.jpg,70.7566964285714,68.87574005126953,75.08304595947266,78.80094051361084,82.52688646316528,76.94199323654175,77.31378269195557,76.57020378112793,76.94199323654175,76.94199323654175,71.9793930053711,71.35866241455078,72.60012359619141,71.9793930053711,71.9793930053711
7354160932.jpg,67.8325688073395,65.76593780517578,74.8174057006836,75.10269284248352,74.25614595413208,74.96004927158356,74.98857798576356,74.93152055740356,74.96004927158356,74.96004927158356,70.29167175292969,69.3865249633789,71.19681854248047,70.29167175292969,70.29167175292969
3129387328.jpg,31.25,19.77303695678711,61.98015594482422,31.91846609115601,33.88606607913971,46.94931101799011,43.94314203262329,49.95548000335693,39.918466091156006,36.918466091156006,40.876596450805664,36.65588455200195,45.09730834960938,27.77303695678711,24.77303695678711
3311728409.jpg,75.4615384615385,70.87763214111328,77.403076171875,68.71501207351685,75.33262968063354,73.05904412269592,72.19023771286011,73.92785053253174,73.05904412269592,73.05904412269592,74.14035415649414,73.48780975341796,74.79289855957032,74.14035415649414,74.14035415649414
6437207759.jpg,74.5133928571429,69.23162078857422,79.19186401367188,70.22472620010376,77.97503471374512,74.70829510688782,73.81158132553101,75.60500888824463,74.70829510688782,74.70829510688782,74.21174240112305,73.21571807861329,75.20776672363282,74.21174240112305,74.21174240112305
5153880006.jpg,74.9357142857143,74.97821807861328,73.83645629882812,65.7615065574646,65.36316871643066,69.79898142814636,68.99148645401002,70.60647640228271,69.79898142814636,69.79898142814636,74.4073371887207,74.52151336669922,74.29316101074218,74.4073371887207,74.4073371887207
1500316824.jpg,72.0955882352941,63.55215835571289,73.76795959472656,69.44441795349121,69.55928802490234,71.60618877410889,71.17383460998535,72.03854293823241,71.60618877410889,71.60618877410889,68.66005897521973,67.63847885131835,69.6816390991211,68.66005897521973,68.66005897521973
7167608916.jpg,66.4054054054054,72.12217712402344,80.95975494384766,68.9192533493042,79.61347103118896,74.93950414657593,73.73545398712159,76.14355430603027,74.93950414657593,73.9192533493042,76.54096603393555,75.65720825195312,77.42472381591797,76.54096603393555,76.54096603393555
8884240572.jpg,71.7683486238532,70.23346710205078,72.44608306884766,67.82177686691284,67.89164543151855,70.13392996788025,69.67149934768676,70.59636058807374,70.13392996788025,70.13392996788025,71.33977508544922,71.11851348876954,71.5610366821289,71.33977508544922,71.33977508544922
7861079240.jpg,70.5656779661017,69.50631713867188,76.64152526855469,69.77912783622742,71.1421251296997,73.21032655239105,72.52408680915832,73.89656629562378,73.21032655239105,73.21032655239105,73.07392120361328,72.360400390625,73.78744201660156,73.07392120361328,73.07392120361328
3295438012.jpg,43.1991150442478,32.86831283569336,64.38594055175781,44.92523372173309,38.057538866996765,54.65558713674545,52.70951645374298,56.60165781974792,52.92523372173309,49.92523372173309,48.627126693725586,45.47536392211914,51.77888946533203,40.86831283569336,37.86831283569336
9257583469.jpg,81.7430555555556,78.48949432373047,80.87491607666016,73.04904460906982,80.80456852912903,76.96198034286499,76.17939319610596,77.74456748962402,76.96198034286499,76.96198034286499,79.68220520019531,79.44366302490235,79.92074737548828,79.68220520019531,79.68220520019531
11245083256.jpg,61.775,54.62016296386719,66.3952865600586,56.35182857513428,53.64278554916382,61.373557567596436,60.369211769104005,62.377903366088866,61.373557567596436,61.373557567596436,60.50772476196289,59.33021240234375,61.685237121582034,60.50772476196289,60.50772476196289
656718644.jpg,27.9711538461538,30.60425567626953,58.80739974975586,28.1194806098938,29.483774304389957,43.46344017982483,40.394648265838626,46.53223209381103,36.1194806098938,33.1194806098938,44.705827713012695,41.88551330566406,47.52614212036133,38.60425567626953,35.60425567626953
6326886913.jpg,41.0614406779661,46.5825080871582,68.6947021484375,42.654988169670105,43.27903687953949,55.6748451590538,53.07087376117707,58.27881655693054,50.654988169670105,47.654988169670105,57.63860511779785,55.42738571166993,59.84982452392578,54.5825080871582,51.5825080871582
9005613417.jpg,63.7995689655172,59.08227157592773,71.31493377685547,68.43881607055664,68.29331517219543,69.87687492370605,69.58926315307617,70.16448669433593,69.87687492370605,69.87687492370605,65.1986026763916,63.97533645629883,66.42186889648437,65.1986026763916,64.08227157592773
6808473551.jpg,47.275,51.318206787109375,71.03787994384766,55.57200908660889,56.04774951934815,63.30494451522827,61.7583574295044,64.85153160095214,63.30494451522827,60.57200908660889,61.178043365478516,59.20607604980469,63.150010681152345,59.318206787109375,56.318206787109375
4042188530.jpg,39.4495412844037,44.28076553344727,62.52602767944336,36.68156862258911,31.999042630195618,49.603798151016235,47.01935224533081,52.188244056701656,44.68156862258911,41.68156862258911,53.40339660644531,51.57887039184571,55.22792282104492,52.28076553344727,49.28076553344727
156015117.jpg,62.077731092437,59.22895812988281,75.82281494140625,62.54141926765442,71.22718095779419,69.18211710453033,67.85397753715515,70.51025667190552,69.18211710453033,67.54141926765442,67.52588653564453,65.86650085449219,69.18527221679688,67.22895812988281,64.22895812988281
5993929800.jpg,79.9642857142857,80.7265853881836,75.85460662841797,74.37970638275146,78.13183069229126,75.11715650558472,74.96966648101807,75.26464653015137,75.11715650558472,75.11715650558472,78.29059600830078,78.77779388427734,77.80339813232422,78.29059600830078,78.29059600830078
8620919369.jpg,42.0732142857143,31.4226188659668,57.29116439819336,30.51999509334564,23.40274453163147,43.9055797457695,41.22846281528473,46.58269667625427,38.51999509334564,35.51999509334564,44.35689163208008,41.77003707885743,46.943746185302736,39.4226188659668,36.4226188659668
3649082846.jpg,53.25,55.427921295166016,69.66336822509766,45.15412449836731,44.30902004241944,57.40874636173248,54.957821989059454,59.85967073440552,53.15412449836731,50.15412449836731,62.545644760131836,61.122100067138675,63.969189453125004,62.545644760131836,60.427921295166016
5815446993.jpg,62.1758474576271,70.89066314697266,72.52024841308594,71.64591550827026,74.74266290664673,72.0830819606781,71.99564867019653,72.17051525115966,72.0830819606781,72.0830819606781,71.7054557800293,71.54249725341796,71.86841430664063,71.7054557800293,71.7054557800293
1807195948.jpg,34.0,43.72601318359375,69.82335662841797,36.83761358261109,42.900094389915466,53.330485105514526,50.031910800933844,56.62905941009522,44.83761358261109,41.83761358261109,56.77468490600586,54.16495056152344,59.38441925048828,51.72601318359375,48.72601318359375
8256049516.jpg,63.1084905660377,55.16259002685547,74.47286224365234,63.04993033409119,69.25745010375977,68.76139628887177,67.61910309791566,69.90368947982788,68.76139628887177,68.76139628887177,64.8177261352539,62.88669891357422,66.7487533569336,63.16259002685547,60.16259002685547
8988227086.jpg,55.4934210526316,62.814823150634766,72.23770141601562,61.41958236694336,62.49700784683228,66.82864189147949,65.74682998657227,67.91045379638672,66.82864189147949,66.82864189147949,67.5262622833252,66.5839744567871,68.46855010986329,67.5262622833252,67.5262622833252
4098700616.jpg,65.5897435897436,61.70621109008789,81.75499725341797,70.11584043502808,75.45090317726135,75.93541884422302,74.77150316238404,77.09933452606201,75.93541884422302,75.93541884422302,71.73060417175293,69.72572555541993,73.73548278808593,69.70621109008789,66.70621109008789
7470692282.jpg,44.05,50.12684631347656,70.28868103027344,44.53552663326264,44.290268421173096,57.412103831768036,54.836788392066964,59.98741927146912,52.53552663326264,49.53552663326264,60.207763671875,58.19158020019531,62.22394714355469,58.12684631347656,55.12684631347656
4582906874.jpg,54.85,38.88921356201172,69.4295883178711,49.39306676387787,46.573492884635925,59.41132754087448,57.40767538547516,61.414979696273804,57.39306676387787,54.39306676387787,54.159400939941406,51.10536346435546,57.21343841552734,46.88921356201172,43.88921356201172
5091924028.jpg,25.8308823529412,29.537918090820312,64.46065521240234,32.11588263511658,26.825952529907227,48.28826892375946,45.05379166603089,51.52274618148804,40.11588263511658,37.11588263511658,46.99928665161133,43.507012939453126,50.49156036376954,37.53791809082031,34.53791809082031
120459577.jpg,51.4012605042017,65.89594268798828,74.8567886352539,63.21738958358765,66.3216233253479,69.03708910942078,67.87314920425415,70.20102901458739,69.03708910942078,69.03708910942078,70.3763656616211,69.48028106689453,71.27245025634765,70.3763656616211,70.3763656616211
10115071674.jpg,72.775,66.33268737792969,71.16432189941406,70.32983899116516,70.65211534500122,70.74708044528961,70.66363215446472,70.8305287361145,70.74708044528961,70.74708044528961,68.74850463867188,68.26534118652344,69.2316680908203,68.74850463867188,68.74850463867188
2974085281.jpg,42.9551282051282,55.59016799926758,72.34851837158203,53.678739070892334,58.195728063583374,63.01362872123718,61.14665079116821,64.88060665130615,61.678739070892334,58.678739070892334,63.969343185424805,62.29350814819336,65.64517822265626,63.59016799926758,60.59016799926758
2602273170.jpg,45.373786407767,52.465576171875,67.39520263671875,42.581906914711,45.94821035861969,54.988554775714874,52.507225203514096,57.469884347915645,50.581906914711,47.581906914711,59.930389404296875,58.4374267578125,61.42335205078125,59.930389404296875,57.465576171875
2824866912.jpg,62.9826086956522,75.65180969238281,76.10940551757812,66.2299394607544,71.90636396408081,71.16967248916626,70.18172588348389,72.15761909484863,71.16967248916626,71.16967248916626,75.88060760498047,75.83484802246093,75.9263671875,75.88060760498047,75.88060760498047
4113685341.jpg,7.51680672268908,22.37615394592285,65.4464340209961,27.74373590946197,20.688994228839874,46.595084965229034,42.82481515407562,50.365354776382446,35.743735909461975,32.743735909461975,43.91129398345947,39.604265975952146,48.2183219909668,30.37615394592285,27.37615394592285
398551269.jpg,48.7905405405405,57.7105827331543,72.51531982421875,61.194223165512085,57.12275505065918,66.85477149486542,65.72266182899475,67.98688116073609,66.85477149486542,66.85477149486542,65.11295127868652,63.632477569580075,66.59342498779297,65.11295127868652,62.7105827331543
3120415423.jpg,60.4545454545455,64.04640197753906,74.17806243896484,59.8483681678772,61.41036748886109,67.01321530342102,65.58024587631226,68.44618473052978,67.01321530342102,64.8483681678772,69.11223220825195,68.09906616210938,70.12539825439453,69.11223220825195,69.11223220825195
6265723593.jpg,72.6216814159292,73.62640380859375,76.76787567138672,68.43236684799194,73.45792055130005,72.60012125968933,71.76657037734985,73.4336721420288,72.60012125968933,72.60012125968933,75.19713973999023,74.88299255371093,75.51128692626952,75.19713973999023,75.19713973999023
8560160557.jpg,57.44375,62.27789688110352,75.03993225097656,58.62547755241394,53.247129917144775,66.83270490169525,65.19125943183899,68.4741503715515,66.62547755241394,63.62547755241394,68.65891456604004,67.38271102905274,69.93511810302735,68.65891456604004,67.27789688110352
9549652790.jpg,74.5508474576271,71.6661605834961,79.67069244384766,74.54813718795776,79.91816997528076,77.10941481590271,76.59715929031373,77.6216703414917,77.10941481590271,77.10941481590271,75.66842651367188,74.86797332763672,76.46887969970703,75.66842651367188,75.66842651367188
7344897910.jpg,49.7176724137931,60.445556640625,64.27055358886719,52.14645862579346,50.9876012802124,58.20850610733032,56.99609661102295,59.420915603637695,58.20850610733032,57.14645862579346,62.358055114746094,61.975555419921875,62.74055480957031,62.358055114746094,62.358055114746094
10625988224.jpg,66.8443396226415,67.40330505371094,71.448486328125,64.67888355255127,70.92076539993286,68.06368494033813,67.38672466278076,68.7406452178955,68.06368494033813,68.06368494033813,69.42589569091797,69.02137756347656,69.83041381835938,69.42589569091797,69.42589569091797
4275452644.jpg,66.8526785714286,71.54713439941406,75.72250366210938,72.80842065811157,80.702143907547,74.26546216011047,73.9740538597107,74.55687046051025,74.26546216011047,74.26546216011047,73.63481903076172,73.21728210449218,74.05235595703125,73.63481903076172,73.63481903076172
2833148596.jpg,65.3782051282051,62.64504623413086,75.57186126708984,68.38172674179077,76.45145654678345,71.97679400444031,71.2577805519104,72.69580745697021,71.97679400444031,71.97679400444031,69.10845375061035,67.81577224731444,70.40113525390625,69.10845375061035,67.64504623413086
8650937010.jpg,60.296875,68.36174011230469,75.55866241455078,63.98538947105408,65.48148393630981,69.77202594280243,68.61469864845276,70.9293532371521,69.77202594280243,69.77202594280243,71.96020126342773,71.24050903320312,72.67989349365234,71.96020126342773,71.96020126342773
6681716765.jpg,69.9870689655172,67.05915832519531,73.97301483154297,71.9267189502716,72.5079357624054,72.94986689090729,72.74523730278015,73.15449647903442,72.94986689090729,72.94986689090729,70.51608657836914,69.82470092773437,71.20747222900391,70.51608657836914,70.51608657836914
3783245891.jpg,52.5974576271186,51.42281723022461,66.52207946777344,59.998512268066406,50.38454532623291,63.26029586791992,62.607939147949224,63.912652587890626,63.26029586791992,63.26029586791992,58.97244834899902,57.46252212524414,60.48237457275391,58.97244834899902,56.42281723022461
4819847439.jpg,28.5743243243243,18.26042366027832,59.08429718017578,25.24053156375885,31.27286732196808,42.162414371967316,38.77803781032563,45.54679093360901,33.24053156375885,30.24053156375885,38.67236042022705,34.589973068237306,42.7547477722168,26.26042366027832,23.26042366027832
8677186401.jpg,62.9102564102564,62.0953254699707,71.97023010253906,69.8088526725769,71.90579175949097,70.88954138755798,70.67340364456177,71.1056791305542,70.88954138755798,70.88954138755798,67.03277778625488,66.04528732299805,68.02026824951173,67.03277778625488,67.03277778625488
6543370923.jpg,64.9557522123894,64.6344223022461,72.83393096923828,64.23945426940918,59.074974060058594,68.53669261932373,67.67724494934082,69.39614028930663,68.53669261932373,68.53669261932373,68.73417663574219,67.91422576904297,69.5541275024414,68.73417663574219,68.73417663574219
432158024.jpg,74.2543103448276,68.7635498046875,75.1407470703125,77.08887457847595,79.8561692237854,76.11481082439423,76.30962357521057,75.91999807357789,76.11481082439423,76.11481082439423,71.9521484375,71.3144287109375,72.5898681640625,71.9521484375,71.9521484375
4253075090.jpg,72.1995798319328,76.22570037841797,74.31807708740234,71.5737521648407,72.77398109436035,72.94591462612152,72.67148213386535,73.22034711837767,72.94591462612152,72.94591462612152,75.27188873291016,75.46265106201172,75.08112640380858,75.27188873291016,75.27188873291016
8354332729.jpg,53.1052631578947,53.62166976928711,64.33255004882812,59.85001921653748,56.74036145210266,62.0912846326828,61.64303154945374,62.53953771591186,62.0912846326828,62.0912846326828,58.97710990905762,57.90602188110352,60.04819793701172,58.97710990905762,58.97710990905762
5176288733.jpg,73.45,77.9778823852539,76.06521606445312,73.1501817703247,76.68797969818115,74.60769891738892,74.31619548797607,74.89920234680176,74.60769891738892,74.60769891738892,77.02154922485352,77.21281585693359,76.83028259277344,77.02154922485352,77.02154922485352
6892058753.jpg,68.85625,68.19171142578125,72.40069580078125,69.92406845092773,68.45715641975403,71.16238212585449,70.91471939086914,71.41004486083983,71.16238212585449,71.16238212585449,70.29620361328125,69.87530517578125,70.71710205078125,70.29620361328125,70.29620361328125
4535431418.jpg,51.2823275862069,52.03932571411133,64.7059097290039,59.361982345581055,45.97683250904083,62.03394603729248,61.4995532989502,62.568338775634764,62.03394603729248,62.03394603729248,58.37261772155762,57.10595932006836,59.639276123046876,58.37261772155762,57.03932571411133
3490456545.jpg,38.9639830508475,39.94234848022461,60.33349990844727,41.26574695110321,30.09583353996277,50.79962342977524,48.89284813404083,52.706398725509644,49.26574695110321,46.26574695110321,50.13792419433594,48.098809051513676,52.177039337158206,47.94234848022461,44.94234848022461
2836089223.jpg,39.6155462184874,49.39466857910156,73.23420715332031,54.51048016548157,60.497891902923584,63.87234365940094,61.99997096061706,65.7447163581848,62.51048016548157,59.51048016548157,61.31443786621094,58.930484008789065,63.69839172363281,57.39466857910156,54.39466857910156
5416465084.jpg,52.0590551181102,43.75081634521485,63.245826721191406,46.81455492973328,40.41637182235718,55.03019082546234,53.387063646316534,56.67331800460816,54.81455492973328,51.81455492973328,53.498321533203125,51.548820495605476,55.44782257080078,51.75081634521485,48.75081634521485
8090282985.jpg,44.8125,51.344974517822266,72.27921295166016,50.92850923538208,47.71644175052643,61.60386109352112,59.46879072189331,63.73893146514892,58.92850923538208,55.92850923538208,61.81209373474121,59.71866989135742,63.905517578125,59.344974517822266,56.344974517822266
4374263037.jpg,61.6964285714286,59.06064987182617,71.6845932006836,55.15893697738648,54.083895683288574,63.421765089035034,61.769199466705324,65.07433071136475,63.15893697738648,60.15893697738648,65.37262153625488,64.11022720336913,66.63501586914063,65.37262153625488,64.06064987182617
4295525241.jpg,40.4511278195489,37.101016998291016,64.80845642089844,38.82451355457306,33.67222845554352,51.81648498773575,49.21809070110321,54.41487927436828,46.82451355457306,43.82451355457306,50.95473670959473,48.18399276733398,53.72548065185546,45.101016998291016,42.101016998291016
10911095273.jpg,71.3805309734513,68.32946014404297,75.197509765625,74.30860996246338,78.33473682403564,74.75305986404419,74.66416988372802,74.84194984436036,74.75305986404419,74.75305986404419,71.76348495483398,71.07667999267578,72.45028991699219,71.76348495483398,71.76348495483398
5129172.jpg,18.5399159663866,27.97202491760254,64.34801483154297,33.218392729759216,27.39303410053253,48.78320378065109,45.67024157047272,51.896165990829466,41.218392729759216,38.218392729759216,46.160019874572754,42.52242088317871,49.7976188659668,35.97202491760254,32.97202491760254
4605755313.jpg,49.2889908256881,58.55816268920898,68.6651382446289,62.85694241523743,53.19545269012451,65.76104032993317,65.18022074699402,66.34185991287231,65.76104032993317,65.76104032993317,63.611650466918945,62.60095291137695,64.62234802246094,63.611650466918945,63.611650466918945
6845434524.jpg,74.1041666666667,73.6317367553711,76.81578826904297,71.86068296432495,74.45123791694641,74.33823561668396,73.84272508621216,74.83374614715575,74.33823561668396,74.33823561668396,75.22376251220703,74.90535736083984,75.54216766357422,75.22376251220703,75.22376251220703
6323869799.jpg,69.13125,61.04999923706055,72.08220672607422,72.19281196594238,71.28860354423523,72.1375093460083,72.14856986999511,72.12644882202147,72.1375093460083,72.1375093460083,66.56610298156738,65.46288223266602,67.66932373046875,66.56610298156738,66.56610298156738
6337822588.jpg,47.9105839416058,49.30993270874024,72.01299285888672,42.27904379367829,39.91901874542236,57.1460183262825,54.17262341976166,60.11941323280335,50.27904379367829,47.27904379367829,60.66146278381348,58.39115676879884,62.93176879882813,57.30993270874024,54.30993270874024
2191898704.jpg,63.6282608695652,68.34423828125,71.79502868652344,67.82562732696533,67.99509525299072,69.81032800674438,69.41338787078857,70.2072681427002,69.81032800674438,69.81032800674438,70.06963348388672,69.72455444335938,70.41471252441406,70.06963348388672,70.06963348388672
8412460969.jpg,38.3421052631579,26.91059875488281,55.86687850952149,44.8958545923233,35.05961894989014,50.381366550922394,49.28426415920258,51.478468942642216,50.381366550922394,50.381366550922394,41.38873863220215,38.49311065673828,44.284366607666016,34.91059875488281,31.91059875488281
4617747913.jpg,48.0691964285714,47.176361083984375,74.68698120117188,63.174307346344,59.18951630592346,68.93064427375793,67.77937688827515,70.08191165924073,68.93064427375793,68.93064427375793,60.931671142578125,58.18060913085938,63.682733154296876,55.176361083984375,52.176361083984375
8668692139.jpg,41.725,48.55034637451172,68.21072387695312,47.63691127300263,39.74727094173432,57.923817574977875,55.86643631458283,59.98119883537292,55.63691127300263,52.63691127300263,58.38053512573242,56.41449737548828,60.34657287597656,56.55034637451172,53.55034637451172
6153807982.jpg,66.7053571428571,70.22074890136719,74.71971130371094,71.81914448738098,75.4737377166748,73.26942789554596,72.97937121391297,73.55948457717895,73.26942789554596,73.26942789554596,72.47023010253906,72.02033386230468,72.92012634277344,72.47023010253906,72.47023010253906
1063351510.jpg,47.1153846153846,60.46831130981445,78.45418548583984,62.132859230041504,72.12934494018555,70.29352235794067,68.66138973236085,71.9256549835205,70.1328592300415,67.1328592300415,69.46124839782715,67.66266098022462,71.25983581542968,68.46831130981445,65.46831130981445
8203037764.jpg,67.75,70.09901428222656,75.78346252441406,65.03031849861145,65.18163084983826,70.40689051151276,69.3315761089325,71.48220491409302,70.40689051151276,70.40689051151276,72.94123840332031,72.37279357910157,73.50968322753906,72.94123840332031,72.94123840332031
9916890605.jpg,56.1285046728972,50.55778503417969,72.73805236816406,59.644103050231934,57.06918239593506,66.191077709198,64.88168277740479,67.5004726409912,66.191077709198,64.64410305023193,61.647918701171875,59.42989196777344,63.865945434570314,58.55778503417969,55.55778503417969
2670033779.jpg,55.0669642857143,51.89488220214844,70.24466705322266,49.72797334194183,48.322466015815735,59.986320197582245,57.93465082645416,62.03798956871032,57.72797334194183,54.72797334194183,61.06977462768555,59.23479614257812,62.90475311279297,59.89488220214844,56.89488220214844
4156345687.jpg,75.1938775510204,74.59635925292969,76.36337280273438,70.30490636825562,75.52039623260498,73.334139585495,72.72829294204712,73.93998622894287,73.334139585495,73.334139585495,75.47986602783203,75.30316467285155,75.6565673828125,75.47986602783203,75.47986602783203
5593028853.jpg,61.8341121495327,65.43453216552734,72.8392105102539,67.81750917434692,71.13678455352783,70.32835984230042,69.82618970870972,70.83052997589111,70.32835984230042,70.32835984230042,69.13687133789062,68.39640350341797,69.87733917236328,69.13687133789062,69.13687133789062
8623527706.jpg,54.0961538461538,53.94944381713867,72.32864379882812,61.64102554321289,62.110596895217896,66.98483467102051,65.91607284545898,68.05359649658203,66.98483467102051,66.98483467102051,63.1390438079834,61.30112380981445,64.97696380615234,61.94944381713867,58.94944381713867
8269777387.jpg,54.6642857142857,54.02157974243164,67.26936340332031,55.83113431930542,56.2938928604126,61.550248861312866,60.40642595291138,62.694071769714355,61.550248861312866,61.550248861312866,60.64547157287598,59.320693206787105,61.97024993896484,60.64547157287598,59.02157974243164
3102411945.jpg,56.275,71.47825622558594,74.4718246459961,70.41870951652527,71.77999019622803,72.44526708126068,72.0399555683136,72.85057859420776,72.44526708126068,72.44526708126068,72.97504043579102,72.67568359375,73.27439727783204,72.97504043579102,72.97504043579102
6655597997.jpg,60.6702586206897,50.447513580322266,70.85197448730469,59.510767459869385,56.10659718513489,65.18137097358704,64.0472502708435,66.31549167633057,65.18137097358704,65.18137097358704,60.64974403381348,58.60929794311524,62.690190124511716,58.447513580322266,55.447513580322266
6803864259.jpg,62.6,55.38521957397461,70.22576141357422,59.9705696105957,57.1941614151001,65.09816551208496,64.07264633178711,66.12368469238281,65.09816551208496,65.09816551208496,62.805490493774414,61.32143630981445,64.28954467773437,62.805490493774414,60.38521957397461
6073381897.jpg,73.1346153846154,67.86114501953125,74.2519302368164,73.22604656219482,76.54342651367188,73.73898839950562,73.63640003204345,73.84157676696776,73.73898839950562,73.73898839950562,71.05653762817383,70.4174591064453,71.69561614990235,71.05653762817383,71.05653762817383
9996001596.jpg,67.2190265486726,66.03347778320312,74.9660873413086,61.84752583503723,58.20234417915344,68.40680658817291,67.09495043754578,69.71866273880005,68.40680658817291,66.84752583503723,70.49978256225586,69.60652160644531,71.3930435180664,70.49978256225586,70.49978256225586
7391355184.jpg,77.5064102564103,77.26223754882812,76.06841278076172,72.19605445861816,76.05814337730408,74.13223361968994,73.74499778747558,74.51946945190429,74.13223361968994,74.13223361968994,76.66532516479492,76.78470764160156,76.54594268798829,76.66532516479492,76.66532516479492
4054847919.jpg,76.9951923076923,69.72267150878906,74.26119232177734,74.52936172485352,76.9133985042572,74.39527702331543,74.42209396362304,74.36846008300782,74.39527702331543,74.39527702331543,71.9919319152832,71.53807983398437,72.44578399658204,71.9919319152832,71.9919319152832
8347284037.jpg,57.9809322033898,57.88643646240234,77.57928466796875,61.24602556228638,64.93637561798096,69.41265511512756,67.77932920455933,71.0459810256958,69.24602556228638,66.24602556228638,67.73286056518555,65.76357574462891,69.70214538574218,65.88643646240234,62.88643646240234
3606644176.jpg,67.275,65.44851684570312,76.63956451416016,63.940006494522095,69.6616530418396,70.28978550434113,69.01982970237732,71.55974130630493,70.28978550434113,68.9400064945221,71.04404067993164,69.92493591308593,72.16314544677735,71.04404067993164,71.04404067993164
7822391242.jpg,60.0441176470588,57.38203048706055,70.49506378173828,65.61710834503174,64.17829990386963,68.05608606338501,67.56829051971435,68.54388160705565,68.05608606338501,68.05608606338501,63.938547134399414,62.62724380493164,65.24985046386718,63.938547134399414,62.38203048706055
4127400247.jpg,47.0721830985916,49.8775634765625,67.9653549194336,50.21473169326782,49.268487095832825,59.09004330635071,57.31498098373413,60.865105628967285,58.21473169326782,55.21473169326782,58.92145919799805,57.11268005371093,60.73023834228516,57.8775634765625,54.8775634765625
2960552821.jpg,23.9565217391304,30.272640228271484,56.386756896972656,28.68106961250305,23.536916077136997,42.533913254737854,39.763344526290894,45.304481983184814,36.68106961250305,33.68106961250305,43.32969856262207,40.71828689575195,45.94111022949219,38.272640228271484,35.272640228271484
5884745280.jpg,45.608407079646,51.95249938964844,69.79319763183594,58.7274432182312,56.41188621520996,64.26032042503357,63.15374498367309,65.36689586639403,64.26032042503357,64.26032042503357,60.87284851074219,59.08877868652344,62.656918334960935,59.95249938964844,56.95249938964844
5577977748.jpg,28.2884615384615,30.709192276000977,61.67444610595703,43.59705448150635,30.396556854248047,52.63575029373169,50.82801113128662,54.443489456176756,51.59705448150635,48.59705448150635,46.191819190979004,43.095293807983396,49.28834457397461,38.70919227600098,35.70919227600098
6874966846.jpg,71.5265486725664,78.6880874633789,78.97596740722656,71.95111513137817,75.83097219467163,75.46354126930237,74.76105604171752,76.16602649688721,75.46354126930237,75.46354126930237,78.83202743530273,78.80323944091796,78.8608154296875,78.83202743530273,78.83202743530273
6854146276.jpg,73.1081730769231,75.47331237792969,76.0564956665039,75.67181587219238,78.00222635269165,75.86415576934814,75.825687789917,75.90262374877929,75.86415576934814,75.86415576934814,75.7649040222168,75.70658569335937,75.82322235107422,75.7649040222168,75.7649040222168
5881048001.jpg,64.3910256410256,64.11389923095703,70.95630645751953,63.341641426086426,70.00266313552856,67.14897394180298,66.38750743865967,67.91044044494629,67.14897394180298,67.14897394180298,67.53510284423828,66.85086212158203,68.21934356689454,67.53510284423828,67.53510284423828
4213592284.jpg,49.2364864864865,53.94537734985352,70.2442398071289,50.4724383354187,41.90293252468109,60.358339071273804,58.381158924102785,62.33551921844482,58.4724383354187,55.4724383354187,62.09480857849121,60.46492233276368,63.72469482421875,61.94537734985352,58.94537734985352
6927744497.jpg,81.85,74.6551284790039,77.15825653076172,78.33646535873413,84.25215482711792,77.74736094474792,77.86518182754517,77.62954006195068,77.74736094474792,77.74736094474792,75.90669250488281,75.65637969970703,76.1570053100586,75.90669250488281,75.90669250488281
8404206319.jpg,62.4625,66.59324645996094,71.25177764892578,69.26897764205933,69.60669755935669,70.26037764549255,70.0620976448059,70.4586576461792,70.26037764549255,70.26037764549255,68.92251205444336,68.45665893554687,69.38836517333985,68.92251205444336,68.92251205444336
6143020134.jpg,68.5277777777778,70.72379302978516,83.66205596923828,69.42043900489807,76.39902234077454,76.54124748706818,75.11708579063415,77.9654091835022,76.54124748706818,74.42043900489807,77.19292449951172,75.8990982055664,78.48675079345703,77.19292449951172,75.72379302978516
4931966065.jpg,49.0441176470588,58.710391998291016,67.60098266601562,51.81663632392883,51.76462531089783,59.70880949497223,58.13037486076355,61.287244129180905,59.70880949497223,56.81663632392883,63.15568733215332,62.26662826538086,64.04474639892578,63.15568733215332,63.15568733215332
4953755434.jpg,58.45,55.04106903076172,68.73230743408203,57.34156370162964,58.7100625038147,63.036935567855835,61.8978611946106,64.17600994110107,63.036935567855835,63.036935567855835,61.886688232421875,60.517564392089845,63.255812072753905,61.886688232421875,60.04106903076172
5097561600.jpg,72.5705128205128,67.76010131835938,76.88009643554688,75.15501976013184,84.12514925003052,76.01755809783936,75.84505043029785,76.19006576538087,76.01755809783936,76.01755809783936,72.32009887695312,71.40809936523438,73.23209838867187,72.32009887695312,72.32009887695312
8230728519.jpg,69.8263888888889,50.01428985595703,69.75544738769531,64.87953662872314,60.250186920166016,67.31749200820923,66.82990093231201,67.80508308410644,67.31749200820923,67.31749200820923,59.88486862182617,57.910752868652345,61.858984375,58.01428985595703,55.01428985595703
3248930020.jpg,56.3279816513761,52.29538345336914,72.03295135498047,60.08208990097046,56.91125392913818,66.05752062797546,64.86243448257446,67.25260677337647,66.05752062797546,66.05752062797546,62.164167404174805,60.19041061401367,64.13792419433594,60.29538345336914,57.29538345336914
9847211516.jpg,62.1934782608696,64.7204818725586,74.41572570800781,56.672561168670654,59.3668520450592,65.54414343833923,63.76982698440552,67.31845989227295,64.67256116867065,61.672561168670654,69.5681037902832,68.59857940673828,70.53762817382812,69.5681037902832,69.5681037902832
23371433.jpg,43.5192307692308,50.844425201416016,74.9917984008789,63.59512805938721,75.1904547214508,69.29346323013306,68.15379619598389,70.43313026428223,69.29346323013306,69.29346323013306,62.91811180114746,60.50337448120117,65.33284912109374,58.844425201416016,55.844425201416016
6469192803.jpg,32.0848214285714,36.22988128662109,71.5793685913086,31.24871253967285,37.88217008113861,51.41404056549072,47.38097496032715,55.447106170654294,39.24871253967285,36.24871253967285,53.904624938964844,50.36967620849609,57.439573669433585,44.22988128662109,41.22988128662109
3576734927.jpg,63.2433035714286,68.92094421386719,76.87352752685547,66.2505030632019,74.99023675918579,71.56201529502869,70.49971284866334,72.62431774139404,71.56201529502869,71.56201529502869,72.89723587036133,72.1019775390625,73.69249420166017,72.89723587036133,72.89723587036133
6867407079.jpg,48.2901785714286,40.293487548828125,62.301753997802734,49.26789999008179,35.46278774738312,55.78482699394226,54.48144159317017,57.088212394714354,55.78482699394226,54.26789999008179,51.29762077331543,49.09679412841797,53.49844741821289,48.293487548828125,45.293487548828125
8179614383.jpg,57.6923076923077,45.373497009277344,73.5377197265625,55.85029721260071,52.07948684692383,64.6940084695816,62.92526621818543,66.46275072097778,63.85029721260071,60.85029721260071,59.45560836791992,56.63918609619141,62.272030639648435,53.373497009277344,50.373497009277344
3783312451.jpg,31.2021739130435,26.0635986328125,63.72274017333984,51.27952098846436,43.73013973236084,57.5011305809021,56.25680866241456,58.74545249938964,57.5011305809021,56.27952098846436,44.89316940307617,41.127255249023435,48.6590835571289,34.0635986328125,31.0635986328125
5222301193.jpg,33.0375,38.974220275878906,62.47908782958984,32.998454570770264,29.62075769901276,47.738771200180054,44.79070787429809,50.68683452606201,40.998454570770264,37.998454570770264,50.726654052734375,48.37616729736328,53.07714080810547,46.974220275878906,43.974220275878906
8627391076.jpg,72.799504950495,66.44840240478516,75.75373077392578,72.44853973388672,73.49855303764343,74.10113525390625,73.77061614990234,74.43165435791016,74.10113525390625,74.10113525390625,71.10106658935547,70.1705337524414,72.03159942626954,71.10106658935547,71.10106658935547
4887400905.jpg,61.45,68.63278198242188,76.7323989868164,71.56654596328735,73.08533191680908,74.14947247505188,73.63288717269897,74.66605777740477,74.14947247505188,74.14947247505188,72.68259048461914,71.87262878417968,73.4925521850586,72.68259048461914,72.68259048461914
8228841274.jpg,61.84375,71.72140502929688,79.56824493408203,61.99954152107239,67.76087284088135,70.78389322757721,69.02702288627624,72.54076356887816,69.99954152107239,66.99954152107239,75.64482498168945,74.86014099121094,76.42950897216797,75.64482498168945,75.64482498168945
3665983083.jpg,78.1486486486486,75.09394836425781,78.81015014648438,69.2084789276123,75.40706992149353,74.00931453704834,73.04914741516113,74.96948165893554,74.00931453704834,74.00931453704834,76.9520492553711,76.58042907714844,77.32366943359375,76.9520492553711,76.9520492553711
5354173860.jpg,75.3139534883721,82.69283294677734,79.08110809326172,66.66808128356934,70.51914930343628,72.87459468841553,71.63329200744629,74.11589736938475,72.87459468841553,71.66808128356934,80.88697052001953,81.24814300537109,80.52579803466796,80.88697052001953,80.88697052001953
1529757375.jpg,66.775,58.56440734863281,77.56610870361328,66.03944301605225,74.4937539100647,71.80277585983276,70.65010929107666,72.95544242858887,71.80277585983276,71.80277585983276,68.06525802612305,66.16508789062499,69.96542816162109,66.56440734863281,63.56440734863281
9919248523.jpg,68.35,58.71880340576172,76.39065551757812,60.447365045547485,64.23084735870361,68.4190102815628,66.82468123435974,70.01333932876587,68.4190102815628,65.44736504554749,67.55472946166992,65.78754425048828,69.32191467285156,66.71880340576172,63.71880340576172
9733980007.jpg,43.6495535714286,61.33563232421875,69.59408569335938,60.1140022277832,53.50743532180786,64.85404396057129,63.906035614013675,65.8020523071289,64.85404396057129,64.85404396057129,65.46485900878906,64.639013671875,66.29070434570312,65.46485900878906,65.46485900878906
3850107264.jpg,56.1848739495798,69.19003295898438,73.50978088378906,68.95055770874023,68.82228255271912,71.23016929626465,70.77424697875976,71.68609161376952,71.23016929626465,71.23016929626465,71.34990692138672,70.91793212890624,71.7818817138672,71.34990692138672,71.34990692138672
8568057395.jpg,59.3792372881356,62.52404022216797,73.77971649169922,58.89915227890015,58.0874502658844,66.33943438529968,64.85137796401978,67.82749080657959,66.33943438529968,63.89915227890015,68.1518783569336,67.02631072998047,69.27744598388672,68.1518783569336,68.1518783569336
6748287295.jpg,66.3653846153846,69.56231689453125,70.02501678466797,58.00822973251343,60.25352478027344,64.0166232585907,62.81494455337524,65.21830196380614,64.0166232585907,63.00822973251343,69.79366683959961,69.74739685058594,69.83993682861328,69.79366683959961,69.79366683959961
5158869275.jpg,50.9729299363057,45.73308944702149,66.95931243896484,47.709453105926514,36.51420772075653,57.33438277244568,55.40939683914185,59.25936870574951,55.709453105926514,52.709453105926514,56.346200942993164,54.22357864379883,58.4688232421875,53.73308944702149,50.73308944702149
5889219072.jpg,68.3871681415929,73.93811798095703,73.15937805175781,71.5553879737854,67.82695055007935,72.3573830127716,72.19698400497437,72.51778202056884,72.3573830127716,72.3573830127716,73.54874801635742,73.62662200927736,73.4708740234375,73.54874801635742,73.54874801635742
9353536560.jpg,59.5614754098361,67.48076629638672,75.80491638183594,69.87724304199219,72.73982167243958,72.84107971191406,72.2483123779297,73.43384704589843,72.84107971191406,72.84107971191406,71.64284133911133,70.8104263305664,72.47525634765626,71.64284133911133,71.64284133911133
8428991513.jpg,31.1551724137931,43.052581787109375,71.01081085205078,39.34081196784973,39.58703279495239,55.175811409950256,52.00881152153015,58.34281129837036,47.34081196784973,44.34081196784973,57.03169631958008,54.23587341308594,59.827519226074216,51.052581787109375,48.052581787109375
9281657562.jpg,72.0089285714286,73.59992218017578,73.63639068603516,73.09248447418213,81.61357045173645,73.36443758010864,73.31004695892334,73.41882820129393,73.36443758010864,73.36443758010864,73.61815643310547,73.61450958251953,73.6218032836914,73.61815643310547,73.61815643310547
2768178889.jpg,42.6880530973451,38.35358047485352,62.7132453918457,46.43549621105194,48.40312600135803,54.57437080144882,52.94659588336945,56.2021457195282,54.43549621105194,51.43549621105194,50.53341293334961,48.09744644165039,52.96937942504883,46.35358047485352,43.35358047485352
8645856155.jpg,64.8141025641026,69.41265869140625,80.16329193115234,71.7987060546875,77.48721241950989,75.98099899291992,75.14454040527343,76.81745758056641,75.98099899291992,75.98099899291992,74.7879753112793,73.7129119873047,75.8630386352539,74.7879753112793,74.7879753112793
9586652263.jpg,74.9527027027027,69.96430969238281,78.75090789794922,71.258944272995,75.69466829299927,75.0049260854721,74.25572972297668,75.75412244796752,75.0049260854721,75.0049260854721,74.35760879516602,73.47894897460938,75.23626861572265,74.35760879516602,74.35760879516602
10819329365.jpg,59.9911504424779,53.359474182128906,71.6407241821289,59.844571352005005,59.47745442390442,65.74264776706696,64.56303248405456,66.92226305007935,65.74264776706696,65.74264776706696,62.500099182128906,60.671974182128906,64.3282241821289,61.359474182128906,58.359474182128906
4359682859.jpg,78.1913043478261,74.52928924560547,78.31542205810547,74.74455833435059,80.17611503601074,76.52999019622803,76.17290382385254,76.8870765686035,76.52999019622803,76.52999019622803,76.42235565185547,76.04374237060547,76.80096893310547,76.42235565185547,76.42235565185547
5251074570.jpg,53.31875,42.66755294799805,67.85256958007812,57.90425539016724,60.14842987060547,62.87841248512268,61.8835810661316,63.87324390411378,62.87841248512268,62.87841248512268,55.260061264038086,52.74155960083008,57.7785629272461,50.66755294799805,47.66755294799805
5468605223.jpg,63.15,59.65280532836914,70.72831726074219,59.41129922866821,58.87832045555115,65.0698082447052,63.93810644149781,66.20151004791259,65.0698082447052,65.0698082447052,65.19056129455566,64.08301010131837,66.29811248779296,65.19056129455566,65.19056129455566
6199370121.jpg,76.4695652173913,77.2865219116211,76.07440948486328,70.00575065612793,76.7404854297638,73.0400800704956,72.43321418762207,73.64694595336914,73.0400800704956,73.0400800704956,76.68046569824219,76.80167694091796,76.5592544555664,76.68046569824219,76.68046569824219
5831366691.jpg,59.025,63.53649139404297,74.28024291992188,53.39490175247192,61.49262189865112,63.8375723361969,61.7490382194519,65.9261064529419,61.39490175247192,58.39490175247192,68.90836715698242,67.83399200439453,69.98274230957031,68.90836715698242,68.90836715698242
4282135501.jpg,56.9247787610619,57.29553985595703,84.87855529785156,62.73221969604492,75.83377361297607,73.80538749694824,71.59075393676758,76.0200210571289,70.73221969604492,67.73221969604492,71.0870475769043,68.32874603271483,73.84534912109376,65.29553985595703,62.29553985595703
7641363622.jpg,66.0833333333333,67.4576187133789,75.69004821777344,70.1567530632019,77.46585607528687,72.92340064048767,72.37007112503052,73.47673015594482,72.92340064048767,72.92340064048767,71.57383346557617,70.75059051513672,72.39707641601562,71.57383346557617,71.57383346557617
6253829392.jpg,59.7125,66.46648406982422,81.03335571289062,72.41113185882568,80.45137524604797,76.72224378585815,75.86002140045167,77.58446617126464,76.72224378585815,76.72224378585815,73.74991989135742,72.29323272705079,75.20660705566405,73.74991989135742,71.46648406982422
629401204.jpg,43.7058823529412,64.26004028320312,73.62848663330078,65.05506038665771,73.28364849090576,69.34177350997925,68.48443088531494,70.19911613464356,69.34177350997925,69.34177350997925,68.94426345825195,68.00741882324219,69.88110809326172,68.94426345825195,68.94426345825195
5660186741.jpg,37.3970588235294,55.29591751098633,77.25399780273438,60.198259353637695,68.62608790397644,68.72612857818604,67.02055473327637,70.4317024230957,68.1982593536377,65.1982593536377,66.27495765686035,64.07914962768555,68.47076568603515,63.29591751098633,60.29591751098633
6947149263.jpg,47.0183486238532,49.33384323120117,65.03003692626953,55.43421506881714,55.00568151473999,60.232125997543335,59.2725438117981,61.191708183288576,60.232125997543335,60.232125997543335,57.18194007873535,55.61232070922851,58.75155944824219,57.18194007873535,54.33384323120117
8492640738.jpg,53.8970588235294,58.97124481201172,70.52224731445312,56.759512424468994,57.84622430801392,63.64087986946106,62.26460638046265,65.01715335845947,63.64087986946106,61.759512424468994,64.74674606323242,63.591645812988276,65.90184631347657,64.74674606323242,64.74674606323242
9346372358.jpg,74.8080357142857,72.8779525756836,77.92015838623047,76.03545188903809,84.53915119171143,76.97780513763428,76.78933448791504,77.16627578735351,76.97780513763428,76.97780513763428,75.39905548095703,74.89483489990235,75.90327606201171,75.39905548095703,75.39905548095703
6974731766.jpg,35.3995535714286,47.88036346435547,67.75205993652344,41.99899733066559,35.86034178733826,54.87552863359451,52.30022237300873,57.450834894180296,49.99899733066559,46.99899733066559,57.81621170043945,55.82904205322266,59.80338134765625,55.88036346435547,52.88036346435547
7092360919.jpg,50.5,63.25196075439453,73.96793365478516,57.6195240020752,62.92839050292969,65.79372882843018,64.15888786315918,67.42856979370117,65.6195240020752,62.6195240020752,68.60994720458984,67.53834991455078,69.68154449462891,68.60994720458984,68.60994720458984
4591422965.jpg,76.4391891891892,75.4085693359375,78.5263900756836,77.23945379257202,80.45957684516907,77.88292193412781,77.75422830581665,78.01161556243896,77.88292193412781,77.88292193412781,76.96747970581055,76.65569763183595,77.27926177978516,76.96747970581055,76.96747970581055
2639149999.jpg,68.0023364485981,71.29399108886719,81.92144012451172,66.25850200653076,73.29460978507996,74.08997106552124,72.52367725372315,75.65626487731933,74.08997106552124,71.25850200653076,76.60771560668945,75.54497070312499,77.67046051025392,76.60771560668945,76.60771560668945
9496541245.jpg,64.9375,60.98482894897461,63.61364364624024,61.170268058776855,57.49545097351074,62.391955852508545,62.14761829376221,62.63629341125488,62.391955852508545,62.391955852508545,62.29923629760742,62.03635482788086,62.56211776733399,62.29923629760742,62.29923629760742
7165207702.jpg,67.5945945945946,68.9312515258789,70.93574523925781,65.9909725189209,64.53811526298523,68.46335887908936,67.96888160705566,68.95783615112305,68.46335887908936,68.46335887908936,69.93349838256836,69.73304901123046,70.13394775390626,69.93349838256836,69.93349838256836
4187182991.jpg,46.9343220338983,64.20703125,78.55915069580078,60.51982641220093,65.92024564743042,69.53948855400085,67.73555612564087,71.34342098236084,68.51982641220093,65.51982641220093,71.38309097290039,69.9478790283203,72.81830291748047,71.38309097290039,69.20703125
3918280584.jpg,60.3108108108108,61.824989318847656,73.38069152832031,53.28689813613892,57.85934329032898,63.333794832229614,61.32441549301148,65.34317417144776,61.28689813613892,58.28689813613892,67.60284042358398,66.44727020263672,68.75841064453124,67.60284042358398,67.60284042358398
5573453953.jpg,55.9495412844037,65.21759796142578,74.63307189941406,51.36727690696716,61.29799485206604,63.00017440319061,60.673594903945926,65.3267539024353,59.36727690696716,56.36727690696716,69.92533493041992,68.9837875366211,70.86688232421875,69.92533493041992,69.92533493041992
9290273110.jpg,47.921875,62.26559066772461,71.50138854980469,65.00662565231323,65.36162495613098,68.25400710105896,67.60453081130981,68.9034833908081,68.25400710105896,68.25400710105896,66.88348960876465,65.95990982055665,67.80706939697265,66.88348960876465,66.88348960876465
8442013836.jpg,46.7843511450382,38.91754913330078,64.0767822265625,44.850462675094604,37.470680475234985,54.46362245082855,52.54099049568177,56.38625440597534,52.850462675094604,49.850462675094604,51.49716567993164,48.98124237060547,54.01308898925782,46.91754913330078,43.91754913330078
3794461596.jpg,71.0441176470588,73.25996398925781,80.76527404785156,70.74940204620361,79.3994665145874,75.75733804702759,74.7557508468628,76.75892524719238,75.75733804702759,75.75733804702759,77.01261901855469,76.26208801269532,77.76315002441406,77.01261901855469,77.01261901855469
8862366940.jpg,61.5491071428571,53.28314971923828,67.13309478759766,61.61023378372192,46.23848795890808,64.37166428565979,63.819378185272214,64.92395038604735,64.37166428565979,64.37166428565979,60.20812225341797,58.82312774658203,61.593116760253906,60.20812225341797,58.28314971923828
11406584295.jpg,55.3310810810811,57.54076766967773,73.27130889892578,61.05613708496094,55.018770694732666,67.16372299194336,65.94220581054688,68.38524017333984,67.16372299194336,66.05613708496094,65.40603828430176,63.832984161376956,66.97909240722656,65.40603828430176,62.54076766967773
9714595106.jpg,48.1637168141593,63.77901840209961,76.43706512451172,67.71547794342041,72.09780216217041,72.07627153396606,71.20411281585693,72.94843025207518,72.07627153396606,72.07627153396606,70.10804176330566,68.84223709106445,71.37384643554688,70.10804176330566,68.77901840209961
5936087565.jpg,58.825,52.96413803100586,72.4634780883789,67.00743436813354,67.40921139717102,69.73545622825623,69.18985185623168,70.28106060028077,69.73545622825623,69.73545622825623,62.71380805969238,60.76387405395508,64.66374206542969,60.96413803100586,57.96413803100586
5902359095.jpg,67.146017699115,75.05294799804688,69.27538299560547,64.7228479385376,60.600852966308594,66.99911546707153,66.54386196136474,67.45436897277833,66.99911546707153,66.99911546707153,72.16416549682617,72.7419219970703,71.58640899658204,72.16416549682617,72.16416549682617
3107928091.jpg,47.0940366972477,51.88044357299805,70.46642303466797,58.01633596420288,57.85326957702637,64.24137949943542,62.996370792388916,65.48638820648193,64.24137949943542,63.01633596420288,61.17343330383301,59.31483535766601,63.03203125,59.88044357299805,56.88044357299805
4309440479.jpg,58.75,69.52539825439453,75.22283172607422,64.8209273815155,68.36064457893372,70.02187955379486,68.981689119339,71.06206998825073,70.02187955379486,70.02187955379486,72.37411499023438,71.8043716430664,72.94385833740235,72.37411499023438,72.37411499023438
8120809574.jpg,55.1824324324324,58.61918258666992,74.28557586669922,61.1599326133728,62.23686933517456,67.72275424003601,66.41018991470337,69.03531856536864,67.72275424003601,66.1599326133728,66.45237922668457,64.88573989868163,68.0190185546875,66.45237922668457,63.61918258666992
7674660830.jpg,68.1323529411765,69.95105743408203,77.77249908447266,76.38632655143738,81.39939308166504,77.07941281795502,76.9407955646515,77.21803007125854,77.07941281795502,77.07941281795502,73.86177825927734,73.07963409423829,74.6439224243164,73.86177825927734,73.86177825927734
8737972385.jpg,68.5277777777778,67.97443389892578,72.35028839111328,75.94599723815918,79.29353713989258,74.14814281463623,74.50771369934083,73.78857192993163,74.14814281463623,74.14814281463623,70.16236114501953,69.72477569580079,70.59994659423828,70.16236114501953,70.16236114501953
3928559890.jpg,63.3169642857143,63.04220199584961,72.97673797607422,58.01830887794495,63.4617805480957,65.49752342700958,64.00168051719666,66.99336633682252,65.49752342700958,63.01830887794495,68.00946998596191,67.01601638793946,69.00292358398437,68.00946998596191,68.00946998596191
3364722083.jpg,44.5334821428571,44.7245979309082,61.06145477294922,51.66653394699097,54.133617877960205,56.36399435997009,55.42450227737427,57.30348644256592,56.36399435997009,56.36399435997009,52.89302635192871,51.259340667724615,54.526712036132814,52.7245979309082,49.7245979309082
8195491375.jpg,50.651376146789,56.906097412109375,71.34033203125,55.526840686798096,49.5391845703125,63.43358635902405,61.85223722457886,65.01493549346924,63.43358635902405,60.526840686798096,64.12321472167969,62.67979125976562,65.56663818359375,64.12321472167969,61.906097412109375
2931922629.jpg,63.5862068965517,68.19503784179688,75.06961059570312,66.29334688186646,74.96674060821533,70.68147873878479,69.80385236740112,71.55910511016845,70.68147873878479,70.68147873878479,71.63232421875,70.94486694335937,72.31978149414061,71.63232421875,71.63232421875
10043785683.jpg,71.2043269230769,70.38924407958984,78.01109313964844,69.1371202468872,70.10557651519775,73.57410669326782,72.6867094039917,74.46150398254395,73.57410669326782,73.57410669326782,74.20016860961914,73.43798370361327,74.962353515625,74.20016860961914,74.20016860961914
499095228.jpg,81.9862385321101,80.20091247558594,77.76673889160156,80.84968328475952,86.57701015472412,79.30821108818054,79.61650552749634,78.99991664886474,79.30821108818054,79.30821108818054,78.98382568359375,79.22724304199218,78.74040832519532,78.98382568359375,78.98382568359375
6030228496.jpg,79.7094594594595,72.90294647216797,78.61394500732422,74.96850490570068,83.0712378025055,76.79122495651245,76.4266809463501,77.1557689666748,76.79122495651245,76.79122495651245,75.7584457397461,75.18734588623047,76.32954559326171,75.7584457397461,75.7584457397461
6766779583.jpg,66.4260869565217,72.8787612915039,74.69297790527344,63.80288600921631,64.54400420188904,69.24793195724487,68.15892276763915,70.33694114685059,69.24793195724487,69.24793195724487,73.78586959838867,73.60444793701171,73.96729125976563,73.78586959838867,73.78586959838867
5542509126.jpg,73.9977678571429,76.75344848632812,74.91654205322266,78.7568747997284,83.03457498550415,76.83670842647552,77.2207417011261,76.45267515182495,76.83670842647552,76.83670842647552,75.83499526977539,76.01868591308593,75.65130462646485,75.83499526977539,75.83499526977539
8523298395.jpg,66.7620192307692,63.01890182495117,72.9122314453125,69.22614574432373,70.31699419021606,71.06918859481812,70.70058002471924,71.43779716491699,71.06918859481812,71.06918859481812,67.96556663513184,66.9762336730957,68.95489959716798,67.96556663513184,67.96556663513184
5885686436.jpg,71.1949152542373,72.01885986328125,73.56595611572266,64.21583890914917,70.34670114517212,68.89089751243591,67.95588579177857,69.82590923309326,68.89089751243591,68.89089751243591,72.79240798950195,72.63769836425782,72.9471176147461,72.79240798950195,72.79240798950195
8232391054.jpg,59.754347826087,66.81097412109375,78.39982604980469,70.2710747718811,76.508629322052,74.3354504108429,73.52257528305054,75.14832553863525,74.3354504108429,74.3354504108429,72.60540008544922,71.44651489257812,73.76428527832032,72.60540008544922,72.60540008544922
5884690824.jpg,64.1526548672566,70.99356079101562,78.04774475097656,71.5541124343872,74.84414577484131,74.80092859268188,74.15156536102295,75.45029182434081,74.80092859268188,74.80092859268188,74.5206527709961,73.815234375,75.22607116699218,74.5206527709961,74.5206527709961
6818698150.jpg,64.25,67.64997863769531,70.68656921386719,63.5137677192688,72.76607751846313,67.100168466568,66.38288831710815,67.81744861602783,67.100168466568,67.100168466568,69.16827392578125,68.86461486816407,69.47193298339843,69.16827392578125,69.16827392578125
8257779790.jpg,22.9533898305085,21.64608383178711,59.568145751953125,35.5455219745636,29.865744709968567,47.55683386325836,45.15457148551941,49.95909624099731,43.5455219745636,40.5455219745636,40.60711479187012,36.81490859985352,44.39932098388672,29.64608383178711,26.64608383178711
6160253188.jpg,29.0065789473684,34.12266540527344,73.87931823730469,54.809629917144775,50.10392665863037,64.34447407722473,62.43750524520874,66.25144290924072,62.809629917144775,59.809629917144775,54.00099182128906,50.025326538085935,57.97665710449219,42.12266540527344,39.12266540527344
3416752031.jpg,68.533185840708,72.57059478759766,74.13776397705078,67.75892972946167,73.8426685333252,70.94834685325623,70.31046342849731,71.58623027801514,70.94834685325623,70.94834685325623,73.35417938232422,73.19746246337891,73.51089630126953,73.35417938232422,73.35417938232422
10027582235.jpg,77.1377118644068,70.11544799804688,74.48863983154297,72.61543273925781,78.97006273269653,73.55203628540039,73.36471557617188,73.7393569946289,73.55203628540039,73.55203628540039,72.30204391479492,71.8647247314453,72.73936309814454,72.30204391479492,72.30204391479492
10579282866.jpg,63.3181818181818,50.52235794067383,66.71418762207031,55.08358478546143,49.7376561164856,60.89888620376587,59.735825920104986,62.061946487426766,60.89888620376587,60.89888620376587,58.61827278137207,56.99908981323242,60.237455749511724,58.52235794067383,55.52235794067383
6777036983.jpg,78.5202702702703,80.53351593017578,80.02848052978516,76.8681526184082,81.40880465507507,78.44831657409668,78.13228378295898,78.76434936523438,78.44831657409668,78.44831657409668,80.28099822998047,80.33150177001953,80.23049468994141,80.28099822998047,80.28099822998047
5901783769.jpg,63.7717391304348,80.51598358154297,79.1316909790039,77.08197832107544,81.1330258846283,78.10683465003967,77.90186338424682,78.31180591583251,78.10683465003967,78.10683465003967,79.82383728027344,79.96226654052734,79.68540802001954,79.82383728027344,79.82383728027344
6150431643.jpg,57.1,32.72321701049805,59.83855819702149,48.16058576107025,42.98526644706726,53.99957197904587,52.83177473545075,55.16736922264099,53.99957197904587,53.99957197904587,46.280887603759766,43.56935348510743,48.99242172241211,40.72321701049805,37.72321701049805
9028566654.jpg,71.0114678899083,74.39981079101562,76.59098815917969,74.04841780662537,78.08387279510498,75.31970298290253,75.06544594764709,75.57396001815795,75.31970298290253,75.31970298290253,75.49539947509766,75.27628173828126,75.71451721191406,75.49539947509766,75.49539947509766
5027216651.jpg,66.1897321428571,71.99290466308594,75.5721206665039,71.21171951293945,74.5417594909668,73.39192008972168,72.95587997436523,73.82796020507811,73.39192008972168,73.39192008972168,73.78251266479492,73.42459106445312,74.14043426513672,73.78251266479492,73.78251266479492
8544556866.jpg,65.453125,63.941444396972656,75.65577697753906,71.3698148727417,77.21242904663086,73.51279592514038,73.08419971466064,73.9413921356201,73.51279592514038,73.51279592514038,69.79861068725586,68.62717742919922,70.9700439453125,69.79861068725586,69.79861068725586
5308397567.jpg,74.0389908256881,84.72444152832031,74.44204711914062,75.85186958312988,79.61593866348267,75.14695835113525,75.28794059753417,75.00597610473633,75.14695835113525,75.14695835113525,79.58324432373047,80.61148376464844,78.5550048828125,79.58324432373047,79.58324432373047
8282948203.jpg,52.75,61.2034912109375,71.12598419189453,62.53446340560913,62.01522350311279,66.83022379875183,65.97107172012329,67.68937587738037,66.83022379875183,66.83022379875183,66.16473770141602,65.1724884033203,67.15698699951172,66.16473770141602,66.16473770141602
4922516594.jpg,44.0337837837838,48.47735977172852,71.37603759765625,54.131847620010376,58.30041170120239,62.75394260883331,61.029523611068726,64.4783616065979,62.131847620010376,59.131847620010376,59.92669868469238,57.63683090209961,62.21656646728516,56.47735977172852,53.47735977172852
3892086124.jpg,61.2928082191781,61.77260971069336,68.42329406738281,58.68608355522156,53.81948947906494,63.554688811302185,62.58096776008606,64.52840986251832,63.554688811302185,63.554688811302185,65.09795188903809,64.43288345336914,65.76302032470703,65.09795188903809,65.09795188903809
2318824279.jpg,60.9173728813559,57.68450546264648,71.48987579345703,59.87581014633179,57.65522122383118,65.68284296989441,64.52143640518189,66.84424953460693,65.68284296989441,65.68284296989441,64.58719062805176,63.2066535949707,65.96772766113281,64.58719062805176,62.68450546264648
4900369405.jpg,59.0369565217391,63.58365631103516,72.5212173461914,65.0064766407013,63.632404804229736,68.76384699344635,68.01237292289734,69.51532106399536,68.76384699344635,68.76384699344635,68.05243682861328,67.15868072509767,68.94619293212891,68.05243682861328,68.05243682861328
5121622263.jpg,71.614406779661,67.53146362304688,74.09561157226562,68.69282722473145,70.84974646568298,71.39421939849854,70.85394096374512,71.93449783325195,71.39421939849854,71.39421939849854,70.81353759765625,70.15712280273436,71.46995239257812,70.81353759765625,70.81353759765625
2851510265.jpg,63.1399082568807,64.16117095947266,80.05500793457031,69.36696767807007,78.59814167022705,74.71098780632019,73.64218378067017,75.77979183197021,74.71098780632019,74.71098780632019,72.10808944702148,70.51870574951172,73.69747314453124,72.10808944702148,69.16117095947266
7166012405.jpg,58.4527027027027,48.95582580566406,74.5734634399414,59.284281730651855,76.74744129180908,66.92887258529663,65.39995441436767,68.45779075622559,66.92887258529663,64.28428173065186,61.764644622802734,59.202880859375,64.32640838623047,56.95582580566406,53.95582580566406
3597199001.jpg,71.3347457627119,63.57250595092773,72.89923858642578,67.09917187690735,77.15275883674622,69.99920523166656,69.41919856071472,70.5792119026184,69.99920523166656,69.99920523166656,68.23587226867676,67.30319900512694,69.16854553222656,68.23587226867676,68.23587226867676
6705759167.jpg,56.222972972973,44.99576568603516,65.76850128173828,49.40903186798096,56.63809776306152,57.58876657485962,55.952819633483884,59.22471351623535,57.40903186798096,54.40903186798096,55.38213348388672,53.30485992431641,57.459407043457034,52.99576568603516,49.99576568603516
5866763424.jpg,73.320564516129,67.83119201660156,77.15257263183594,69.8578953742981,77.95498371124268,73.50523400306702,72.77576627731324,74.2347017288208,73.50523400306702,73.50523400306702,72.49188232421875,71.55974426269532,73.42402038574218,72.49188232421875,72.49188232421875
6643932717.jpg,30.1351351351351,29.23887062072754,58.18669891357422,33.16413164138794,25.162234902381897,45.67541527748108,43.17315855026246,48.17767200469971,41.16413164138794,38.16413164138794,43.71278476715088,40.818001937866214,46.60756759643555,37.23887062072754,34.23887062072754
8596901738.jpg,34.3466386554622,51.64521789550781,73.13822937011719,45.84238231182098,43.5921847820282,59.490305840969086,56.76072113513946,62.219890546798695,53.84238231182098,50.84238231182098,62.3917236328125,60.24242248535156,64.54102478027343,59.64521789550781,56.64521789550781
5454031554.jpg,75.6319444444444,78.16632080078125,75.6812744140625,77.07311511039734,77.95177102088928,76.37719476222992,76.5163788318634,76.23801069259643,76.37719476222992,76.37719476222992,76.92379760742188,77.17230224609375,76.67529296875,76.92379760742188,76.92379760742188
9365989820.jpg,55.247641509434,64.65037536621094,66.84848022460938,54.134392738342285,52.34576463699341,60.49143648147583,59.22002773284912,61.762845230102535,60.49143648147583,59.134392738342285,65.74942779541016,65.52961730957031,65.96923828125,65.74942779541016,65.74942779541016
8455329161.jpg,79.6129807692308,70.78018188476562,73.08321380615234,71.72572612762451,77.68980264663696,72.40446996688843,72.26872119903564,72.54021873474122,72.40446996688843,72.40446996688843,71.93169784545898,71.7013946533203,72.16200103759766,71.93169784545898,71.93169784545898
2149719899.jpg,38.1621621621622,42.6503791809082,57.30078887939453,40.10812938213349,32.999953627586365,48.70445913076401,46.98519318103791,50.423725080490115,48.10812938213349,45.10812938213349,49.97558403015137,48.51054306030274,51.440625,49.97558403015137,47.6503791809082
4039710407.jpg,70.85,62.216552734375,74.28990936279297,65.37308096885681,74.92296099662781,69.83149516582489,68.93981232643128,70.7231780052185,69.83149516582489,69.83149516582489,68.25323104858398,67.04589538574218,69.46056671142578,68.25323104858398,67.216552734375
3206690420.jpg,56.6682242990654,59.96622467041016,72.49363708496094,63.782358169555664,63.62262964248657,68.1379976272583,67.26686973571778,69.00912551879883,68.1379976272583,68.1379976272583,66.22993087768555,64.97718963623048,67.48267211914063,66.22993087768555,64.96622467041016
6343064519.jpg,77.6180555555556,71.4626693725586,73.84126281738281,75.8391797542572,81.96541666984558,74.84022128582001,75.04001297950745,74.64042959213256,74.84022128582001,74.84022128582001,72.6519660949707,72.41410675048829,72.88982543945312,72.6519660949707,72.6519660949707
2902284957.jpg,76.1184210526316,70.47605895996094,77.3557357788086,67.28241443634033,71.06443643569946,72.31907510757446,71.31174297332764,73.32640724182129,72.31907510757446,72.31907510757446,73.91589736938477,73.2279296875,74.60386505126954,73.91589736938477,73.91589736938477
4026925102.jpg,65.8214285714286,72.79352569580078,78.02928161621094,69.26666498184204,77.49289274215698,73.64797329902649,72.7717116355896,74.52423496246337,73.64797329902649,73.64797329902649,75.41140365600586,74.88782806396485,75.93497924804687,75.41140365600586,75.41140365600586
2068650026.jpg,65.1928571428571,64.03948211669922,70.9527816772461,60.07755994796753,67.22869873046875,65.51517081260681,64.42764863967895,66.60269298553467,65.51517081260681,65.51517081260681,67.49613189697266,66.80480194091797,68.18746185302734,67.49613189697266,67.49613189697266
4047293612.jpg,68.3141592920354,69.26409912109375,76.70541381835938,68.47803592681885,69.2456603050232,72.59172487258911,71.76898708343506,73.41446266174316,72.59172487258911,72.59172487258911,72.98475646972656,72.240625,73.72888793945313,72.98475646972656,72.98475646972656
6708577729.jpg,65.9403669724771,67.16328430175781,72.14012908935547,67.51413345336914,66.34989976882935,69.8271312713623,69.36453170776367,70.28973083496093,69.8271312713623,69.8271312713623,69.65170669555664,69.15402221679688,70.1493911743164,69.65170669555664,69.65170669555664
8296218747.jpg,57.25,71.88221740722656,77.15433502197266,68.7057375907898,71.70915603637695,72.93003630638123,72.08517656326293,73.77489604949952,72.93003630638123,72.93003630638123,74.51827621459961,73.991064453125,75.04548797607421,74.51827621459961,74.51827621459961
9584749572.jpg,58.0326086956522,66.77561950683594,76.33657836914062,67.03541278839111,65.34278392791748,71.68599557876587,70.75587902069091,72.61611213684083,71.68599557876587,71.68599557876587,71.55609893798828,70.60000305175781,72.51219482421875,71.55609893798828,71.55609893798828
7613152858.jpg,73.9241071428571,79.012939453125,77.30108642578125,78.88033390045166,83.28729271888733,78.09071016311646,78.24863491058349,77.93278541564942,78.09071016311646,78.09071016311646,78.15701293945312,78.3281982421875,77.98582763671875,78.15701293945312,78.15701293945312
7004286982.jpg,77.7116935483871,76.44060516357422,76.06431579589844,70.38286924362183,76.70972347259521,73.22359251976013,72.65544786453248,73.79173717498779,73.22359251976013,73.22359251976013,76.25246047973633,76.2900894165039,76.21483154296875,76.25246047973633,76.25246047973633
4961486371.jpg,62.7351694915254,72.63871002197266,73.02848052978516,72.10139036178589,75.6066381931305,72.56493544578552,72.47222642898559,72.65764446258544,72.56493544578552,72.56493544578552,72.8335952758789,72.79461822509765,72.87257232666016,72.8335952758789,72.8335952758789
8321981131.jpg,59.6261061946903,59.12813186645508,67.07862854003906,60.88645458221436,57.7837347984314,63.98254156112671,63.36332416534424,64.60175895690918,63.98254156112671,63.98254156112671,63.10338020324707,62.30833053588867,63.89842987060547,63.10338020324707,63.10338020324707
8072879274.jpg,71.2345132743363,59.18386459350586,74.91637420654297,69.88828182220459,72.33041524887085,72.40232801437378,71.89951877593994,72.9051372528076,72.40232801437378,72.40232801437378,67.05011940002441,65.4768684387207,68.62337036132811,67.05011940002441,64.18386459350586
2604683646.jpg,58.3715596330275,60.1511344909668,74.29134368896484,62.951332330703735,63.64292502403259,68.62133800983429,67.48733687400818,69.7553391456604,68.62133800983429,68.62133800983429,67.22123908996582,65.80721817016601,68.63526000976563,67.22123908996582,65.1511344909668
3618795157.jpg,83.3443396226415,79.47409057617188,76.09404754638672,75.89790225028992,76.9427239894867,75.99597489833832,75.97636036872863,76.01558942794799,75.99597489833832,75.99597489833832,77.7840690612793,78.12207336425782,77.44606475830078,77.7840690612793,77.7840690612793
4154530402.jpg,53.25,63.58272171020508,74.323974609375,62.137895822525024,63.58236074447632,68.23093521595001,67.01232733726502,69.449543094635,68.23093521595001,67.13789582252502,68.95334815979004,67.87922286987305,70.02747344970703,68.95334815979004,68.95334815979004
8488319324.jpg,80.9396551724138,79.68893432617188,72.56839752197266,72.97405004501343,73.1393814086914,72.77122378349304,72.81178903579712,72.73065853118896,72.77122378349304,72.77122378349304,76.12866592407227,76.8407196044922,75.41661224365234,76.12866592407227,76.12866592407227
8567636458.jpg,55.0833333333333,60.77628326416016,72.99183654785156,64.72346186637878,61.16619110107422,68.85764920711517,68.0308117389679,69.68448667526245,68.85764920711517,68.85764920711517,66.88405990600586,65.66250457763672,68.105615234375,66.88405990600586,65.77628326416016
5602088551.jpg,67.2115384615385,59.4956169128418,74.12661743164062,61.97938919067383,67.54745244979858,68.05300331115723,66.83828048706054,69.2677261352539,68.05300331115723,66.97938919067383,66.81111717224121,65.34801712036133,68.27421722412109,66.81111717224121,64.4956169128418
473881316.jpg,16.984375,15.750628471374512,52.589237213134766,20.968279242515564,16.587233543395996,36.778758227825165,33.61666243076324,39.94085402488709,28.968279242515564,25.968279242515564,34.16993284225464,30.486071968078612,37.853793716430665,23.75062847137451,20.75062847137451
3365417061.jpg,51.4326086956522,48.67424774169922,77.03244018554688,58.56942534446716,71.06748223304749,67.80093276500702,65.95463128089905,69.64723424911499,66.56942534446716,63.56942534446716,62.85334396362305,60.01752471923828,65.68916320800781,56.67424774169922,53.67424774169922
4670590256.jpg,59.1959459459459,57.49623107910156,75.88582611083984,62.71494626998901,68.60412359237671,69.30038619041443,67.98329820632934,70.6174741744995,69.30038619041443,67.71494626998901,66.6910285949707,64.85206909179688,68.52998809814454,65.49623107910156,62.49623107910156
7561653238.jpg,71.4305555555556,72.66031646728516,80.23589324951172,69.29363012313843,74.96644258499146,74.76476168632507,73.67053537368776,75.85898799896239,74.76476168632507,74.76476168632507,76.44810485839844,75.69054718017578,77.20566253662109,76.44810485839844,76.44810485839844
8950318830.jpg,80.3783783783784,79.46098327636719,74.15958404541016,82.25436210632324,85.55954694747925,78.2069730758667,79.01645088195801,77.39749526977539,78.2069730758667,78.2069730758667,76.81028366088867,77.34042358398438,76.28014373779297,76.81028366088867,76.81028366088867
5260460290.jpg,51.2366071428571,62.062599182128906,72.30071258544922,66.67675971984863,65.90733528137207,69.48873615264893,68.92634086608886,70.05113143920897,69.48873615264893,69.48873615264893,67.18165588378906,66.15784454345703,68.2054672241211,67.18165588378906,67.18165588378906
8195268203.jpg,26.3340707964602,33.215362548828125,74.53347778320312,46.39051556587219,41.51942133903504,60.46199667453766,57.64770045280457,63.27629289627075,54.39051556587219,51.39051556587219,53.874420166015625,49.742608642578126,58.00623168945313,41.215362548828125,38.215362548828125
4268587808.jpg,66.019801980198,60.29294967651367,73.76134490966797,61.39256358146668,63.66394758224487,67.57695424556732,66.3400761127472,68.81383237838746,67.57695424556732,66.39256358146667,67.02714729309082,65.6803077697754,68.37398681640624,67.02714729309082,65.29294967651367
7555880012.jpg,47.5796460176991,55.35062026977539,77.56433868408203,55.67319989204407,62.77498602867127,66.61876928806305,64.42965540885925,68.80788316726685,63.67319989204407,60.67319989204407,66.45747947692871,64.23610763549804,68.67885131835938,63.35062026977539,60.35062026977539
4926447658.jpg,59.9610091743119,55.60468673706055,71.50653839111328,65.5920684337616,69.35742497444153,68.54930341243744,67.95785641670227,69.14075040817261,68.54930341243744,68.54930341243744,63.555612564086914,61.96542739868164,65.14579772949219,63.555612564086914,60.60468673706055
8904883731.jpg,70.1890756302521,65.84663391113281,73.86441802978516,67.35999584197998,68.87826919555664,70.61220693588257,69.96176471710206,71.26264915466308,70.61220693588257,70.61220693588257,69.85552597045898,69.05374755859376,70.65730438232421,69.85552597045898,69.85552597045898
149867784.jpg,72.8928571428571,69.53559875488281,75.1375961303711,76.16162300109863,82.16516971588135,75.64960956573486,75.75201225280762,75.54720687866211,75.64960956573486,75.64960956573486,72.33659744262695,71.77639770507812,72.89679718017578,72.33659744262695,72.33659744262695
9795395745.jpg,60.1378504672897,61.40193557739258,69.03397369384766,66.94019436836243,67.44929552078247,67.98708403110504,67.77770609855652,68.19646196365356,67.98708403110504,67.98708403110504,65.21795463562012,64.45475082397462,65.98115844726563,65.21795463562012,65.21795463562012
8905578199.jpg,77.1482300884956,65.60608673095703,77.96035766601562,66.66654944419861,68.88189315795898,72.31345355510712,71.18407273292542,73.44283437728882,72.31345355510712,72.31345355510712,71.78322219848633,70.54779510498047,73.01864929199219,71.78322219848633,70.60608673095703
3976452832.jpg,55.2567567567568,55.96022033691406,77.46029663085938,65.4670000076294,70.5261766910553,71.46364831924438,70.26431865692139,72.66297798156738,71.46364831924438,71.46364831924438,66.71025848388672,64.56025085449218,68.86026611328126,63.96022033691406,60.96022033691406
2786566950.jpg,31.2268907563025,47.023902893066406,71.99766540527344,60.09251475334168,62.04903721809387,66.04509007930756,64.85457501411437,67.23560514450074,66.04509007930756,66.04509007930756,59.51078414916992,57.01340789794922,62.00816040039062,55.023902893066406,52.023902893066406
4578563691.jpg,69.6517857142857,67.41213989257812,75.2756118774414,69.22417879104614,72.12363481521606,72.24989533424377,71.64475202560425,72.8550386428833,72.24989533424377,72.24989533424377,71.34387588500977,70.55752868652343,72.13022308349609,71.34387588500977,71.34387588500977
5451526397.jpg,63.6282608695652,69.47953796386719,70.76246643066406,65.51833152770996,71.63172960281372,68.14039897918701,67.6159854888916,68.66481246948243,68.14039897918701,68.14039897918701,70.12100219726562,69.99270935058594,70.24929504394531,70.12100219726562,70.12100219726562
6175384810.jpg,67.0793269230769,63.2923469543457,75.45654296875,67.37550497055054,69.99411582946777,71.41602396965027,70.60792016983032,72.22412776947021,71.41602396965027,71.41602396965027,69.37444496154785,68.15802536010742,70.59086456298829,69.37444496154785,68.2923469543457
10241895785.jpg,67.0736607142857,63.35665893554688,71.56510162353516,68.87199878692627,70.43331861495972,70.21855020523071,69.94923992156983,70.4878604888916,70.21855020523071,70.21855020523071,67.46088027954102,66.6400360107422,68.28172454833984,67.46088027954102,67.46088027954102
4598047073.jpg,54.3453389830508,48.73309326171875,76.10851287841797,59.930479526519775,63.18883895874024,68.01949620246887,66.40169286727905,69.63729953765869,67.93047952651978,64.93047952651978,62.42080307006836,59.68326110839844,65.15834503173828,56.73309326171875,53.73309326171875
3675002443.jpg,46.2710084033613,56.95514297485352,69.15322875976562,49.52724277973175,49.584102630615234,59.34023576974869,57.377637171745306,61.30283436775208,57.52724277973175,54.52724277973175,63.05418586730957,61.83437728881836,64.27399444580078,63.05418586730957,61.95514297485352
8021456503.jpg,72.7542016806723,75.34066772460938,74.56974792480469,70.41391134262085,73.2279896736145,72.49182963371277,72.07624597549439,72.90741329193115,72.49182963371277,72.49182963371277,74.95520782470703,75.03229980468751,74.87811584472657,74.95520782470703,74.95520782470703
10614052044.jpg,74.6207627118644,74.18338775634766,75.3792724609375,72.98077344894409,78.46543788909912,74.1800229549408,73.94017305374146,74.41987285614013,74.1800229549408,74.1800229549408,74.78133010864258,74.6617416381836,74.90091857910156,74.78133010864258,74.78133010864258
5514988242.jpg,62.5958646616541,63.65980911254883,72.98278045654297,68.31507682800293,66.58016443252563,70.64892864227295,70.18215827941894,71.11569900512694,70.64892864227295,70.64892864227295,68.3212947845459,67.38899765014648,69.25359191894532,68.3212947845459,68.3212947845459
6202637984.jpg,77.05,74.12096405029297,76.75625610351562,75.07913112640381,78.44319343566895,75.91769361495972,75.74998111724854,76.0854061126709,75.91769361495972,75.91769361495972,75.4386100769043,75.17508087158203,75.70213928222657,75.4386100769043,75.4386100769043
4937662029.jpg,71.0471698113208,68.22052001953125,75.16095733642578,65.46867489814758,71.11279964447021,70.31481611728668,69.34558787345887,71.2840443611145,70.31481611728668,70.31481611728668,71.69073867797852,70.99669494628907,72.38478240966796,71.69073867797852,71.69073867797852
9209619689.jpg,68.2090517241379,63.921630859375,82.97940063476562,59.86671447753906,64.88392353057861,71.42305755615234,69.11178894042969,73.734326171875,67.86671447753906,64.86671447753906,73.45051574707031,71.54473876953125,75.35629272460938,71.921630859375,68.921630859375
4256128407.jpg,31.4891304347826,35.2963981628418,58.1792221069336,29.88899052143097,21.52633219957352,44.03410631418228,41.205083155632025,46.863129472732545,37.88899052143097,34.88899052143097,46.737810134887695,44.449527740478516,49.026092529296875,43.2963981628418,40.2963981628418
2927008302.jpg,58.1554054054054,49.60418701171875,73.19915008544922,57.24031925201416,54.31208610534668,65.21973466873169,63.62385158538818,66.81561775207518,65.21973466873169,62.24031925201416,61.401668548583984,59.042172241210935,63.76116485595703,57.60418701171875,54.60418701171875
6929188980.jpg,70.8648648648649,75.34895324707031,74.6469497680664,70.97009420394897,71.34204506874084,72.80852198600769,72.44083642959595,73.17620754241943,72.80852198600769,72.80852198600769,74.99795150756836,75.06815185546876,74.92775115966796,74.99795150756836,74.99795150756836
5513962677.jpg,67.0,63.33160781860352,76.7347640991211,65.72512984275818,73.53328466415405,71.22994697093964,70.12898354530334,72.33091039657592,71.22994697093964,71.22994697093964,70.0331859588623,68.69287033081055,71.37350158691406,70.0331859588623,68.33160781860352
244484608.jpg,16.0441176470588,36.29719543457031,67.16932678222656,31.219038367271423,32.173317670822144,49.19418257474899,45.59915373325348,52.789211416244505,39.21903836727142,36.21903836727142,51.73326110839844,48.64604797363282,54.820474243164064,44.29719543457031,41.29719543457031
8670524662.jpg,61.84375,68.02635955810547,75.67707061767578,64.61739540100098,68.31800937652588,70.14723300933838,69.0412654876709,71.25320053100586,70.14723300933838,70.14723300933838,71.85171508789062,71.08664398193359,72.61678619384766,71.85171508789062,71.85171508789062
8496798280.jpg,66.554054054054,74.99687194824219,77.28992462158203,71.71440124511719,79.3939471244812,74.50216293334961,73.94461059570312,75.0597152709961,74.50216293334961,74.50216293334961,76.14339828491211,75.91409301757812,76.3727035522461,76.14339828491211,76.14339828491211
375446021.jpg,48.2165178571429,54.35333251953125,70.22405242919922,64.39381837844849,63.10833692550659,67.30893540382385,66.72591199874878,67.89195880889892,67.30893540382385,67.30893540382385,62.288692474365234,60.70162048339844,63.87576446533203,62.288692474365234,59.35333251953125
7697080640.jpg,66.1610169491525,71.62934112548828,74.43094635009766,75.17105340957642,75.95934867858887,74.80099987983704,74.8750105857849,74.72698917388917,74.80099987983704,74.80099987983704,73.03014373779297,72.74998321533204,73.3103042602539,73.03014373779297,73.03014373779297
8484679828.jpg,68.925,82.5618896484375,74.47402954101562,69.95285749435425,72.42298126220703,72.21344351768494,71.7613263130188,72.66556072235107,72.21344351768494,72.21344351768494,78.51795959472656,79.32674560546874,77.70917358398438,78.51795959472656,78.51795959472656
5385761239.jpg,48.9862385321101,60.48662567138672,73.77323913574219,52.413809299468994,47.84822762012482,63.09352421760559,60.957581233978274,65.22946720123291,60.413809299468994,57.413809299468994,67.12993240356445,65.8012710571289,68.45859375,67.12993240356445,65.48662567138672
496162577.jpg,45.3163716814159,56.815547943115234,73.73112487792969,58.86208415031433,60.73318719863892,66.29660451412201,64.80970044136048,67.78350858688354,66.29660451412201,63.86208415031433,65.27333641052246,63.58177871704102,66.9648941040039,64.81554794311523,61.815547943115234
264903403.jpg,71.3075221238938,65.08779907226562,76.93379974365234,60.21919250488281,64.89580869674683,68.57649612426758,66.90503540039063,70.24795684814453,68.21919250488281,65.21919250488281,71.01079940795898,69.82619934082031,72.19539947509766,71.01079940795898,71.01079940795898
10689722684.jpg,76.14375,78.03836059570312,76.62618255615234,70.57040929794312,75.73911547660828,73.59829592704773,72.99271860122681,74.20387325286865,73.59829592704773,73.59829592704773,77.33227157592773,77.4734893798828,77.19105377197266,77.33227157592773,77.33227157592773
10900020096.jpg,69.3783783783784,60.81842803955078,72.81897735595703,70.64215540885925,71.1787462234497,71.73056638240814,71.51288418769836,71.94824857711791,71.73056638240814,71.73056638240814,66.8187026977539,65.61864776611328,68.01875762939453,66.8187026977539,65.81842803955078
9923517944.jpg,55.1843220338983,62.76799774169922,73.97132873535156,68.98304224014282,71.67205810546875,71.47718548774719,70.97835683822632,71.97601413726807,71.47718548774719,71.47718548774719,68.36966323852539,67.24933013916015,69.48999633789063,68.36966323852539,68.36966323852539
6015956857.jpg,51.0298165137615,59.51512908935547,71.10975646972656,64.80237245559692,58.85758996009827,67.95606446266174,67.32532606124877,68.58680286407471,67.95606446266174,67.95606446266174,65.31244277954102,64.15298004150391,66.47190551757812,65.31244277954102,65.31244277954102
7006279642.jpg,53.6032110091743,64.56444549560547,72.30361938476562,61.42105460166931,72.97883033752441,66.86233699321747,65.77408051490784,67.9505934715271,66.86233699321747,66.86233699321747,68.43403244018555,67.66011505126953,69.20794982910157,68.43403244018555,68.43403244018555
3871801313.jpg,50.6398305084746,68.06523895263672,74.03945922851562,63.56040835380554,66.43688678741455,68.79993379116058,67.75202870368958,69.84783887863159,68.79993379116058,68.79993379116058,71.05234909057617,70.45492706298828,71.64977111816407,71.05234909057617,71.05234909057617
3533949779.jpg,63.641592920354,72.24005889892578,76.79454040527344,63.74580264091492,66.13878011703491,70.27017152309418,68.96529774665832,71.57504529953002,70.27017152309418,68.74580264091492,74.51729965209961,74.06185150146484,74.97274780273438,74.51729965209961,74.51729965209961
1351917139.jpg,61.0258620689655,56.30487060546875,69.86268615722656,65.74360132217407,66.16872549057007,67.80314373970032,67.39123525619507,68.21505222320556,67.80314373970032,67.80314373970032,63.083778381347656,61.727996826171875,64.43955993652344,63.083778381347656,61.30487060546875
8502191647.jpg,70.8551401869159,68.8727798461914,74.62873077392578,75.18522143363953,76.40557289123535,74.90697610378265,74.96262516975403,74.85132703781127,74.90697610378265,74.90697610378265,71.7507553100586,71.17516021728515,72.32635040283203,71.7507553100586,71.7507553100586
3962244093.jpg,67.0771028037383,67.75553131103516,72.90367126464844,70.68225145339966,72.13202714920044,71.79296135902405,71.57081937789917,72.01510334014893,71.79296135902405,71.79296135902405,70.3296012878418,69.81478729248047,70.84441528320312,70.3296012878418,70.3296012878418
9505522131.jpg,66.5769230769231,66.1280288696289,77.31651306152344,66.04661345481873,67.60250329971313,71.68156325817108,70.55457329750061,72.80855321884155,71.68156325817108,71.68156325817108,71.72227096557617,70.60342254638672,72.84111938476562,71.72227096557617,71.72227096557617
2871570084.jpg,65.9600840336134,77.24162292480469,79.18001556396484,79.48347330093384,83.97470116615295,79.33174443244934,79.36209020614623,79.30139865875245,79.33174443244934,79.33174443244934,78.21081924438477,78.01697998046875,78.40465850830078,78.21081924438477,78.21081924438477
6845848072.jpg,77.3125,75.564697265625,76.41783142089844,69.75083351135254,71.20341062545776,73.08433246612549,72.41763267517089,73.75103225708008,73.08433246612549,73.08433246612549,75.99126434326172,75.90595092773438,76.07657775878906,75.99126434326172,75.99126434326172
8645679476.jpg,78.9804347826087,79.06343841552734,75.85130310058594,73.93915057182312,81.23100996017456,74.89522683620453,74.70401158332825,75.0864420890808,74.89522683620453,74.89522683620453,77.45737075805664,77.77858428955078,77.1361572265625,77.45737075805664,77.45737075805664
7135099747.jpg,75.6284403669725,73.13019561767578,72.43321228027344,62.50067949295044,68.42972040176392,67.46694588661194,66.47369260787964,68.46019916534424,67.46694588661194,67.46694588661194,72.78170394897461,72.85140228271484,72.71200561523438,72.78170394897461,72.78170394897461
3148698494.jpg,47.1697247706422,47.04168701171875,72.73255157470703,52.19051837921143,59.73532199859619,62.46153497695923,60.40733165740967,64.51573829650879,60.19051837921143,57.19051837921143,59.88711929321289,57.318032836914064,62.45620574951172,55.04168701171875,52.04168701171875
3619220193.jpg,56.3716216216216,59.706817626953125,70.6585693359375,56.15166425704956,58.77110958099365,63.40511679649353,61.954426288604736,64.85580730438232,63.40511679649353,61.15166425704956,65.18269348144531,64.08751831054687,66.27786865234376,65.18269348144531,65.18269348144531
5457535055.jpg,64.3986486486486,60.63149642944336,77.38965606689453,65.298593044281,71.62834405899048,71.34412455558777,70.13501825332642,72.55323085784912,71.34412455558777,70.298593044281,69.01057624816895,67.33476028442382,70.68639221191407,68.63149642944336,65.63149642944336
5038562159.jpg,75.8392857142857,70.51863098144531,72.18196105957031,71.51565551757812,71.11954689025879,71.84880828857422,71.782177734375,71.91543884277343,71.84880828857422,71.84880828857422,71.35029602050781,71.18396301269532,71.51662902832031,71.35029602050781,71.35029602050781
4506321902.jpg,65.0357142857143,59.55993270874024,74.5035400390625,63.756704330444336,67.42144227027893,69.13012218475342,68.0554386138916,70.20480575561524,69.13012218475342,69.13012218475342,67.03173637390137,65.53737564086914,68.5260971069336,67.03173637390137,64.55993270874023
10022844623.jpg,60.925,72.28885650634766,74.28345489501953,67.20641255378723,68.86698007583618,70.74493372440338,70.03722949028015,71.45263795852661,70.74493372440338,70.74493372440338,73.2861557006836,73.08669586181641,73.48561553955078,73.2861557006836,73.2861557006836
5659520017.jpg,51.2710280373832,58.69401168823242,74.77274322509766,52.17007994651794,57.92195200920105,63.4714115858078,61.21114525794982,65.73167791366578,60.17007994651794,57.17007994651794,66.73337745666504,65.12550430297851,68.34125061035157,66.69401168823242,63.69401168823242
9823089054.jpg,32.6369565217391,35.1438102722168,60.452728271484375,36.61629855632782,26.55611634254456,48.5345134139061,46.15087044239044,50.91815638542175,44.61629855632782,41.61629855632782,47.798269271850586,45.26737747192382,50.32916107177734,43.1438102722168,40.1438102722168
10050349236.jpg,30.9418103448276,41.5580940246582,63.13497161865234,39.95074331760407,34.22773480415344,51.542857468128204,49.22443463802338,53.86128029823303,47.95074331760407,44.95074331760407,52.34653282165527,50.18884506225586,54.50422058105468,49.5580940246582,46.5580940246582
6143211622.jpg,71.5609756097561,71.04556274414062,79.16817474365234,74.18404817581177,80.35959005355835,76.67611145973206,76.177698802948,77.17452411651611,76.67611145973206,76.67611145973206,75.10686874389648,74.29460754394532,75.91912994384765,75.10686874389648,75.10686874389648
8176025549.jpg,76.75,76.444580078125,76.29081726074219,75.28945207595825,81.43764734268188,75.79013466835022,75.68999814987183,75.89027118682861,75.79013466835022,75.79013466835022,76.3676986694336,76.38307495117186,76.35232238769531,76.3676986694336,76.3676986694336
9941134286.jpg,65.9048672566372,61.53847122192383,76.73965454101562,65.80965518951416,73.14141988754272,71.27465486526489,70.18165493011475,72.36765480041504,71.27465486526489,71.27465486526489,69.13906288146973,67.61894454956055,70.6591812133789,69.13906288146973,66.53847122192383
7526349354.jpg,36.875,41.36952972412109,62.70610427856445,31.268197298049927,25.02339482307434,46.98715078830719,43.84336009025574,50.130941486358644,39.26819729804993,36.26819729804993,52.03781700134277,49.90415954589844,54.17147445678711,49.36952972412109,46.36952972412109
5768167934.jpg,83.6410256410256,71.92338562011719,76.74411010742188,77.11296081542969,82.15168714523315,76.92853546142578,76.96542053222656,76.89165039062499,76.92853546142578,76.92853546142578,74.33374786376953,73.85167541503907,74.8158203125,74.33374786376953,74.33374786376953
145089144.jpg,19.425,26.44688415527344,60.19676971435547,25.13606548309326,14.287486672401428,42.666417598724365,39.16034717559815,46.17248802185058,33.13606548309326,30.13606548309326,43.32182693481445,39.94683837890625,46.696815490722656,34.44688415527344,31.44688415527344
6993655335.jpg,79.3378378378378,70.93111419677734,75.09619903564453,77.49478220939636,80.10767698287964,76.29549062252045,76.53534893989563,76.05563230514525,76.29549062252045,76.29549062252045,73.01365661621094,72.59714813232422,73.43016510009765,73.01365661621094,73.01365661621094
10539008983.jpg,71.0154867256637,71.5370864868164,77.15970611572266,71.09369039535522,76.25530362129211,74.12669825553894,73.5200966835022,74.73329982757568,74.12669825553894,74.12669825553894,74.34839630126953,73.7861343383789,74.91065826416016,74.34839630126953,74.34839630126953
4273357838.jpg,64.25,69.26986694335938,75.0225830078125,67.37195253372192,69.49025392532349,71.19726777076721,70.43220472335815,71.96233081817627,71.19726777076721,71.19726777076721,72.14622497558594,71.57095336914062,72.72149658203125,72.14622497558594,72.14622497558594
4549109010.jpg,71.125,66.33966064453125,76.24292755126953,71.72496318817139,75.17489194869995,73.98394536972046,73.53214893341064,74.43574180603028,73.98394536972046,73.98394536972046,71.29129409790039,70.30096740722657,72.28162078857422,71.29129409790039,71.29129409790039
4321643395.jpg,59.8782051282051,54.42074203491211,71.99850463867188,54.28814888000488,50.68929195404053,63.14332675933838,61.37229118347168,64.91436233520508,62.28814888000488,59.28814888000488,63.20962333679199,61.451847076416016,64.96739959716797,62.42074203491211,59.42074203491211
6286044979.jpg,66.3060747663551,55.83572006225586,73.90692901611328,61.027443408966064,70.12638449668884,67.46718621253967,66.17923765182495,68.75513477325438,67.46718621253967,66.02744340896606,64.87132453918457,63.064203643798834,66.6784454345703,63.83572006225586,60.83572006225586
2325353113.jpg,14.5882352941176,11.296445846557615,53.6185188293457,16.000564396381378,12.86281943321228,34.80954161286354,31.04774616956711,38.57133705615997,24.000564396381378,21.000564396381378,32.45748233795166,28.22527503967285,36.68968963623046,19.296445846557617,16.296445846557617
9389671360.jpg,46.375,41.58757400512695,68.47357177734375,38.948193192482,35.46334505081177,53.71088248491287,50.758344626426705,56.66342034339905,46.948193192482,43.948193192482,55.03057289123535,52.34197311401367,57.719172668457034,49.58757400512695,46.58757400512695
5185255513.jpg,72.8125,76.24649810791016,72.22482299804688,69.15007829666138,70.16290426254272,70.68745064735413,70.37997617721558,70.99492511749267,70.68745064735413,70.68745064735413,74.23566055297852,74.63782806396485,73.8334930419922,74.23566055297852,74.23566055297852
4520380552.jpg,55.3940677966102,53.69075012207031,67.37150573730469,54.50500249862671,42.88091063499451,60.9382541179657,59.6516037940979,62.224904441833495,60.9382541179657,59.50500249862671,60.5311279296875,59.16305236816406,61.89920349121094,60.5311279296875,58.69075012207031
7169475537.jpg,82.618932038835,77.65652465820312,80.14466094970703,78.02512645721436,83.08276534080505,79.0848937034607,78.87294025421143,79.29684715270996,79.0848937034607,79.0848937034607,78.90059280395508,78.65177917480469,79.14940643310547,78.90059280395508,78.90059280395508
4497186913.jpg,51.0110619469027,48.763954162597656,72.56668853759766,60.38499474525452,65.71173667907715,66.47584164142609,65.25767226219178,67.6940110206604,66.47584164142609,65.38499474525452,60.665321350097656,58.28504791259766,63.04559478759765,56.763954162597656,53.763954162597656
7194253160.jpg,76.2162162162162,79.3666763305664,79.31159973144531,74.8704195022583,79.81639504432678,77.0910096168518,76.6468915939331,77.53512763977051,77.0910096168518,77.0910096168518,79.33913803100586,79.34464569091796,79.33363037109375,79.33913803100586,79.33913803100586
5602195949.jpg,71.5833333333333,69.43450927734375,75.1436538696289,71.14214897155762,74.19407367706299,73.14290142059326,72.74275093078613,73.54305191040038,73.14290142059326,73.14290142059326,72.28908157348633,71.71816711425781,72.85999603271483,72.28908157348633,72.28908157348633
10372323314.jpg,65.3361344537815,61.63866424560547,71.71117401123047,64.17494416236877,63.38632106781006,67.94305908679962,67.18943610191346,68.69668207168579,67.94305908679962,67.94305908679962,66.67491912841797,65.66766815185547,67.68217010498047,66.67491912841797,66.67491912841797
4321538602.jpg,64.8478260869565,64.72816467285156,71.54562377929688,61.77515983581543,65.88330268859863,66.66039180755615,65.683345413208,67.6374382019043,66.66039180755615,66.66039180755615,68.13689422607422,67.45514831542968,68.81864013671876,68.13689422607422,68.13689422607422
9687603044.jpg,38.9352678571429,41.35220336914063,73.20387268066406,53.34473848342896,51.84617042541504,63.27430558204651,61.288392162323,65.26021900177003,61.34473848342896,58.34473848342896,57.278038024902344,54.092871093750006,60.46320495605469,49.35220336914063,46.35220336914063
3465087333.jpg,35.8491379310345,29.38258934020996,62.86700820922852,46.01161479949951,47.67254292964935,54.439311504364014,52.75377216339112,56.124850845336915,54.01161479949951,51.01161479949951,46.12479877471924,42.776356887817386,49.4732406616211,37.38258934020996,34.38258934020996
5796436033.jpg,60.74375,70.4432144165039,72.81713104248047,67.51656532287598,68.9203679561615,70.16684818267822,69.63679161071778,70.69690475463867,70.16684818267822,70.16684818267822,71.63017272949219,71.39278106689453,71.86756439208985,71.63017272949219,71.63017272949219
7823568906.jpg,70.3154205607477,69.39327239990234,78.11937713623047,73.44659566879272,79.16465997695923,75.7829864025116,75.31570825576782,76.25026454925538,75.7829864025116,75.7829864025116,73.7563247680664,72.88371429443359,74.62893524169922,73.7563247680664,73.7563247680664
5564762599.jpg,77.7323008849557,73.6410903930664,78.19605255126953,75.24939179420471,78.58434915542603,76.72272217273712,76.42805609703063,77.01738824844361,76.72272217273712,76.72272217273712,75.91857147216797,75.46307525634765,76.37406768798829,75.91857147216797,75.91857147216797
8406491085.jpg,72.625,74.03363800048828,79.51252746582031,73.13783168792725,74.55024719238281,76.32517957687378,75.68770999908448,76.96264915466308,76.32517957687378,76.32517957687378,76.7730827331543,76.2251937866211,77.3209716796875,76.7730827331543,76.7730827331543
6945246052.jpg,77.535472972973,76.64564514160156,76.1303939819336,75.59577822685242,80.5925965309143,75.863086104393,75.80962452888488,75.91654767990113,75.863086104393,75.863086104393,76.38801956176758,76.43954467773438,76.33649444580078,76.38801956176758,76.38801956176758
6366296433.jpg,66.7902542372881,57.41742706298828,72.45613861083984,69.42399740219116,74.28938150405884,70.9400680065155,70.63685388565064,71.24328212738037,70.9400680065155,70.9400680065155,64.93678283691406,63.43291168212891,66.44065399169922,64.93678283691406,62.41742706298828
4042987026.jpg,26.85,43.25339889526367,61.58867263793945,30.2385151386261,28.809833526611328,45.913593888282776,42.77857813835144,49.04860963821411,38.2385151386261,35.2385151386261,52.42103576660156,50.58750839233399,54.25456314086914,51.25339889526367,48.25339889526367
3158018696.jpg,34.5546218487395,34.084434509277344,63.20318222045898,32.23336338996887,26.112374663352966,47.71827280521393,44.62129092216492,50.81525468826293,40.23336338996887,37.23336338996887,48.643808364868164,45.73193359375,51.55568313598632,42.084434509277344,39.084434509277344
2421141390.jpg,34.3716216216216,33.23163604736328,66.05618286132812,42.03064441680908,41.491684317588806,54.0434136390686,51.6408597946167,56.445967483520505,50.03064441680908,47.03064441680908,49.6439094543457,46.361454772949216,52.92636413574218,41.23163604736328,38.23163604736328
6656935539.jpg,17.9714285714286,23.289770126342773,60.65794372558594,21.319909393787384,13.71692717075348,40.98892655968666,37.05512312650681,44.922729992866515,29.319909393787384,26.319909393787384,41.973856925964355,38.23703956604004,45.71067428588867,31.289770126342773,28.289770126342773
10631219374.jpg,71.7142857142857,74.17192077636719,76.80545806884766,76.91596150398254,83.75059366226196,76.8607097864151,76.87176012992859,76.84965944290161,76.8607097864151,76.8607097864151,75.48868942260742,75.22533569335937,75.75204315185547,75.48868942260742,75.48868942260742
42490373.jpg,62.9461206896552,74.6082763671875,79.63569641113281,77.45400071144104,83.88458490371704,78.54484856128693,78.32667899131775,78.7630181312561,78.54484856128693,78.54484856128693,77.12198638916016,76.61924438476562,77.62472839355469,77.12198638916016,77.12198638916016
7369682094.jpg,60.7586956521739,75.30130767822266,78.24462127685547,70.54646015167236,77.57917046546936,74.39554071426392,73.6257246017456,75.16535682678222,74.39554071426392,74.39554071426392,76.77296447753906,76.47863311767578,77.06729583740234,76.77296447753906,76.77296447753906
3456840631.jpg,76.8214285714286,76.02411651611328,74.6864013671875,71.40582799911499,73.63040447235107,73.04611468315125,72.718057346344,73.3741720199585,73.04611468315125,73.04611468315125,75.35525894165039,75.48903045654296,75.22148742675782,75.35525894165039,75.35525894165039
4687542962.jpg,52.2217391304348,47.37351989746094,70.87641143798828,40.63250124454498,43.53996217250824,55.75445634126663,52.730065321922304,58.77884736061096,48.63250124454498,45.63250124454498,59.12496566772461,56.77467651367188,61.47525482177734,55.37351989746094,52.37351989746094
9547511197.jpg,51.3741721854305,57.7713508605957,72.1673583984375,61.10004186630249,67.04681515693665,66.63370013237,65.5269684791565,67.7404317855835,66.63370013237,66.63370013237,64.9693546295166,63.52975387573242,66.40895538330078,64.9693546295166,62.7713508605957
1565882132.jpg,43.5878378378378,46.3554801940918,70.23860168457031,50.81764459609985,59.04436111450195,60.52812314033508,58.586027431488034,62.470218849182125,58.81764459609985,55.81764459609985,58.297040939331055,55.908728790283206,60.6853530883789,54.3554801940918,51.3554801940918
430051470.jpg,62.2857142857143,69.18160247802734,76.49800109863281,64.55862522125244,66.2106454372406,70.52831315994263,69.33437557220459,71.72225074768066,70.52831315994263,70.52831315994263,72.83980178833008,72.10816192626953,73.57144165039062,72.83980178833008,72.83980178833008
8343579007.jpg,61.404347826087,60.07133102416992,72.46377563476562,62.5502347946167,57.66064524650574,67.50700521469116,66.51565113067628,68.49835929870605,67.50700521469116,67.50700521469116,66.26755332946777,65.0283088684082,67.50679779052734,66.26755332946777,65.07133102416992
5888106239.jpg,73.3348214285714,69.43415832519531,75.02716064453125,74.73467588424683,75.777268409729,74.88091826438904,74.8516697883606,74.91016674041748,74.88091826438904,74.88091826438904,72.23065948486328,71.67135925292968,72.78995971679687,72.23065948486328,72.23065948486328
3552766173.jpg,72.3086956521739,77.20655059814453,74.0634994506836,74.27811622619629,76.28155946731567,74.17080783843994,74.19226951599121,74.14934616088867,74.17080783843994,74.17080783843994,75.63502502441406,75.94933013916017,75.32071990966797,75.63502502441406,75.63502502441406
3496521334.jpg,78.2936893203884,67.77033996582031,76.10620880126953,70.82340121269226,78.42428684234619,73.4648050069809,72.93652424812316,73.99308576583863,73.4648050069809,73.4648050069809,71.93827438354492,71.1046875,72.77186126708985,71.93827438354492,71.93827438354492
5990072932.jpg,61.7820512820513,56.360538482666016,67.40345001220703,52.43587493896485,47.00125455856323,59.91966247558594,58.42290496826172,61.416419982910156,59.91966247558594,57.43587493896485,61.88199424743652,60.77770309448242,62.98628540039063,61.88199424743652,61.88199424743652
6823375889.jpg,44.3310810810811,53.85622024536133,70.16658782958984,57.28729963302612,59.98956561088562,63.72694373130798,62.43901491165161,65.01487255096436,63.72694373130798,62.28729963302612,62.011404037475586,60.380367279052734,63.64244079589844,61.85622024536133,58.85622024536133
4428546636.jpg,53.3170731707317,55.70724105834961,71.64295196533203,64.50469493865967,68.51581335067749,68.07382345199585,67.35999774932861,68.78764915466309,68.07382345199585,68.07382345199585,63.67509651184082,62.08152542114258,65.26866760253907,63.67509651184082,60.70724105834961
5333075930.jpg,70.975,72.33833312988281,77.70331573486328,73.62089157104492,78.94210815429688,75.6621036529541,75.25386123657226,76.07034606933593,75.6621036529541,75.6621036529541,75.02082443237305,74.484326171875,75.55732269287108,75.02082443237305,75.02082443237305
