image_path,target_mos_100,koniq_score,flive_score,topiq_score,topiq_ranking_score,A1:flive_topiq_mean_50_50,A2:flive_topiq_topiq60_flive40,A3:flive_topiq_flive60_topiq40,A4:flive_topiq_min_cap_8,A5:flive_topiq_disagreement_guard,B1:koniq_flive_mean_50_50,B2:koniq_flive_koniq60_flive40,B3:koniq_flive_flive60_koniq40,B4:koniq_flive_koniq_guard_cap_8,B5:koniq_flive_disagreement_guard
10001.jpg,61.0,52.25547790527344,68.997802734375,53.93186807632446,48.14850389957428,61.46483540534973,59.95824193954468,62.971428871154785,61.46483540534973,58.93186807632446,60.62664031982422,58.95240783691406,62.300872802734375,60.25547790527344,57.25547790527344
10002.jpg,61.2,59.95701217651367,72.24279022216797,69.30590867996216,71.64279222488403,70.77434945106506,70.48066129684449,71.06803760528564,70.77434945106506,70.77434945106506,66.09990119934082,64.87132339477539,67.32847900390625,66.09990119934082,64.95701217651367
10003.jpg,40.6,49.07806015014648,67.97460174560547,53.670692443847656,45.88295221328735,60.82264709472656,59.39225616455079,62.253038024902345,60.82264709472656,58.670692443847656,58.52633094787598,56.63667678833008,60.415985107421875,57.07806015014648,54.07806015014648
10004.jpg,34.7,41.165645599365234,72.57673645019531,38.07325661182404,36.21356785297394,55.324996531009674,51.874648547172555,58.77534451484681,46.07325661182404,43.07325661182404,56.87119102478027,53.73008193969727,60.012300109863276,49.165645599365234,46.165645599365234
10005.jpg,21.8,16.549631118774414,61.055763244628906,32.04791247844696,28.23124527931213,46.55183786153793,43.65105278491974,49.452622938156125,40.04791247844696,37.04791247844696,38.80269718170166,34.352083969116215,43.253310394287105,24.549631118774414,21.549631118774414
10006.jpg,51.8,53.4625358581543,68.32263946533203,56.21161460876465,51.07940435409546,62.26712703704834,61.0560245513916,63.47822952270508,62.26712703704834,61.21161460876465,60.892587661743164,59.406577301025386,62.378598022460935,60.892587661743164,58.4625358581543
10007.jpg,84.5,64.88777923583984,77.36366271972656,74.99873638153076,81.70689344406128,76.18119955062866,75.94470691680908,76.41769218444824,76.18119955062866,76.18119955062866,71.1257209777832,69.87813262939453,72.37330932617188,71.1257209777832,69.88777923583984
10008.jpg,61.7,53.44755554199219,68.73373413085938,60.63359379768372,56.10811710357666,64.68366396427155,63.87364993095398,65.49367799758912,64.68366396427155,64.68366396427155,61.09064483642578,59.56202697753906,62.6192626953125,61.09064483642578,58.44755554199219
10009.jpg,59.8,60.440425872802734,71.82556915283203,65.34745693206787,66.09567403793335,68.58651304244995,67.93870182037354,69.23432426452636,68.58651304244995,68.58651304244995,66.13299751281738,64.99448318481446,67.27151184082031,66.13299751281738,66.13299751281738
10010.jpg,33.2,27.08633804321289,69.20427703857422,39.6352618932724,35.92311143875122,54.41976946592331,51.46286795139313,57.37667098045349,47.6352618932724,44.6352618932724,48.145307540893555,43.93351364135742,52.35710144042969,35.08633804321289,32.08633804321289
10011.jpg,74.3,67.43196868896484,76.20108795166016,68.95893812179565,74.92201328277588,72.5800130367279,71.85579805374145,73.30422801971434,72.5800130367279,72.5800130367279,71.8165283203125,70.93961639404297,72.69344024658203,71.8165283203125,71.8165283203125
10012.jpg,68.60000000000001,64.81143951416016,70.79724884033203,64.89351391792297,62.98286318778992,67.8453813791275,67.2550078868866,68.4357548713684,67.8453813791275,67.8453813791275,67.8043441772461,67.20576324462891,68.40292510986328,67.8043441772461,67.8043441772461
10013.jpg,81.30000000000001,74.73539733886719,75.88232421875,77.69539952278137,77.9914915561676,76.78886187076569,76.97016940116882,76.60755434036255,76.78886187076569,76.78886187076569,75.3088607788086,75.19416809082031,75.42355346679688,75.3088607788086,75.3088607788086
10014.jpg,83.3,61.52777099609375,71.3545913696289,72.23875522613525,73.84358644485474,71.79667329788208,71.88508968353271,71.70825691223143,71.79667329788208,71.79667329788208,66.44118118286133,65.45849914550782,67.42386322021484,66.44118118286133,66.44118118286133
10015.jpg,62.400000000000006,62.51866912841797,70.0699691772461,64.55681920051575,61.67643666267395,67.31339418888092,66.76207919120789,67.86470918655395,67.31339418888092,67.31339418888092,66.29431915283203,65.53918914794923,67.04944915771485,66.29431915283203,66.29431915283203
10016.jpg,69.1,65.06855010986328,71.11565399169922,64.9848461151123,62.1862530708313,68.05025005340576,67.43716926574707,68.66333084106445,68.05025005340576,68.05025005340576,68.09210205078125,67.48739166259766,68.69681243896484,68.09210205078125,68.09210205078125
10017.jpg,49.6,53.55317306518555,70.55010986328125,51.89080238342285,45.17437815666199,61.22045612335205,59.35452537536621,63.086386871337886,59.89080238342285,56.89080238342285,62.0516414642334,60.35194778442383,63.75133514404297,61.55317306518555,58.55317306518555
10018.jpg,77.1,65.87493896484375,72.49149322509766,71.9988465309143,75.47012567520142,72.24516987800598,72.19590520858765,72.29443454742432,72.24516987800598,72.24516987800598,69.1832160949707,68.52156066894531,69.8448715209961,69.1832160949707,69.1832160949707
10019.jpg,29.1,24.644067764282227,58.29436492919922,21.93650454282761,20.352330803871155,40.11543473601341,36.479648697376255,43.75122077465057,29.93650454282761,26.93650454282761,41.46921634674072,38.104186630249025,44.83424606323242,32.64406776428223,29.644067764282227
10020.jpg,87.6,70.27374267578125,75.5113296508789,69.89619731903076,72.9677677154541,72.70376348495483,72.14225025177002,73.26527671813965,72.70376348495483,72.70376348495483,72.89253616333008,72.36877746582032,73.41629486083984,72.89253616333008,72.89253616333008
10021.jpg,40.8,41.76521301269531,29.181480407714844,42.61302649974823,31.188148260116577,35.89725345373154,37.240408062934875,34.5540988445282,35.89725345373154,34.181480407714844,35.47334671020508,36.731719970703125,34.21497344970703,35.47334671020508,34.181480407714844
10022.jpg,69.2,66.0694580078125,72.90631866455078,69.51117515563965,68.75196695327759,71.20874691009521,70.86923255920411,71.54826126098632,71.20874691009521,71.20874691009521,69.48788833618164,68.80420227050782,70.17157440185548,69.48788833618164,69.48788833618164
10023.jpg,45.2,40.89286422729492,65.9568099975586,42.63497292995453,36.6467148065567,54.29589146375656,51.96370775699616,56.628075170516965,50.63497292995453,47.63497292995453,53.42483711242676,50.91844253540039,55.93123168945313,48.89286422729492,45.89286422729492
10024.jpg,25.4,28.663379669189453,57.6043815612793,20.12954354286194,14.516647160053251,38.86696255207062,35.11947875022888,42.61444635391235,28.12954354286194,25.12954354286194,43.133880615234375,40.23978042602539,46.02798080444336,36.66337966918945,33.66337966918945
10025.jpg,27.0,26.50690269470215,61.831878662109375,37.332138419151306,37.39859461784363,49.58200854063034,47.132034516334535,52.031982564926146,45.332138419151306,42.332138419151306,44.16939067840576,40.636893081665036,47.70188827514649,34.50690269470215,31.50690269470215
10026.jpg,27.6,31.39022827148437,64.42118835449219,27.64197587966919,27.081215381622314,46.03158211708069,42.353660869598386,49.709503364562984,35.64197587966919,32.64197587966919,47.90570831298828,44.6026123046875,51.20880432128906,39.390228271484375,36.390228271484375
10027.jpg,20.8,28.4739990234375,63.0482063293457,31.228557229042053,24.713212251663208,47.13838177919388,43.95641686916352,50.320346689224245,39.22855722904205,36.22855722904205,45.7611026763916,42.30368194580078,49.21852340698243,36.4739990234375,33.4739990234375
10028.jpg,77.9,61.84685134887695,73.29117584228516,71.42629623413086,74.05322194099426,72.35873603820801,72.17224807739258,72.54522399902343,72.35873603820801,72.35873603820801,67.56901359558105,66.42458114624023,68.71344604492188,67.56901359558105,67.56901359558105
10029.jpg,79.3,65.02251434326172,73.36747741699219,73.2098639011383,76.55434608459473,73.28867065906525,73.27290930747986,73.30443201065063,73.28867065906525,73.28867065906525,69.19499588012695,68.36049957275391,70.02949218750001,69.19499588012695,69.19499588012695
10030.jpg,32.5,27.515357971191406,64.6444320678711,31.126800179481503,28.040868043899536,47.8856161236763,44.53385293483734,51.23737931251526,39.126800179481506,36.126800179481506,46.07989501953125,42.36698760986328,49.79280242919922,35.515357971191406,32.515357971191406
10031.jpg,50.3,63.10411834716797,68.01301574707031,65.83308577537537,62.06976175308228,66.92305076122284,66.70505776405335,67.14104375839233,66.92305076122284,66.92305076122284,65.55856704711914,65.0676773071289,66.04945678710938,65.55856704711914,65.55856704711914
10032.jpg,4.8,22.498693466186523,43.36344909667969,18.35983097553253,14.958980679512024,30.86164003610611,28.361278223991395,33.36200184822083,26.35983097553253,23.35983097553253,32.931071281433105,30.84459571838379,35.017546844482425,30.498693466186523,27.498693466186523
10033.jpg,22.0,9.379003524780272,59.68428802490234,17.070762813091278,13.117468357086182,38.37752541899681,34.1161728978157,42.63887794017791,25.070762813091278,22.070762813091278,34.5316457748413,29.501117324829096,39.56217422485351,17.379003524780273,14.379003524780272
10034.jpg,89.80000000000001,75.17841339111328,79.15284729003906,79.41002249717712,86.80359721183777,79.2814348936081,79.3071524143219,79.25571737289428,79.2814348936081,79.2814348936081,77.16563034057617,76.7681869506836,77.56307373046874,77.16563034057617,77.16563034057617
10035.jpg,88.3,73.8048324584961,79.4484634399414,74.72405433654785,82.13934302330017,77.08625888824463,76.61381797790527,77.55869979858397,77.08625888824463,77.08625888824463,76.62664794921875,76.06228485107422,77.19101104736328,76.62664794921875,76.62664794921875
10036.jpg,85.60000000000001,73.17832946777344,73.18994140625,64.26113843917847,63.02586197853088,68.72553992271423,67.83265962600709,69.61842021942138,68.72553992271423,68.72553992271423,73.18413543701172,73.18297424316407,73.18529663085937,73.18413543701172,73.18413543701172
10037.jpg,39.900000000000006,34.9963264465332,59.542930603027344,41.48358106613159,28.35289239883423,50.51325583457947,48.707320880889895,52.31919078826904,49.48358106613159,46.48358106613159,47.26962852478027,44.81496810913086,49.72428894042969,42.9963264465332,39.9963264465332
10038.jpg,30.9,44.029075622558594,71.84500122070312,39.168259501457214,34.3971312046051,55.50663036108017,52.23895618915558,58.77430453300476,47.168259501457214,44.168259501457214,57.93703842163086,55.1554458618164,60.718630981445315,52.029075622558594,49.029075622558594
10039.jpg,31.3,19.27853012084961,64.96266174316406,35.749441385269165,33.56515169143677,50.356051564216614,47.43472952842713,53.2773736000061,43.749441385269165,40.749441385269165,42.120595932006836,37.55218276977539,46.68900909423828,27.27853012084961,24.27853012084961
10040.jpg,30.8,34.155418395996094,66.68658447265625,39.962899684906006,34.56703722476959,53.32474207878113,50.6523736000061,55.99711055755615,47.962899684906006,44.962899684906006,50.42100143432617,47.167884826660156,53.67411804199219,42.155418395996094,39.155418395996094
10041.jpg,73.7,70.44000244140625,71.58975219726562,61.92641258239746,53.3674955368042,66.75808238983154,65.79174842834473,67.72441635131835,66.75808238983154,66.75808238983154,71.01487731933594,70.89990234375,71.12985229492188,71.01487731933594,71.01487731933594
10042.jpg,76.9,71.10098266601562,73.79702758789062,62.39863038063049,58.85200500488281,68.09782898426056,66.95798926353454,69.23766870498656,68.09782898426056,68.09782898426056,72.44900512695312,72.17940063476563,72.71860961914062,72.44900512695312,72.44900512695312
10043.jpg,24.5,23.645103454589844,60.87200927734375,23.650209605693817,18.29064041376114,42.261109441518784,38.53892947435379,45.983289408683774,31.650209605693817,28.650209605693817,42.2585563659668,38.535865783691406,45.98124694824219,31.645103454589844,28.645103454589844
10044.jpg,33.4,38.187259674072266,73.9195556640625,36.23042702674866,43.7422901391983,55.07499134540558,51.30607848167419,58.84390420913696,44.23042702674866,41.23042702674866,56.05340766906738,52.48017807006836,59.6266372680664,46.187259674072266,43.187259674072266
10045.jpg,44.0,39.19870376586914,70.15930938720703,43.93989741802216,35.14102101325989,57.04960340261459,54.42766220569611,59.67154459953308,51.93989741802216,48.93989741802216,54.679006576538086,51.5829460144043,57.77506713867187,47.19870376586914,44.19870376586914
10046.jpg,26.9,38.98117065429688,64.00918579101562,34.5592200756073,24.458755552768707,49.28420293331146,46.339206361770636,52.229199504852296,42.5592200756073,39.5592200756073,51.49517822265625,48.99237670898438,53.99797973632813,46.98117065429688,43.98117065429688
10047.jpg,55.2,55.05642318725586,65.93379211425781,50.0801146030426,39.312759041786194,58.00695335865021,56.421585607528684,59.592321109771724,58.00695335865021,55.0801146030426,60.495107650756836,59.40737075805664,61.58284454345703,60.495107650756836,60.495107650756836
10048.jpg,33.8,30.20830535888672,65.81623077392578,38.15413415431976,33.560711145401,51.98518246412277,49.21897280216217,54.751392126083374,46.15413415431976,43.15413415431976,48.01226806640625,44.45147552490234,51.57306060791016,38.20830535888672,35.20830535888672
10049.jpg,20.5,21.79227638244629,58.18898391723633,22.891759872436523,16.89409762620926,40.540371894836426,37.01064949035644,44.0700942993164,30.891759872436523,27.891759872436523,39.99063014984131,36.350959396362306,43.63030090332031,29.79227638244629,26.79227638244629
10050.jpg,26.0,16.9525203704834,66.09352111816406,38.97823691368103,35.34503877162933,52.535879015922546,49.82435059547424,55.24740743637085,46.97823691368103,43.97823691368103,41.52302074432373,36.608920669555665,46.437120819091795,24.9525203704834,21.9525203704834
10051.jpg,76.8,64.18543243408203,71.28425598144531,69.57247257232666,67.68916249275208,70.42836427688599,70.25718593597412,70.59954261779785,70.42836427688599,70.42836427688599,67.73484420776367,67.02496185302735,68.4447265625,67.73484420776367,67.73484420776367
10052.jpg,87.2,79.50951385498047,75.1426773071289,75.3558874130249,78.18436622619629,75.2492823600769,75.2706033706665,75.2279613494873,75.2492823600769,75.2492823600769,77.32609558105469,77.76277923583984,76.88941192626953,77.32609558105469,77.32609558105469
10053.jpg,69.4,70.14883422851562,72.24272918701172,67.23030805587769,67.69745349884033,69.7365186214447,69.2352765083313,70.2377607345581,69.7365186214447,69.7365186214447,71.19578170776367,70.98639221191407,71.40517120361328,71.19578170776367,71.19578170776367
10054.jpg,58.5,49.286563873291016,72.19154357910156,59.90671515464783,61.00726127624512,66.0491293668747,64.82064652442932,67.27761220932007,66.0491293668747,64.90671515464783,60.73905372619629,58.44855575561523,63.02955169677735,57.286563873291016,54.286563873291016
10055.jpg,41.5,28.94639587402344,67.3840560913086,49.72565472126007,42.3315167427063,58.55485540628433,56.78901526927948,60.32069554328918,57.72565472126007,54.72565472126007,48.165225982666016,44.3214599609375,52.00899200439453,36.94639587402344,33.94639587402344
10056.jpg,73.2,59.38956451416016,72.06964111328125,71.20720148086548,73.46550822257996,71.63842129707336,71.55217733383179,71.72466526031494,71.63842129707336,71.63842129707336,65.7296028137207,64.4615951538086,66.99761047363282,65.7296028137207,64.38956451416016
10057.jpg,75.3,65.78404998779297,75.35588836669922,63.802164793014526,64.32197093963623,69.57902657985687,68.42365422248841,70.73439893722534,69.57902657985687,69.57902657985687,70.5699691772461,69.61278533935547,71.52715301513672,70.5699691772461,70.5699691772461
10058.jpg,26.200000000000003,19.371845245361328,50.54427337646485,23.8657608628273,20.86947411298752,37.20501711964607,34.53716586828232,39.87286837100983,31.8657608628273,28.8657608628273,34.958059310913086,31.840816497802738,38.07530212402344,27.371845245361328,24.371845245361328
10059.jpg,27.5,25.440013885498047,66.0107421875,37.80756592750549,33.93429219722748,51.90915405750275,49.088836431503296,54.7294716835022,45.80756592750549,42.80756592750549,45.72537803649902,41.668305206298825,49.78245086669922,33.44001388549805,30.440013885498047
10060.jpg,36.8,35.62016677856445,70.43939971923828,38.6884480714798,39.08887207508087,54.56392389535904,51.38882873058319,57.739019060134886,46.6884480714798,43.6884480714798,53.02978324890137,49.54785995483398,56.51170654296875,43.62016677856445,40.62016677856445
10061.jpg,31.200000000000003,27.396589279174805,54.70404815673828,23.79015237092972,18.73227953910828,39.247100263834,36.15571068525315,42.33848984241485,31.79015237092972,28.79015237092972,41.05031871795654,38.319572830200194,43.781064605712885,35.396589279174805,32.396589279174805
10062.jpg,26.1,33.196250915527344,53.79585266113281,35.014042258262634,28.43694388866425,44.40494745969772,42.526766419410706,46.28312849998474,43.014042258262634,40.014042258262634,43.49605178833008,41.436091613769534,45.55601196289062,41.196250915527344,38.196250915527344
10063.jpg,32.2,30.16938018798828,68.79871368408203,26.280522346496586,21.832169592380524,47.53961801528931,43.28779888153076,51.79143714904785,34.28052234649658,31.280522346496586,49.484046936035156,45.62111358642578,53.346980285644534,38.16938018798828,35.16938018798828
10064.jpg,85.5,75.22666931152344,77.32207489013672,74.02710914611816,77.99270153045654,75.67459201812744,75.34509544372558,76.00408859252929,75.67459201812744,75.67459201812744,76.27437210083008,76.06483154296875,76.4839126586914,76.27437210083008,76.27437210083008
10065.jpg,78.5,72.97383880615234,73.57463073730469,74.27102327346802,76.56026482582092,73.92282700538635,73.99246625900268,73.85318775177001,73.92282700538635,73.92282700538635,73.27423477172852,73.21415557861329,73.33431396484374,73.27423477172852,73.27423477172852
10066.jpg,62.9,65.33370971679688,72.17262268066406,66.16878509521484,64.02272582054138,69.17070388793945,68.57032012939453,69.77108764648438,69.17070388793945,69.17070388793945,68.75316619873047,68.06927490234375,69.43705749511719,68.75316619873047,68.75316619873047
10067.jpg,69.0,65.96501159667969,71.58695220947266,66.70843362808228,65.00012874603271,69.14769291877747,68.65984106063843,69.6355447769165,69.14769291877747,69.14769291877747,68.77598190307617,68.21378784179687,69.33817596435547,68.77598190307617,68.77598190307617
10068.jpg,76.2,67.88703918457031,72.65054321289062,59.78368520736694,60.34818291664124,66.21711421012878,64.93042840957642,67.50380001068115,66.21711421012878,64.78368520736694,70.26879119873047,69.79244079589844,70.7451416015625,70.26879119873047,70.26879119873047
10069.jpg,34.1,15.01213550567627,58.71684646606445,30.646300315856934,25.694411993026733,44.68157339096069,41.87451877593995,47.48862800598145,38.646300315856934,35.646300315856934,36.86449098587036,32.49401988983155,41.23496208190918,23.01213550567627,20.01213550567627
10070.jpg,85.39999999999999,74.04844665527344,74.33633422851562,76.01146697998047,81.02864027023315,75.17390060424805,75.34141387939454,75.00638732910156,75.17390060424805,75.17390060424805,74.19239044189453,74.16360168457031,74.22117919921875,74.19239044189453,74.19239044189453
10071.jpg,25.6,14.421815872192385,57.4105224609375,29.721951484680176,29.80033755302429,43.56623697280884,40.79737987518311,46.33509407043457,37.721951484680176,34.721951484680176,35.91616916656494,31.617298507690432,40.215039825439455,22.421815872192383,19.421815872192383
10072.jpg,57.0,50.89987564086914,64.15254974365234,46.26944065093994,37.53731548786163,55.21099519729614,53.422684288024904,56.99930610656738,54.26944065093994,51.26944065093994,57.52621269226074,56.20094528198242,58.851480102539064,57.52621269226074,55.89987564086914
10073.jpg,32.1,17.80656623840332,62.459381103515625,38.94081711769104,37.7704381942749,50.70009911060333,48.34824271202088,53.05195550918579,46.94081711769104,43.94081711769104,40.13297367095947,35.66769218444824,44.5982551574707,25.80656623840332,22.80656623840332
10074.jpg,24.0,23.86866950988769,48.77505493164063,26.56819224357605,15.942959487438202,37.67162358760834,35.450937318801884,39.8923098564148,34.56819224357605,31.56819224357605,36.32186222076416,33.83122367858887,38.81250076293946,31.86866950988769,28.86866950988769
10075.jpg,14.1,31.21351623535156,42.68855667114258,13.400474190711977,13.763372600078585,28.044515430927277,25.11570718288422,30.973323678970335,21.400474190711975,18.400474190711975,36.95103645324707,35.803532409667966,38.09854049682617,36.95103645324707,36.95103645324707
10076.jpg,50.9,61.94934844970703,72.01720428466797,59.41507816314697,55.588358640670776,65.71614122390747,64.45592861175537,66.97635383605956,65.71614122390747,64.41507816314697,66.9832763671875,65.9764907836914,67.99006195068358,66.9832763671875,66.9832763671875
10077.jpg,51.0,48.081504821777344,70.73588562011719,52.70555019378662,47.73842096328735,61.720717906951904,59.917684364318845,63.52375144958496,60.70555019378662,57.70555019378662,59.408695220947266,57.14325714111328,61.67413330078125,56.081504821777344,53.081504821777344
10078.jpg,22.3,20.197555541992188,63.67995834350586,24.405184388160706,22.15755581855774,44.04257136583328,40.11509397029877,47.9700487613678,32.405184388160706,29.405184388160706,41.93875694274902,37.59051666259766,46.286997222900396,28.197555541992188,25.197555541992188
10079.jpg,53.4,62.28667449951172,68.53677368164062,56.64633512496948,55.064743757247925,62.591554403305054,61.402510547637945,63.78059825897217,62.591554403305054,62.591554403305054,65.41172409057617,64.78671417236328,66.03673400878907,65.41172409057617,65.41172409057617
10080.jpg,72.69999999999999,65.7405014038086,72.98371124267578,71.97497487068176,69.53783631324768,72.47934305667877,72.37846941947937,72.58021669387817,72.47934305667877,72.47934305667877,69.36210632324219,68.63778533935547,70.0864273071289,69.36210632324219,69.36210632324219
10081.jpg,82.8,63.15667724609375,70.29326629638672,62.51030564308167,59.74152088165283,66.40178596973419,65.62348990440368,67.1800820350647,66.40178596973419,66.40178596973419,66.72497177124023,66.01131286621094,67.43863067626953,66.72497177124023,66.72497177124023
10082.jpg,43.0,60.85921859741211,69.79239654541016,46.58001661300659,41.537559032440186,58.186206579208374,55.864968585968015,60.507444572448726,54.58001661300659,51.58001661300659,65.32580757141113,64.43248977661133,66.21912536621093,65.32580757141113,65.32580757141113
10083.jpg,16.1,10.181696891784668,55.52261352539063,23.4580397605896,20.02604305744171,39.49032664299011,36.28386926651001,42.696784019470215,31.4580397605896,28.4580397605896,32.85215520858765,28.318063545227055,37.386246871948245,18.181696891784668,15.181696891784668
10084.jpg,35.4,22.48718643188477,59.42047119140625,28.065156936645508,22.42494970560074,43.74281406402588,40.607282638549805,46.87834548950195,36.06515693664551,33.06515693664551,40.95382881164551,37.260500335693365,44.64715728759766,30.48718643188477,27.48718643188477
10085.jpg,66.9,65.45792388916016,70.67523956298828,64.54499959945679,62.233829498291016,67.61011958122253,66.99709558486938,68.22314357757568,67.61011958122253,67.61011958122253,68.06658172607422,67.5448501586914,68.58831329345703,68.06658172607422,68.06658172607422
10086.jpg,27.1,21.36302757263184,60.86032104492188,28.44374179840088,22.896458208560944,44.65203142166138,41.41037349700928,47.89368934631348,36.44374179840088,33.44374179840088,41.11167430877686,37.16194496154786,45.061403656005865,29.36302757263184,26.36302757263184
10087.jpg,40.6,53.65979766845703,66.3968276977539,54.5229434967041,50.81126689910889,60.459885597229004,59.27249717712402,61.647274017333984,60.459885597229004,60.459885597229004,60.02831268310547,58.75460968017578,61.30201568603516,60.02831268310547,58.65979766845703
10088.jpg,32.599999999999994,12.43873119354248,58.20681381225586,21.23560458421707,23.53827953338623,39.721209198236465,36.02408827543259,43.41833012104034,29.23560458421707,26.23560458421707,35.32277250289917,30.745964241027835,39.899580764770505,20.43873119354248,17.43873119354248
10089.jpg,48.8,63.15612411499024,72.82466125488281,65.96307754516602,60.99528670310974,69.39386940002441,68.70771102905273,70.08002777099608,69.39386940002441,69.39386940002441,67.99039268493652,67.02353897094727,68.95724639892578,67.99039268493652,67.99039268493652
10090.jpg,77.5,61.46036148071289,74.72100830078125,71.12244963645935,75.79090595245361,72.9217289686203,72.56187310218812,73.28158483505248,72.9217289686203,72.9217289686203,68.09068489074707,66.76462020874024,69.4167495727539,68.09068489074707,66.46036148071289
10091.jpg,69.2,63.47359085083008,70.81498718261719,62.548983097076416,57.850050926208496,66.6819851398468,65.85538473129273,67.50858554840087,66.6819851398468,66.6819851398468,67.14428901672363,66.41014938354492,67.87842864990235,67.14428901672363,67.14428901672363
10092.jpg,73.1,59.30483627319336,71.72872924804688,71.22313976287842,69.68330144882202,71.47593450546265,71.4253755569458,71.5264934539795,71.47593450546265,71.47593450546265,65.51678276062012,64.27439346313477,66.75917205810546,65.51678276062012,64.30483627319336
10093.jpg,19.6,24.592533111572266,56.02156066894531,19.497138261795044,15.355724096298218,37.75934946537018,34.10690722465515,41.411791706085204,27.497138261795044,24.497138261795044,40.30704689025879,37.164144134521486,43.44994964599609,32.592533111572266,29.592533111572266
10094.jpg,41.8,53.34069061279297,69.33890533447266,52.860379219055176,48.31137955188751,61.099642276763916,59.451789665222165,62.74749488830566,60.860379219055176,57.860379219055176,61.33979797363281,59.73997650146484,62.93961944580078,61.33979797363281,58.34069061279297
10095.jpg,37.9,49.52202987670898,72.16227722167969,35.325688123703,31.063926219940186,53.743982672691345,50.060323762893674,57.42764158248901,43.325688123703,40.325688123703,60.842153549194336,58.578128814697266,63.1061782836914,57.52202987670898,54.52202987670898
10096.jpg,81.0,70.0318374633789,72.04418182373047,67.48510599136353,65.50369262695312,69.764643907547,69.3087363243103,70.22055149078369,69.764643907547,69.764643907547,71.03800964355469,70.83677520751954,71.23924407958984,71.03800964355469,71.03800964355469
10097.jpg,40.9,36.737701416015625,58.39487457275391,40.52700698375702,30.01648783683777,49.46094077825546,47.67415401935578,51.24772753715516,48.52700698375702,45.52700698375702,47.566287994384766,45.40057067871094,49.7320053100586,44.737701416015625,41.737701416015625
10098.jpg,33.7,50.74889755249024,64.02999114990234,38.82068991661072,27.48250663280487,51.42534053325653,48.904410409927365,53.94627065658569,46.82068991661072,43.82068991661072,57.38944435119629,56.061334991455084,58.7175537109375,57.38944435119629,55.74889755249024
10099.jpg,66.39999999999999,49.423770904541016,72.5804214477539,55.93677759170532,48.895129561424255,64.25859951972961,62.59423513412476,65.92296390533447,63.93677759170532,60.93677759170532,61.00209617614746,58.686431121826175,63.31776123046875,57.423770904541016,54.423770904541016
10100.jpg,59.6,63.71430969238281,71.85417175292969,63.284194469451904,59.72502231597901,67.5691831111908,66.71218538284302,68.42618083953857,67.5691831111908,67.5691831111908,67.78424072265625,66.97025451660156,68.59822692871094,67.78424072265625,67.78424072265625
10101.jpg,84.60000000000001,61.980934143066406,76.02934265136719,68.21750998497009,68.13093423843384,72.12342631816864,71.34224305152892,72.90460958480836,72.12342631816864,72.12342631816864,69.0051383972168,67.60029754638671,70.40997924804688,69.0051383972168,66.9809341430664
10102.jpg,66.10000000000001,70.15316772460938,76.6041030883789,67.0021116733551,66.67720675468445,71.803107380867,70.84290823936462,72.76330652236939,71.803107380867,71.803107380867,73.37863540649414,72.7335418701172,74.02372894287109,73.37863540649414,73.37863540649414
10103.jpg,20.5,24.292428970336918,56.6895751953125,34.04623568058014,27.813121676445007,45.36790543794632,43.103571486473086,47.63223938941955,42.04623568058014,39.04623568058014,40.49100208282471,37.25128746032715,43.730716705322266,32.292428970336914,29.292428970336918
10104.jpg,26.6,26.42982482910156,62.80975341796875,24.79696124792099,25.43567717075348,43.80335733294487,40.002078115940094,47.604636549949646,32.79696124792099,29.79696124792099,44.619789123535156,40.98179626464844,48.257781982421875,34.42982482910156,31.42982482910156
10105.jpg,17.5,11.492949485778809,29.144853591918945,13.676595687866213,10.473398864269257,21.410724639892578,19.863898849487306,22.95755043029785,21.410724639892578,18.67659568786621,20.318901538848877,18.553711128234866,22.084091949462888,19.49294948577881,16.49294948577881
10106.jpg,66.39999999999999,60.16861724853516,70.59974670410156,62.769705057144165,63.41241002082825,66.68472588062286,65.90172171592712,67.4677300453186,66.68472588062286,66.68472588062286,65.38418197631836,64.34106903076173,66.427294921875,65.38418197631836,65.38418197631836
10107.jpg,39.5,38.64616394042969,67.64293670654297,42.33788251876831,37.11914122104645,54.99040961265564,52.459904193878174,57.520915031433105,50.33788251876831,47.33788251876831,53.14455032348633,50.244873046875,56.044227600097656,46.64616394042969,43.64616394042969
10108.jpg,72.9,52.86603164672852,75.2540512084961,54.55245971679688,54.474472999572754,64.90325546264648,62.83309631347656,66.97341461181641,62.55245971679688,59.55245971679688,64.0600414276123,61.82123947143555,66.29884338378906,60.86603164672852,57.86603164672852
10109.jpg,36.1,24.776206970214844,58.96244430541992,34.22513008117676,30.358752608299252,46.59378719329834,44.120055770874025,49.067518615722655,42.22513008117676,39.22513008117676,41.86932563781738,38.45070190429688,45.28794937133789,32.776206970214844,29.776206970214844
10110.jpg,54.5,27.44694328308105,72.62250518798828,58.6195707321167,57.64114856719971,65.62103796005249,64.22074451446534,67.02133140563964,65.62103796005249,63.6195707321167,50.03472423553467,45.517168045043945,54.55228042602539,35.446943283081055,32.446943283081055
10111.jpg,25.9,18.164840698242188,59.835899353027344,23.451054096221924,21.24590426683426,41.643476724624634,38.004992198944095,45.28196125030517,31.451054096221924,28.451054096221924,39.000370025634766,34.833264160156254,43.16747589111328,26.164840698242188,23.164840698242188
10112.jpg,40.3,34.891353607177734,63.292457580566406,33.80243182182312,28.39317619800568,48.54744470119476,45.59844212532043,51.49644727706909,41.80243182182312,38.80243182182312,49.09190559387207,46.2517951965332,51.93201599121093,42.891353607177734,39.891353607177734
10113.jpg,87.4,75.11165618896484,76.27344512939453,77.9636025428772,80.77294826507568,77.11852383613586,77.28753957748413,76.9495080947876,77.11852383613586,77.11852383613586,75.69255065917969,75.57637176513671,75.80872955322266,75.69255065917969,75.69255065917969
10114.jpg,48.5,50.95542144775391,68.06625366210938,52.46599316596985,51.30848288536072,60.26612341403961,58.70609736442566,61.826149463653564,60.26612341403961,57.46599316596985,59.51083755493164,57.7997543334961,61.22192077636719,58.95542144775391,55.95542144775391
10115.jpg,42.9,29.596576690673828,66.16390228271484,43.21748912334442,33.13087224960327,54.69069570302963,52.39605438709259,56.985337018966675,51.21748912334442,48.21748912334442,47.880239486694336,44.223506927490234,51.53697204589844,37.59657669067383,34.59657669067383
10116.jpg,49.400000000000006,41.84429931640625,63.26454925537109,46.925318241119385,38.99328410625458,55.09493374824524,53.46101064682007,56.72885684967041,54.925318241119385,51.925318241119385,52.55442428588867,50.41239929199219,54.696449279785156,49.84429931640625,46.84429931640625
10117.jpg,82.5,77.57144165039062,76.15135955810547,73.97587299346924,78.15557718276978,75.06361627578735,74.84606761932373,75.28116493225097,75.06361627578735,75.06361627578735,76.86140060424805,77.00340881347657,76.71939239501953,76.86140060424805,76.86140060424805
10118.jpg,85.7,73.42066192626953,76.40077209472656,75.22722482681274,82.6034426689148,75.81399846076965,75.69664373397828,75.93135318756103,75.81399846076965,75.81399846076965,74.91071701049805,74.61270599365234,75.20872802734375,74.91071701049805,74.91071701049805
10119.jpg,79.4,68.29821014404297,69.59846496582031,64.82640504837036,64.97460603713989,67.21243500709534,66.73522901535034,67.68964099884033,67.21243500709534,67.21243500709534,68.94833755493164,68.81831207275391,69.07836303710937,68.94833755493164,68.94833755493164
10120.jpg,42.400000000000006,28.663970947265625,66.10240936279297,31.353101134300232,28.72145175933838,48.7277552485466,45.25282442569733,52.202686071395874,39.35310113430023,36.35310113430023,47.3831901550293,43.639346313476565,51.12703399658203,36.663970947265625,33.663970947265625
10121.jpg,60.8,55.34271240234375,68.68009185791016,59.873414039611816,52.55444049835205,64.27675294876099,63.39608516693116,65.15742073059081,64.27675294876099,64.27675294876099,62.01140213012695,60.67766418457032,63.345140075683595,62.01140213012695,60.34271240234375
10122.jpg,50.5,59.2825927734375,74.2098617553711,47.59623110294342,46.65596783161163,60.90304642915726,58.24168336391449,63.564409494400024,55.59623110294342,52.59623110294342,66.7462272644043,65.25350036621094,68.23895416259765,66.7462272644043,64.2825927734375
10123.jpg,81.19999999999999,70.16801452636719,79.16600799560547,76.95960998535156,85.13340950012207,78.06280899047852,77.84216918945313,78.2834487915039,78.06280899047852,78.06280899047852,74.66701126098633,73.7672119140625,75.56681060791016,74.66701126098633,74.66701126098633
10124.jpg,65.5,66.0082015991211,72.2531509399414,68.64413022994995,61.83216571807861,70.44864058494568,70.08773851394653,70.80954265594482,70.44864058494568,70.44864058494568,69.13067626953125,68.50618133544921,69.75517120361329,69.13067626953125,69.13067626953125
10125.jpg,72.6,66.9207534790039,72.44337463378906,70.7193374633789,72.41886258125305,71.58135604858398,71.40895233154296,71.753759765625,71.58135604858398,71.58135604858398,69.68206405639648,69.12980194091797,70.234326171875,69.68206405639648,69.68206405639648
10126.jpg,37.2,46.53796005249024,61.178035736083984,41.10793471336365,31.573110818862915,51.142985224723816,49.13597512245178,53.14999532699585,49.10793471336365,46.10793471336365,53.85799789428711,52.39399032592774,55.32200546264649,53.85799789428711,51.53796005249024
10127.jpg,21.200000000000003,19.271772384643555,62.29890823364258,20.869581401348118,16.525381803512573,41.584244817495346,37.4413121342659,45.72717750072479,28.869581401348118,25.869581401348118,40.785340309143066,36.48262672424316,45.08805389404297,27.271772384643555,24.271772384643555
10128.jpg,78.1,67.663330078125,77.63525390625,76.18044018745422,81.71659111976624,76.90784704685211,76.76236567497253,77.0533284187317,76.90784704685211,76.90784704685211,72.6492919921875,71.652099609375,73.646484375,72.6492919921875,72.6492919921875
10129.jpg,26.6,20.548072814941406,51.1398811340332,23.77709150314331,18.45274418592453,37.45848631858826,34.722207355499265,40.19476528167725,31.77709150314331,28.77709150314331,35.843976974487305,32.784796142578124,38.903157806396486,28.548072814941406,25.548072814941406
10130.jpg,55.9,56.517276763916016,71.61322021484375,59.196484088897705,57.8380823135376,65.40485215187073,64.16317853927612,66.64652576446534,65.40485215187073,64.1964840888977,64.06524848937988,62.55565414428711,65.57484283447266,64.06524848937988,61.517276763916016
10131.jpg,27.4,25.20192527770996,43.06314086914063,24.43563193082809,19.646666944026947,33.74938639998436,31.886635506153105,35.61213729381562,32.435631930828094,29.43563193082809,34.13253307342529,32.346411514282224,35.91865463256836,33.20192527770996,30.20192527770996
10132.jpg,25.4,26.0545654296875,34.659297943115234,23.419085144996643,16.83342158794403,29.03919154405594,27.915170264244082,30.1632128238678,29.03919154405594,29.03919154405594,30.356931686401367,29.496458435058592,31.217404937744142,30.356931686401367,30.356931686401367
10133.jpg,30.1,18.8664608001709,60.45380401611328,25.7807731628418,22.951416671276093,43.11728858947754,39.64998550415039,46.584591674804685,33.7807731628418,30.7807731628418,39.66013240814209,35.50139808654785,43.81886672973633,26.8664608001709,23.8664608001709
10134.jpg,6.5,11.851659774780272,50.71608352661133,22.839759290218357,22.52136468887329,36.77792140841484,33.990288984775546,39.565553832054135,30.839759290218357,27.839759290218357,31.2838716506958,27.397429275512696,35.1703140258789,19.851659774780273,16.851659774780273
10135.jpg,79.7,66.52117156982422,70.92462158203125,60.067933797836304,59.82463359832764,65.49627768993378,64.41060891151429,66.58194646835327,65.49627768993378,65.49627768993378,68.72289657592773,68.28255157470703,69.16324157714844,68.72289657592773,68.72289657592773
10136.jpg,54.1,43.27727508544922,67.63406372070312,43.78959238529205,37.17837631702423,55.71182805299759,53.32738091945649,58.0962751865387,51.78959238529205,48.78959238529205,55.45566940307617,53.01999053955078,57.89134826660157,51.27727508544922,48.27727508544922
10137.jpg,58.2,47.59954071044922,72.709716796875,48.27997386455536,43.88334453105927,60.49484533071518,58.05187103748322,62.93781962394714,56.27997386455536,53.27997386455536,60.15462875366211,57.643611145019534,62.665646362304685,55.59954071044922,52.59954071044922
10138.jpg,51.900000000000006,39.41427230834961,62.69085693359375,33.578869700431824,27.33576893806457,48.13486331701279,45.2236645936966,51.04606204032898,41.578869700431824,38.578869700431824,51.05256462097168,48.72490615844727,53.38022308349609,47.41427230834961,44.41427230834961
10139.jpg,39.4,16.418399810791016,61.464656829833984,37.04559803009033,31.440287828445435,49.25512742996216,46.813221549987794,51.69703330993652,45.04559803009033,42.04559803009033,38.9415283203125,34.436902618408205,43.446154022216795,24.418399810791016,21.418399810791016
10140.jpg,80.39999999999999,66.18994140625,74.47315216064453,74.40764307975769,73.61523509025574,74.44039762020111,74.43384671211243,74.4469485282898,74.44039762020111,74.44039762020111,70.33154678344727,69.50322570800782,71.15986785888671,70.33154678344727,70.33154678344727
10141.jpg,85.1,67.18020629882812,74.23823547363281,70.92673778533936,75.75928568840027,72.58248662948608,72.25133686065674,72.91363639831542,72.58248662948608,72.58248662948608,70.70922088623047,70.00341796875,71.41502380371094,70.70922088623047,70.70922088623047
10142.jpg,50.6,40.115478515625,62.61323547363281,34.42970514297485,34.622690081596375,48.52147030830383,45.70311727523804,51.33982334136963,42.42970514297485,39.42970514297485,51.364356994628906,49.11458129882813,53.614132690429685,48.115478515625,45.115478515625
10143.jpg,85.9,74.49118041992188,73.287841796875,73.59204292297363,70.35387754440308,73.43994235992432,73.47036247253418,73.40952224731444,73.43994235992432,73.43994235992432,73.88951110839844,74.00984497070313,73.76917724609375,73.88951110839844,73.88951110839844
10144.jpg,49.7,40.31265258789063,58.81679153442383,42.0103132724762,29.286938905715942,50.41355240345001,48.732904577255255,52.094200229644784,50.0103132724762,47.0103132724762,49.56472206115723,47.71430816650391,51.415135955810555,48.31265258789063,45.31265258789063
10145.jpg,76.9,63.66517639160156,70.33805084228516,70.27305364608765,74.16043281555176,70.3055522441864,70.29905252456665,70.31205196380614,70.3055522441864,70.3055522441864,67.00161361694336,66.334326171875,67.66890106201171,67.00161361694336,67.00161361694336
10146.jpg,83.2,66.19163513183594,81.6792984008789,70.10352611541748,80.96417784690857,75.8914122581482,74.73383502960206,77.04898948669432,75.8914122581482,75.8914122581482,73.93546676635742,72.38670043945314,75.48423309326171,73.93546676635742,71.19163513183594
10147.jpg,51.6,32.91535186767578,67.1772689819336,46.9905287027359,43.62746477127075,57.08389884233475,55.065224814414975,59.10257287025451,54.9905287027359,51.9905287027359,50.04631042480469,46.62011871337891,53.47250213623047,40.91535186767578,37.91535186767578
10148.jpg,66.39999999999999,72.67464447021484,74.18373107910156,67.1897292137146,68.38473081588745,70.68673014640808,69.98732995986938,71.38613033294678,70.68673014640808,70.68673014640808,73.4291877746582,73.27827911376953,73.58009643554688,73.4291877746582,73.4291877746582
10149.jpg,57.400000000000006,56.619720458984375,69.77308654785156,42.64276623725891,32.31992423534393,56.20792639255524,53.49489436149597,58.9209584236145,50.64276623725891,47.64276623725891,63.19640350341797,61.88106689453125,64.5117401123047,63.19640350341797,61.619720458984375
10150.jpg,76.5,67.94657135009766,74.5302505493164,67.52055883407593,67.91363954544067,71.02540469169617,70.32443552017212,71.7263738632202,71.02540469169617,71.02540469169617,71.23841094970703,70.58004302978516,71.8967788696289,71.23841094970703,71.23841094970703
10151.jpg,36.8,33.3881950378418,46.10063552856445,28.36102843284607,20.111653208732605,37.23083198070526,35.45687127113342,39.0047926902771,36.36102843284607,33.36102843284607,39.744415283203125,38.47317123413086,41.01565933227539,39.744415283203125,38.3881950378418
10152.jpg,34.8,24.68339157104492,67.34066009521484,46.8398243188858,42.72288978099823,57.09024220705032,55.04015862941742,59.14032578468323,54.8398243188858,51.8398243188858,46.01202583312988,41.746298980712886,50.27775268554687,32.68339157104492,29.68339157104492
10153.jpg,47.9,54.44261169433594,62.270545959472656,50.73411464691162,40.50859212875366,56.50233030319214,55.348687171936035,57.65597343444824,56.50233030319214,56.50233030319214,58.3565788269043,57.573785400390626,59.139372253417974,58.3565788269043,58.3565788269043
10154.jpg,41.4,22.904516220092773,67.07865142822266,24.80029314756393,21.521179378032684,45.939472287893295,41.71163645982742,50.167308115959166,32.800293147563934,29.80029314756393,44.991583824157715,40.57417030334473,49.4089973449707,30.904516220092773,27.904516220092773
10155.jpg,66.9,70.00199127197266,76.26458740234375,70.10846138000488,72.47766852378845,73.18652439117432,72.57091178894044,73.8021369934082,73.18652439117432,73.18652439117432,73.1332893371582,72.5070297241211,73.75954895019532,73.1332893371582,73.1332893371582
10156.jpg,66.39999999999999,66.43851470947266,74.50000762939453,61.01778745651245,64.13134336471558,67.75889754295349,66.41067552566528,69.1071195602417,67.75889754295349,66.01778745651245,70.4692611694336,69.6631118774414,71.27541046142578,70.4692611694336,70.4692611694336
10157.jpg,76.10000000000001,69.73535919189453,73.9554672241211,71.74636125564575,74.24684762954712,72.85091423988342,72.63000364303589,73.07182483673095,72.85091423988342,72.85091423988342,71.84541320800781,71.42340240478515,72.26742401123047,71.84541320800781,71.84541320800781
10158.jpg,30.8,39.045448303222656,57.73617935180664,23.28115552663803,14.028766751289368,40.508667439222336,37.06316505670547,43.95416982173919,31.28115552663803,28.28115552663803,48.39081382751465,46.52174072265625,50.25988693237304,47.045448303222656,44.045448303222656
10159.jpg,24.6,42.36788558959961,61.4876594543457,34.336844086647034,26.475808024406437,47.91225177049637,45.1971702337265,50.627333307266234,42.336844086647034,39.336844086647034,51.927772521972656,50.01579513549805,53.83974990844726,50.36788558959961,47.36788558959961
10160.jpg,57.400000000000006,63.75845718383789,71.14300537109375,58.21834802627564,56.72767162322998,64.68067669868469,63.388210964202884,65.9731424331665,64.68067669868469,63.21834802627564,67.45073127746582,66.71227645874023,68.1891860961914,67.45073127746582,67.45073127746582
10161.jpg,23.4,29.38387680053711,61.61212921142578,30.111724138259888,23.15079420804977,45.861926674842834,42.711886167526245,49.011967182159424,38.11172413825989,35.11172413825989,45.498003005981445,42.275177764892575,48.720828247070315,37.38387680053711,34.38387680053711
10162.jpg,24.3,15.474807739257812,50.54074096679688,23.71289879083633,22.290369868278503,37.126819878816605,34.44403566122055,39.80960409641266,31.71289879083633,28.71289879083633,33.007774353027344,29.50118103027344,36.51436767578126,23.474807739257812,20.474807739257812
10163.jpg,68.89999999999999,74.64813995361328,74.2232437133789,72.7891206741333,70.26243209838867,73.5061821937561,73.36276988983154,73.64959449768065,73.5061821937561,73.5061821937561,74.4356918334961,74.47818145751953,74.39320220947266,74.4356918334961,74.4356918334961
10164.jpg,58.1,56.26216506958008,70.29227447509766,63.97528648376465,57.710111141204834,67.13378047943115,66.50208168029785,67.76547927856444,67.13378047943115,67.13378047943115,63.27721977233887,61.874208831787115,64.68023071289062,63.27721977233887,61.26216506958008
10165.jpg,80.60000000000001,72.83079528808594,76.43067932128906,70.64169645309448,72.56345748901367,73.53618788719177,72.95728960037232,74.11508617401122,73.53618788719177,73.53618788719177,74.6307373046875,74.27074890136718,74.99072570800782,74.6307373046875,74.6307373046875
10166.jpg,15.2,22.449609756469727,55.29561996459961,12.56544291973114,8.098641037940979,33.930531442165375,29.657513737678528,38.20354914665222,20.56544291973114,17.56544291973114,38.87261486053467,35.58801383972168,42.15721588134765,30.449609756469727,27.449609756469727
10167.jpg,26.9,33.49163818359375,58.19271469116211,24.166543781757355,17.756326496601105,41.17962923645973,37.77701214551926,44.582246327400206,32.166543781757355,29.166543781757355,45.84217643737793,43.3720687866211,48.31228408813477,41.49163818359375,38.49163818359375
10168.jpg,57.1,58.75475311279297,71.73201751708984,60.825300216674805,55.40429353713989,66.27865886688232,65.18798713684082,67.36933059692382,66.27865886688232,66.27865886688232,65.2433853149414,63.94565887451172,66.54111175537109,65.2433853149414,63.75475311279297
10169.jpg,18.9,39.10061264038086,55.97970962524414,24.295176565647125,14.67173993587494,40.13744309544563,36.96898978948593,43.305896401405334,32.295176565647125,29.295176565647125,47.5401611328125,45.85225143432617,49.22807083129883,47.10061264038086,44.10061264038086
10170.jpg,75.6,59.30265426635742,76.95939636230469,73.80645275115967,70.75121402740479,75.38292455673218,75.06763019561768,75.69821891784667,75.38292455673218,75.38292455673218,68.13102531433105,66.36535110473633,69.89669952392578,67.30265426635742,64.30265426635742
10171.jpg,81.1,79.12214660644531,76.86884307861328,73.18155765533447,74.98773336410522,75.02520036697388,74.65647182464599,75.39392890930176,75.02520036697388,75.02520036697388,77.9954948425293,78.2208251953125,77.7701644897461,77.9954948425293,77.9954948425293
10172.jpg,16.9,12.6290864944458,54.23133087158203,32.98776745796204,17.897886037826538,43.609549164772034,41.48519282341004,45.733905506134036,40.98776745796204,37.98776745796204,33.430208683013916,29.269984245300293,37.59043312072754,20.6290864944458,17.6290864944458
10173.jpg,16.4,25.09070587158203,51.305850982666016,19.697104394435883,12.992744147777556,35.50147768855095,32.34060302972794,38.66235234737396,27.697104394435883,24.697104394435883,38.19827842712402,35.57676391601562,40.819792938232425,33.09070587158203,30.09070587158203
10174.jpg,38.1,34.0520133972168,66.45764923095703,44.53870356082916,41.36304557323456,55.4981763958931,53.306281828880316,57.690070962905885,52.53870356082916,49.53870356082916,50.254831314086914,47.01426773071289,53.49539489746094,42.0520133972168,39.0520133972168
10175.jpg,79.1,67.69496154785156,72.7641372680664,66.87451004981995,65.41395783424377,69.81932365894318,69.23036093711853,70.40828638076782,69.81932365894318,69.81932365894318,70.22954940795898,69.7226318359375,70.73646697998046,70.22954940795898,70.22954940795898
10176.jpg,79.1,74.35289001464844,72.6913833618164,72.08738923072815,71.78722620010376,72.38938629627228,72.32898688316345,72.4497857093811,72.38938629627228,72.38938629627228,73.52213668823242,73.68828735351562,73.35598602294922,73.52213668823242,73.52213668823242
10177.jpg,85.5,76.10704803466797,73.68978881835938,67.37220287322998,67.9989218711853,70.53099584579468,69.89923725128173,71.16275444030762,70.53099584579468,70.53099584579468,74.89841842651367,75.14014434814453,74.65669250488281,74.89841842651367,74.89841842651367
10178.jpg,55.0,47.565914154052734,71.88422393798828,55.36297559738159,56.56760931015015,63.62359976768494,61.971474933624265,65.2757246017456,63.36297559738159,60.36297559738159,59.72506904602051,57.29323806762695,62.15690002441406,55.565914154052734,52.565914154052734
10179.jpg,39.4,14.536752700805664,58.94371032714844,37.69396841526032,35.529837012290955,48.318839371204376,46.193865180015564,50.44381356239319,45.69396841526032,42.69396841526032,36.74023151397705,32.29953575134277,41.18092727661133,22.536752700805664,19.536752700805664
10180.jpg,70.6,65.86219024658203,70.35406494140625,65.68433046340942,65.63464403152466,68.01919770240784,67.55222425460815,68.48617115020753,68.01919770240784,68.01919770240784,68.10812759399414,67.65894012451172,68.55731506347657,68.10812759399414,68.10812759399414
10181.jpg,24.2,51.34456253051758,65.29637908935547,49.6781587600708,47.47197926044464,57.487268924713135,55.925446891784674,59.0490909576416,57.487268924713135,54.6781587600708,58.32047080993652,56.925289154052734,59.71565246582031,58.32047080993652,56.34456253051758
10182.jpg,25.4,14.089613914489746,58.06237030029297,27.630865573883057,23.48978966474533,42.84661793708801,39.803467464447024,45.889768409729,35.63086557388306,32.63086557388306,36.07599210739136,31.67871646881104,40.473267745971675,22.089613914489746,19.089613914489746
10183.jpg,36.4,45.76483154296875,65.4344711303711,51.45988464355469,43.33424270153046,58.44717788696289,57.049719238281256,59.84463653564453,58.44717788696289,56.45988464355469,55.59965133666992,53.632687377929685,57.56661529541016,53.76483154296875,50.76483154296875
10184.jpg,56.6,50.16707992553711,72.02184295654297,58.48219394683838,50.13311505317688,65.25201845169067,63.89805355072022,66.60598335266113,65.25201845169067,63.48219394683838,61.09446144104004,58.90898513793945,63.279937744140625,58.16707992553711,55.16707992553711
10185.jpg,15.1,30.120759963989254,23.47663688659668,15.89766889810562,12.25874200463295,19.68715289235115,18.929256093502044,20.445049691200254,19.68715289235115,19.68715289235115,26.79869842529297,27.463110733032224,26.134286117553707,26.79869842529297,26.79869842529297
10186.jpg,83.69999999999999,69.84339141845703,75.62394714355469,75.24366974830627,76.95817351341248,75.43380844593048,75.39578070640565,75.47183618545532,75.43380844593048,75.43380844593048,72.73366928100586,72.15561370849609,73.31172485351563,72.73366928100586,72.73366928100586
10187.jpg,79.1,65.56877899169922,75.76248168945312,70.96748352050781,76.02124810218811,73.36498260498047,72.88548278808594,73.844482421875,73.36498260498047,73.36498260498047,70.66563034057617,69.64626007080078,71.68500061035157,70.66563034057617,70.66563034057617
10188.jpg,85.9,65.94105529785156,77.3302230834961,76.62351727485657,79.42872047424316,76.97687017917633,76.90619959831238,77.04754076004028,76.97687017917633,76.97687017917633,71.63563919067383,70.49672241210938,72.77455596923829,71.63563919067383,71.63563919067383
10189.jpg,51.4,66.03531646728516,68.8590316772461,59.58598256111145,53.1072199344635,64.22250711917877,63.29520220756531,65.14981203079223,64.22250711917877,64.22250711917877,67.44717407226562,67.16480255126953,67.72954559326172,67.44717407226562,67.44717407226562
10190.jpg,54.3,64.12860870361328,72.92991638183594,71.8433678150177,72.90974855422974,72.38664209842682,72.277987241745,72.49529695510864,72.38664209842682,72.38664209842682,68.52926254272461,67.64913177490234,69.40939331054688,68.52926254272461,68.52926254272461
10191.jpg,24.3,50.77458190917969,62.37102508544922,41.32806658744812,31.211119890213013,51.84954583644867,49.74524998664856,53.95384168624878,49.32806658744812,46.32806658744812,56.57280349731445,55.4131591796875,57.73244781494141,56.57280349731445,56.57280349731445
10192.jpg,74.4,56.52075958251953,72.27008056640625,63.797199726104736,63.37127685546875,68.0336401462555,67.18635206222534,68.88092823028563,68.0336401462555,68.0336401462555,64.39542007446289,62.82048797607422,65.97035217285156,64.39542007446289,61.52075958251953
10193.jpg,60.0,64.18474578857422,73.3172607421875,64.65696692466736,64.7535502910614,68.98711383342743,68.12108445167542,69.85314321517944,68.98711383342743,68.98711383342743,68.75100326538086,67.83775177001954,69.66425476074218,68.75100326538086,68.75100326538086
10194.jpg,21.0,23.339937210083008,39.57658386230469,31.888821721076965,29.59205806255341,35.732702791690826,34.96392657756805,36.50147900581359,35.732702791690826,35.732702791690826,31.458260536193848,29.83459587097168,33.08192520141601,31.339937210083008,28.339937210083008
10195.jpg,10.9,17.473501205444336,50.17079925537109,20.932620763778687,16.432075202465057,35.55171000957489,32.62789216041565,38.475527858734125,28.932620763778687,25.932620763778687,33.822150230407715,30.552420425415036,37.091880035400386,25.473501205444336,22.473501205444336
10196.jpg,29.700000000000003,13.446222305297852,57.93046951293945,22.99962192773819,26.2433260679245,40.46504572033882,36.971960961818695,43.95813047885895,30.99962192773819,27.99962192773819,35.68834590911865,31.239921188354494,40.13677062988281,21.44622230529785,18.44622230529785
10197.jpg,48.7,56.53682327270508,67.77385711669922,58.02231431007385,52.09484100341797,62.898085713386536,61.922931432724,63.87323999404907,62.898085713386536,62.898085713386536,62.15534019470215,61.031636810302736,63.27904357910157,62.15534019470215,62.15534019470215
10198.jpg,32.599999999999994,36.8250617980957,53.17731475830078,48.13389182090759,51.97540521621704,50.65560328960419,50.151260995864874,51.1599455833435,50.65560328960419,50.65560328960419,45.00118827819824,43.365962982177734,46.63641357421875,44.8250617980957,41.8250617980957
10199.jpg,73.60000000000001,78.96002960205078,74.15603637695312,73.15772771835327,78.76477837562561,73.6568820476532,73.55705118179321,73.75671291351318,73.6568820476532,73.6568820476532,76.55803298950195,77.03843231201171,76.07763366699218,76.55803298950195,76.55803298950195
10200.jpg,33.9,39.96014404296875,70.29220581054688,41.59461855888367,35.82569360733032,55.94341218471527,53.07365345954895,58.81317090988159,49.59461855888367,46.59461855888367,55.12617492675781,52.09296875,58.15938110351563,47.96014404296875,44.96014404296875
10201.jpg,30.0,15.13303279876709,36.26676177978516,19.78086084127426,15.456455945968628,28.023811310529712,26.375221216678625,29.672401404380803,27.78086084127426,24.78086084127426,25.699897289276127,23.586524391174322,27.813270187377935,23.13303279876709,20.13303279876709
10202.jpg,53.3,62.27680587768555,70.9970932006836,59.448206424713135,56.92930221557617,65.22264981269836,64.06776113510132,66.37753849029541,65.22264981269836,65.22264981269836,66.63694953918457,65.76492080688476,67.50897827148438,66.63694953918457,66.63694953918457
10203.jpg,61.4,64.69999694824219,70.16064453125,60.20627021789551,56.05671405792236,65.18345737457275,64.18801994323731,66.1788948059082,65.18345737457275,65.18345737457275,67.4303207397461,66.8842559814453,67.97638549804688,67.4303207397461,67.4303207397461
10204.jpg,20.7,50.5098762512207,71.91488647460938,38.05416226387024,34.43617224693298,54.98452436923981,51.598451948165895,58.37059679031372,46.05416226387024,43.05416226387024,61.21238136291504,59.07188034057617,63.352882385253906,58.5098762512207,55.5098762512207
10205.jpg,17.6,11.994603157043455,26.550020217895508,12.074783444404602,8.742616325616837,19.312401831150055,17.864878153800966,20.759925508499144,19.312401831150055,17.074783444404602,19.272311687469482,17.816769981384276,20.727853393554685,19.272311687469482,16.994603157043457
10206.jpg,23.1,20.218002319335938,57.81380081176758,26.232540607452396,23.525169491767883,42.023170709609985,38.86504468917847,45.1812967300415,34.23254060745239,31.232540607452396,39.01590156555176,35.25632171630859,42.775481414794925,28.218002319335938,25.218002319335938
10207.jpg,85.1,65.7296371459961,75.53314971923828,66.12858772277832,71.55307531356812,70.8308687210083,69.89041252136231,71.7713249206543,70.8308687210083,70.8308687210083,70.63139343261719,69.65104217529297,71.6117446899414,70.63139343261719,70.63139343261719
10208.jpg,15.3,29.661422729492188,42.4857177734375,14.721113443374634,10.688726603984833,28.603415608406067,25.82695517539978,31.379876041412352,22.721113443374634,19.721113443374634,36.073570251464844,34.791140747070315,37.35599975585937,36.073570251464844,34.66142272949219
10209.jpg,61.4,66.54364013671875,71.20260620117188,61.86394691467285,55.92933893203735,66.53327655792236,65.59941062927246,67.46714248657227,66.53327655792236,66.53327655792236,68.87312316894531,68.4072265625,69.33901977539062,68.87312316894531,68.87312316894531
10210.jpg,81.7,72.82263946533203,72.5378189086914,71.54931426048279,72.23138809204102,72.0435665845871,71.94471611976624,72.14241704940795,72.0435665845871,72.0435665845871,72.68022918701172,72.70871124267578,72.65174713134766,72.68022918701172,72.68022918701172
10211.jpg,58.4,66.71356964111328,70.60120391845703,59.225767850875854,49.54720139503479,64.91348588466644,63.77594227790833,66.05102949142456,64.91348588466644,64.91348588466644,68.65738677978516,68.26862335205078,69.04615020751953,68.65738677978516,68.65738677978516
10212.jpg,62.7,67.2323989868164,73.04908752441406,63.46981525421143,62.88586854934693,68.25945138931274,67.30152416229248,69.21737861633301,68.25945138931274,68.25945138931274,70.14074325561523,69.55907440185547,70.722412109375,70.14074325561523,70.14074325561523
10213.jpg,37.0,21.9584903717041,66.32881164550781,44.03332769870758,37.2389554977417,55.1810696721077,52.95152127742767,57.41061806678772,52.03332769870758,49.03332769870758,44.14365100860596,39.70661888122559,48.58068313598633,29.9584903717041,26.9584903717041
10214.jpg,32.9,25.089698791503903,60.28774642944336,35.593512654304504,33.5521012544632,47.94062954187393,45.47120616436005,50.410052919387816,43.593512654304504,40.593512654304504,42.68872261047363,39.16891784667969,46.208527374267575,33.089698791503906,30.089698791503903
10215.jpg,26.5,22.896394729614254,42.776004791259766,21.573616564273834,21.293313801288605,32.1748106777668,30.054571855068207,34.295049500465396,29.573616564273834,26.573616564273834,32.83619976043701,30.848238754272458,34.82416076660156,30.896394729614254,27.896394729614254
10216.jpg,79.0,66.64103698730469,75.10771942138672,70.50622701644897,69.75317001342773,72.80697321891785,72.34682397842407,73.26712245941161,72.80697321891785,72.80697321891785,70.8743782043457,70.0277099609375,71.7210464477539,70.8743782043457,70.8743782043457
10217.jpg,63.9,64.5000228881836,71.3823013305664,62.68410682678223,54.20048236846924,67.03320407867432,66.1633846282959,67.90302352905273,67.03320407867432,67.03320407867432,67.941162109375,67.25293426513673,68.62938995361328,67.941162109375,67.941162109375
10218.jpg,56.7,66.90290069580078,72.7482681274414,58.17860960960388,54.62545156478882,65.46343886852264,64.0064730167389,66.9204047203064,65.46343886852264,63.17860960960388,69.8255844116211,69.24104766845704,70.41012115478516,69.8255844116211,69.8255844116211
10219.jpg,25.0,26.44369125366211,64.04350280761719,31.631532311439518,30.147969722747803,47.83751755952835,44.59632050991058,51.07871460914612,39.631532311439514,36.631532311439514,45.24359703063965,41.48361587524414,49.003578186035156,34.44369125366211,31.44369125366211
10220.jpg,29.700000000000003,29.40789604187012,67.14668273925781,32.786062359809875,33.059895038604736,49.966372549533844,46.53031051158905,53.40243458747864,40.786062359809875,37.786062359809875,48.277289390563965,44.5034107208252,52.051168060302736,37.40789604187012,34.40789604187012
10221.jpg,66.3,63.02633666992188,73.0960464477539,63.91746401786804,64.96766805648804,68.50675523281097,67.58889698982239,69.42461347579956,68.50675523281097,68.50675523281097,68.06119155883789,67.0542205810547,69.0681625366211,68.06119155883789,68.06119155883789
10222.jpg,45.0,37.6522102355957,71.42211151123047,38.95624279975891,38.3971095085144,55.18917715549469,51.94259028434753,58.43576402664184,46.95624279975891,43.95624279975891,54.537160873413086,51.16017074584961,57.91415100097656,45.6522102355957,42.6522102355957
10223.jpg,28.0,21.97120475769043,64.53377532958984,24.548472464084625,25.963816046714783,44.541123896837234,40.542593610286715,48.53965418338775,32.548472464084625,29.548472464084625,43.25249004364014,38.996232986450195,47.50874710083008,29.97120475769043,26.97120475769043
10224.jpg,11.1,22.063447952270508,59.21941757202149,21.98977917432785,18.25358718633652,40.60459837317467,36.881634533405304,44.32756221294403,29.98977917432785,26.98977917432785,40.641432762145996,36.9258358001709,44.35702972412109,30.063447952270508,27.063447952270508
10225.jpg,76.7,74.29871368408203,75.5572280883789,75.0339925289154,79.61755394935608,75.29561030864716,75.24328675270081,75.3479338645935,75.29561030864716,75.29561030864716,74.92797088623047,74.80211944580078,75.05382232666017,74.92797088623047,74.92797088623047
10226.jpg,74.1,74.83050537109375,74.2998275756836,72.30367660522461,70.82311511039734,73.3017520904541,73.10213699340821,73.5013671875,73.3017520904541,73.3017520904541,74.56516647338867,74.61823425292968,74.51209869384766,74.56516647338867,74.56516647338867
10227.jpg,80.1,74.52481079101562,72.70240783691406,71.05000019073486,71.44982814788818,71.87620401382446,71.71096324920654,72.04144477844238,71.87620401382446,71.87620401382446,73.61360931396484,73.795849609375,73.43136901855469,73.61360931396484,73.61360931396484
10228.jpg,70.1,59.25434494018555,74.63992309570312,65.3443455696106,70.6652283668518,69.99213433265686,69.0625765800476,70.9216920852661,69.99213433265686,69.99213433265686,66.94713401794434,65.40857620239258,68.48569183349609,66.94713401794434,64.25434494018555
10229.jpg,71.7,72.0775146484375,73.70629119873047,74.26217794418335,74.34118986129761,73.98423457145691,74.0398232460022,73.92864589691162,73.98423457145691,73.98423457145691,72.89190292358398,72.7290252685547,73.05478057861328,72.89190292358398,72.89190292358398
10230.jpg,48.0,56.7054557800293,70.49425506591797,67.23401546478271,73.07790517807007,68.86413526535034,68.53811130523681,69.19015922546387,68.86413526535034,68.86413526535034,63.59985542297363,62.22097549438477,64.9787353515625,63.59985542297363,61.7054557800293
10231.jpg,35.4,30.537111282348636,66.00386810302734,39.86040949821472,42.40788221359253,52.93213880062103,50.31779294013977,55.54648466110229,47.86040949821472,44.86040949821472,48.27048969268799,44.72381401062012,51.81716537475586,38.53711128234863,35.53711128234863
10232.jpg,64.1,71.92937469482422,76.02010345458984,65.56410789489746,65.39263725280762,70.79210567474365,69.74650611877442,71.83770523071288,70.79210567474365,70.79210567474365,73.97473907470703,73.56566619873047,74.3838119506836,73.97473907470703,73.97473907470703
10233.jpg,19.6,40.445289611816406,60.26290512084961,34.471455216407776,25.12970268726349,47.36718016862869,44.788035178184515,49.94632515907288,42.471455216407776,39.471455216407776,50.35409736633301,48.37233581542969,52.33585891723633,48.445289611816406,45.445289611816406
10234.jpg,69.1,65.6155776977539,79.41998291015625,73.14572334289551,79.40382361412048,76.28285312652588,75.65542716979981,76.91027908325195,76.28285312652588,76.28285312652588,72.51778030395508,71.13733978271485,73.89822082519531,72.51778030395508,70.6155776977539
10235.jpg,45.1,60.3850212097168,70.78781127929688,63.60715627670288,60.82673668861389,67.19748377799988,66.47941827774048,67.91554927825928,67.19748377799988,67.19748377799988,65.58641624450684,64.54613723754883,66.62669525146484,65.58641624450684,65.58641624450684
10236.jpg,37.3,25.51236724853516,68.9737548828125,44.35003399848938,39.83420431613922,56.66189444065094,54.19952235221863,59.12426652908325,52.35003399848938,49.35003399848938,47.24306106567383,42.8969223022461,51.58919982910156,33.512367248535156,30.51236724853516
10237.jpg,44.400000000000006,58.98609924316406,72.26589965820312,55.5394172668457,54.18311357498169,63.902658462524414,62.230010223388675,65.57530670166015,63.5394172668457,60.5394172668457,65.6259994506836,64.29801940917969,66.9539794921875,65.6259994506836,63.98609924316406
10238.jpg,41.900000000000006,25.30676651000977,60.47360610961914,43.17453801631928,33.291760087013245,51.82407206296921,50.094165253639225,53.5539788722992,51.17453801631928,48.17453801631928,42.89018630981445,39.37350234985352,46.40687026977539,33.306766510009766,30.30676651000977
10239.jpg,26.6,25.66740226745605,62.26247787475586,29.473793506622314,25.963503122329712,45.86813569068909,42.58926725387573,49.14700412750244,37.473793506622314,34.473793506622314,43.96494007110596,40.30543251037597,47.624447631835935,33.667402267456055,30.66740226745605
10240.jpg,29.0,40.78038787841797,56.941497802734375,51.91196203231812,45.207059383392334,54.426729917526245,53.92377634048462,54.92968349456787,54.426729917526245,54.426729917526245,48.86094284057617,47.24483184814453,50.477053833007815,48.78038787841797,45.78038787841797
10241.jpg,36.1,52.02265548706055,66.65877532958984,36.37701869010925,25.572693347930908,51.51789700984955,48.489721345901486,54.5460726737976,44.37701869010925,41.37701869010925,59.340715408325195,57.87710342407226,60.804327392578124,59.340715408325195,57.02265548706055
10242.jpg,46.1,43.61708831787109,67.23063659667969,49.27961230278015,39.42900896072388,58.25512444972992,56.46002202033996,60.05022687911987,57.27961230278015,54.27961230278015,55.42386245727539,53.06250762939453,57.78521728515624,51.61708831787109,48.61708831787109
10243.jpg,62.5,69.02078247070312,71.48809051513672,68.32771301269531,61.45091652870178,69.90790176391602,69.59186401367188,70.22393951416015,69.90790176391602,69.90790176391602,70.25443649291992,70.00770568847656,70.50116729736328,70.25443649291992,70.25443649291992
10244.jpg,28.9,18.840925216674805,61.904335021972656,37.659648060798645,36.35534644126892,49.78199154138565,47.35752284526825,52.20646023750305,45.659648060798645,42.659648060798645,40.37263011932373,36.06628913879395,44.67897109985351,26.840925216674805,23.840925216674805
10245.jpg,50.9,59.48286819458008,69.17012023925781,54.70514297485352,48.27068150043488,61.937631607055664,60.49113388061524,63.38412933349609,61.937631607055664,59.70514297485352,64.32649421691895,63.35776901245117,65.29521942138672,64.32649421691895,64.32649421691895
10246.jpg,28.0,32.21105194091797,63.21125793457031,33.29826593399048,28.78476083278656,48.254761934280396,45.263462734222415,51.246061134338376,41.29826593399048,38.29826593399048,47.71115493774414,44.6111343383789,50.81117553710937,40.21105194091797,37.21105194091797
10247.jpg,60.4,53.27048873901367,69.37232971191406,58.34110975265503,53.59480381011963,63.856719732284546,62.75359773635864,64.95984172821045,63.856719732284546,63.856719732284546,61.32140922546387,59.71122512817382,62.93159332275391,61.27048873901367,58.27048873901367
10248.jpg,56.6,51.29834747314453,71.48218536376953,52.8045654296875,46.526190638542175,62.143375396728516,60.275613403320314,64.01113739013672,60.8045654296875,57.8045654296875,61.39026641845703,59.371882629394534,63.40865020751953,59.29834747314453,56.29834747314453
10249.jpg,71.10000000000001,67.3519287109375,72.83243560791016,74.33185577392578,75.49655437469482,73.58214569091797,73.73208770751953,73.43220367431641,73.58214569091797,73.58214569091797,70.09218215942383,69.54413146972657,70.64023284912109,70.09218215942383,70.09218215942383
10250.jpg,30.4,14.420357704162598,61.28547286987305,33.52819383144379,30.98509311676025,47.40683335065842,44.631105446815496,50.182561254501344,41.52819383144379,38.52819383144379,37.85291528701782,33.16640377044678,42.53942680358887,22.420357704162598,19.420357704162598
10251.jpg,23.5,40.66106033325195,67.54228973388672,37.5465989112854,29.226669669151303,52.54444432258606,49.54487524032593,55.54401340484619,45.5465989112854,42.5465989112854,54.101675033569336,51.41355209350586,56.789797973632815,48.66106033325195,45.66106033325195
10252.jpg,36.5,57.96403503417969,68.98941040039062,57.7070951461792,52.82838344573975,63.34825277328491,62.22002124786377,64.47648429870605,63.34825277328491,63.34825277328491,63.476722717285156,62.374185180664064,64.57926025390626,63.476722717285156,63.476722717285156
10253.jpg,58.4,71.64832305908203,72.48566436767578,65.30308127403259,70.27649283409119,68.89437282085419,68.17611451148987,69.6126311302185,68.89437282085419,68.89437282085419,72.0669937133789,71.98325958251954,72.15072784423828,72.0669937133789,72.0669937133789
10254.jpg,37.400000000000006,48.78613662719727,69.5545425415039,48.49568009376526,47.8407621383667,59.02511131763458,56.91922507286072,61.130997562408446,56.49568009376526,53.49568009376526,59.170339584350586,57.093498992919926,61.24718017578125,56.78613662719727,53.78613662719727
10255.jpg,68.5,71.22618103027344,71.31568145751953,67.01763272285461,64.22932147979736,69.16665709018707,68.73685221672058,69.59646196365355,69.16665709018707,69.16665709018707,71.27093124389648,71.26198120117188,71.27988128662109,71.27093124389648,71.27093124389648
10256.jpg,48.2,61.90660858154297,69.83734130859375,61.117589473724365,58.23678970336914,65.47746539115906,64.60549020767212,66.349440574646,65.47746539115906,65.47746539115906,65.87197494506836,65.07890167236329,66.66504821777343,65.87197494506836,65.87197494506836
10257.jpg,64.80000000000001,57.42314529418945,70.22891998291016,54.40455079078674,51.29216909408569,62.31673538684845,60.73429846763611,63.89917230606079,62.31673538684845,59.40455079078674,63.826032638549805,62.54545516967773,65.10661010742187,63.826032638549805,62.42314529418945
10258.jpg,59.1,57.813812255859375,70.434326171875,55.909037590026855,53.82102727890015,63.17168188095093,61.719153022766115,64.62421073913575,63.17168188095093,60.909037590026855,64.12406921386719,62.86201782226563,65.38612060546875,64.12406921386719,62.813812255859375
10259.jpg,71.8,67.4360580444336,74.44195556640625,66.70397520065308,67.8491473197937,70.57296538352966,69.79916734695435,71.34676342010498,70.57296538352966,70.57296538352966,70.93900680541992,70.23841705322266,71.63959655761718,70.93900680541992,70.93900680541992
10260.jpg,42.1,46.1741828918457,71.27373504638672,47.66989350318909,42.10724234580994,59.4718142747879,57.11143012046814,61.83219842910766,55.66989350318909,52.66989350318909,58.72395896911621,56.21400375366211,61.23391418457031,54.1741828918457,51.1741828918457
10261.jpg,21.4,29.74881935119629,51.98768997192383,32.480865716934204,21.97140753269196,42.234277844429016,40.283595418930055,44.18496026992798,40.480865716934204,37.480865716934204,40.86825466156006,38.64436759948731,43.092141723632814,37.74881935119629,34.74881935119629
10262.jpg,20.5,19.260255813598636,63.57384490966797,31.703627109527588,26.15722417831421,47.63873600959778,44.45171422958374,50.825757789611814,39.70362710952759,36.70362710952759,41.4170503616333,36.98569145202637,45.848409271240236,27.260255813598636,24.260255813598636
10263.jpg,50.6,65.56041717529297,70.7523193359375,57.09603428840637,51.65667533874512,63.924176812171936,62.558548307418825,65.28980531692505,63.924176812171936,62.09603428840637,68.15636825561523,67.63717803955078,68.6755584716797,68.15636825561523,68.15636825561523
10264.jpg,52.2,61.68996810913086,73.82485961914062,54.02477979660034,55.75863122940064,63.92481970787048,61.94481172561646,65.9048276901245,62.02477979660034,59.02477979660034,67.75741386413574,66.54392471313477,68.97090301513671,67.75741386413574,66.68996810913086
10265.jpg,28.9,24.86552619934082,60.400535583496094,28.31640839576721,23.796984553337097,44.35847198963165,41.15005927085876,47.56688470840454,36.31640839576721,33.31640839576721,42.63303089141846,39.07952995300293,46.18653182983398,32.86552619934082,29.86552619934082
10266.jpg,25.8,17.25839614868164,63.32754898071289,33.320727944374084,22.203926742076877,48.32413846254349,45.32345635890961,51.324820566177365,41.320727944374084,38.320727944374084,40.292972564697266,35.68605728149414,44.89988784790039,25.25839614868164,22.25839614868164
10267.jpg,82.0,67.03058624267578,74.85665893554688,73.04321527481079,78.23883891105652,73.94993710517883,73.76859273910523,74.13128147125244,73.94993710517883,73.94993710517883,70.94362258911133,70.16101531982422,71.72622985839844,70.94362258911133,70.94362258911133
10268.jpg,57.8,65.50566101074219,70.31493377685547,58.91150236129761,55.04152774810791,64.61321806907654,63.47287492752075,65.75356121063231,64.61321806907654,64.61321806907654,67.91029739379883,67.4293701171875,68.39122467041015,67.91029739379883,67.91029739379883
10269.jpg,77.8,65.51175689697266,73.840576171875,72.74633646011353,74.37488436698914,73.29345631599426,73.18403234481812,73.4028802871704,73.29345631599426,73.29345631599426,69.67616653442383,68.8432846069336,70.50904846191406,69.67616653442383,69.67616653442383
10270.jpg,32.8,30.64353370666504,68.90411376953125,35.05496382713318,30.731096863746643,51.979538798332214,48.59462380409241,55.36445379257202,43.05496382713318,40.05496382713318,49.773823738098145,45.94776573181152,53.59988174438477,38.64353370666504,35.64353370666504
10271.jpg,71.9,59.0063705444336,70.39832305908203,69.18808221817017,66.4330244064331,69.7932026386261,69.67217855453491,69.91422672271727,69.7932026386261,69.7932026386261,64.70234680175781,63.56315155029297,65.84154205322265,64.70234680175781,64.70234680175781
10272.jpg,27.1,43.48669052124024,63.51284790039063,34.2977374792099,28.08098793029785,48.90529268980026,45.98378164768219,51.82680373191834,42.2977374792099,39.2977374792099,53.49976921081544,51.49715347290039,55.50238494873048,51.48669052124024,48.48669052124024
10273.jpg,79.1,76.6824951171875,75.2932357788086,74.78016018867493,78.7102997303009,75.03669798374176,74.9853904247284,75.08800554275513,75.03669798374176,75.03669798374176,75.98786544799805,76.12679138183594,75.84893951416015,75.98786544799805,75.98786544799805
10274.jpg,25.0,30.11602783203125,55.340606689453125,28.015387058258057,21.28084897994995,41.67799687385559,38.94547491073608,44.41051883697509,36.01538705825806,33.01538705825806,42.72831726074219,40.205859375,45.25077514648437,38.11602783203125,35.11602783203125
10275.jpg,58.1,52.686283111572266,74.16693115234375,59.6624493598938,61.68979406356812,66.91469025611877,65.46424207687377,68.36513843536378,66.91469025611877,64.6624493598938,63.42660713195801,61.27854232788086,65.57467193603516,60.686283111572266,57.686283111572266
10276.jpg,64.9,62.59178924560547,69.80931091308594,71.33303880691528,71.90413475036621,70.57117486000061,70.72354764938355,70.41880207061767,70.57117486000061,70.57117486000061,66.2005500793457,65.47879791259766,66.92230224609375,66.2005500793457,66.2005500793457
10277.jpg,26.1,33.10894012451172,64.87141418457031,27.50291228294373,24.54923540353775,46.18716323375702,42.45031304359436,49.924013423919675,35.502912282943726,32.502912282943726,48.990177154541016,45.81392974853516,52.16642456054687,41.10894012451172,38.10894012451172
10278.jpg,24.5,48.202125549316406,62.7514877319336,45.35837173461914,39.08511102199554,54.05492973327637,52.31561813354493,55.79424133300782,53.35837173461914,50.35837173461914,55.476806640625,54.021870422363286,56.93174285888672,55.476806640625,53.202125549316406
10279.jpg,32.400000000000006,37.80084609985352,67.2916259765625,35.70900559425354,35.90972721576691,51.50031578540802,48.342053747177125,54.658577823638915,43.70900559425354,40.70900559425354,52.54623603820801,49.59715805053712,55.49531402587891,45.80084609985352,42.80084609985352
10280.jpg,34.900000000000006,51.27754974365234,67.08271789550781,40.139785408973694,37.410831451416016,53.61125165224075,50.916958403587344,56.30554490089416,48.139785408973694,45.139785408973694,59.18013381958008,57.59961700439453,60.760650634765625,59.18013381958008,56.27754974365234
10281.jpg,42.0,29.88427734375,70.4200668334961,41.77902042865753,33.286914229393005,56.09954363107681,53.235438990592954,58.963648271560665,49.77902042865753,46.77902042865753,50.15217208862305,46.098593139648436,54.20575103759765,37.88427734375,34.88427734375
10282.jpg,78.1,67.2520980834961,77.2585220336914,71.5668797492981,75.70945024490356,74.41270089149475,73.84353666305542,74.98186511993407,74.41270089149475,74.41270089149475,72.25531005859375,71.25466766357422,73.25595245361328,72.25531005859375,72.25531005859375
10283.jpg,63.9,71.65888977050781,73.85330200195312,64.60095047950745,63.027310371398926,69.22712624073029,68.30189108848572,70.15236139297485,69.22712624073029,69.22712624073029,72.75609588623047,72.53665466308593,72.975537109375,72.75609588623047,72.75609588623047
10284.jpg,44.400000000000006,53.58566665649414,73.50752258300781,52.33279466629028,48.04616570472717,62.92015862464905,60.802685832977296,65.0376314163208,60.33279466629028,57.33279466629028,63.54659461975098,61.55440902709961,65.53878021240234,61.58566665649414,58.58566665649414
10285.jpg,27.9,24.262073516845703,63.68639373779297,40.180590748786926,38.77173662185669,51.93349224328995,49.582911944389345,54.28407254219055,48.180590748786926,45.180590748786926,43.974233627319336,40.03180160522461,47.916665649414064,32.2620735168457,29.262073516845703
10286.jpg,64.2,65.3257827758789,70.00630187988281,62.08304166793823,55.85698485374451,66.04467177391052,65.25234575271607,66.83699779510498,66.04467177391052,66.04467177391052,67.66604232788086,67.19799041748047,68.13409423828125,67.66604232788086,67.66604232788086
10287.jpg,46.2,44.89124298095703,66.95935821533203,35.0228488445282,25.921177864074707,50.991103529930115,47.79745259284974,54.1847544670105,43.0228488445282,40.0228488445282,55.92530059814453,53.71848907470704,58.13211212158203,52.89124298095703,49.89124298095703
10288.jpg,28.4,14.495250701904297,61.65933609008789,30.920249223709103,32.11089670658112,46.2897926568985,43.21588397026062,49.36370134353638,38.920249223709106,35.920249223709106,38.077293395996094,33.36088485717774,42.79370193481445,22.495250701904297,19.495250701904297
10289.jpg,71.2,65.82121276855469,79.55662536621094,77.23492383956909,81.75694942474365,78.39577460289001,78.16360445022583,78.6279447555542,78.39577460289001,78.39577460289001,72.68891906738281,71.31537780761718,74.06246032714844,72.68891906738281,70.82121276855469
10290.jpg,26.200000000000003,16.716094970703125,63.02863311767578,24.812018871307373,22.80980348587036,43.92032599449158,40.09866456985473,47.741987419128414,32.81201887130737,29.812018871307373,39.87236404418945,35.241110229492186,44.50361785888671,24.716094970703125,21.716094970703125
10291.jpg,76.39999999999999,61.14887237548828,71.99551391601562,63.45789432525635,59.96197462081909,67.72670412063599,66.87294216156006,68.58046607971191,67.72670412063599,67.72670412063599,66.57219314575195,65.48752899169922,67.65685729980468,66.57219314575195,66.57219314575195
10292.jpg,34.900000000000006,46.88069534301758,66.5866928100586,50.331515073776245,44.56145763397217,58.45910394191742,56.83358616828919,60.08462171554565,58.331515073776245,55.331515073776245,56.733694076538086,54.76309432983399,58.70429382324218,54.88069534301758,51.88069534301758
10293.jpg,47.1,43.00676345825195,62.51762771606445,38.1335973739624,28.61512005329132,50.32561254501343,47.887209510803224,52.76401557922363,46.1335973739624,43.1335973739624,52.7621955871582,50.811109161376955,54.71328201293945,51.00676345825195,48.00676345825195
10294.jpg,35.5,35.720882415771484,55.60797500610352,40.26351869106293,28.95787358283997,47.93574684858322,46.401301217079165,49.470192480087285,47.93574684858322,45.26351869106293,45.6644287109375,43.6757194519043,47.65313796997071,43.720882415771484,40.720882415771484
10295.jpg,35.4,33.90331268310547,66.80196380615234,44.07540559768677,42.02289581298828,55.438684701919556,53.166028881073004,57.711340522766115,52.07540559768677,49.07540559768677,50.352638244628906,47.062773132324224,53.642503356933595,41.90331268310547,38.90331268310547
10296.jpg,27.6,45.22939682006836,65.6689682006836,32.16542601585388,25.049981474876404,48.91719710826874,45.56684288978577,52.26755132675171,40.16542601585388,37.16542601585388,55.44918251037598,53.405225372314455,57.4931396484375,53.22939682006836,50.22939682006836
10297.jpg,68.7,69.97154998779297,72.89120483398438,67.30927228927612,67.0146107673645,70.10023856163025,69.54204530715943,70.65843181610107,70.10023856163025,70.10023856163025,71.43137741088867,71.13941192626953,71.72334289550781,71.43137741088867,71.43137741088867
10298.jpg,54.6,56.17431640625,72.45474243164062,61.824798583984375,59.98011231422424,67.1397705078125,66.07677612304687,68.20276489257813,67.1397705078125,67.1397705078125,64.31452941894531,62.68648681640625,65.94257202148438,64.17431640625,61.17431640625
10299.jpg,33.3,17.736711502075195,63.09196853637695,24.6686652302742,20.1143279671669,43.88031688332558,40.0379865527153,47.72264721393585,32.6686652302742,29.6686652302742,40.414340019226074,35.8788143157959,44.94986572265625,25.736711502075195,22.736711502075195
10300.jpg,36.0,44.34288787841797,72.38941955566406,48.00504148006439,40.98501205444336,60.19723051786423,57.75879271030426,62.63566832542419,56.00504148006439,53.00504148006439,58.366153717041016,55.561500549316406,61.170806884765625,52.34288787841797,49.34288787841797
10301.jpg,27.9,27.10099220275879,64.93038940429688,29.655766487121586,27.237501740455627,47.29307794570923,43.7656156539917,50.820540237426755,37.65576648712158,34.65576648712158,46.01569080352783,42.232751083374026,49.79863052368164,35.10099220275879,32.10099220275879
10302.jpg,52.7,56.78792572021485,71.43855285644531,62.275755405426025,61.453354358673096,66.85715413093567,65.94087438583374,67.77343387603759,66.85715413093567,66.85715413093567,64.11323928833008,62.64817657470704,65.57830200195312,64.11323928833008,61.78792572021485
10303.jpg,74.0,75.0945053100586,72.34956359863281,72.01758623123169,72.97097444534302,72.18357491493225,72.15037717819214,72.21677265167236,72.18357491493225,72.18357491493225,73.7220344543457,73.99652862548828,73.44754028320312,73.7220344543457,73.7220344543457
10304.jpg,47.0,40.21289825439453,71.81253051757812,50.68012475967407,47.52938449382782,61.2463276386261,59.1330870628357,63.359568214416505,58.68012475967407,55.68012475967407,56.01271438598633,52.852751159667974,59.17267761230469,48.21289825439453,45.21289825439453
10305.jpg,24.4,38.11775588989258,60.12689208984375,31.777986884117126,21.72335535287857,45.95243948698044,43.11754896640778,48.7873300075531,39.77798688411713,36.77798688411713,49.122323989868164,46.921410369873044,51.323237609863284,46.11775588989258,43.11775588989258
10306.jpg,56.900000000000006,57.8555908203125,71.55545806884766,62.15046644210816,57.4599027633667,66.8529622554779,65.91246309280396,67.79346141815186,66.8529622554779,66.8529622554779,64.70552444458008,63.33553771972656,66.0755111694336,64.70552444458008,62.8555908203125
10307.jpg,50.9,54.82360076904297,66.88921356201172,56.829094886779785,58.71186852455139,61.85915422439575,60.85314235687256,62.865166091918944,61.85915422439575,61.85915422439575,60.856407165527344,59.649845886230466,62.06296844482422,60.856407165527344,59.82360076904297
10308.jpg,66.6,66.58258819580078,72.777099609375,65.09928107261658,62.86166310310364,68.93819034099579,68.17040848731995,69.70597219467163,68.93819034099579,68.93819034099579,69.67984390258789,69.06039276123047,70.2992950439453,69.67984390258789,69.67984390258789
10309.jpg,52.6,54.30388259887695,68.58851623535156,51.29365921020508,46.63347899913788,59.94108772277832,58.21160202026367,61.670573425292964,59.29365921020508,56.29365921020508,61.44619941711426,60.01773605346679,62.87466278076172,61.44619941711426,59.30388259887695
10310.jpg,72.0,72.73172760009766,72.66595458984375,75.26938915252686,74.35883283615112,73.9676718711853,74.22801532745362,73.70732841491699,73.9676718711853,73.9676718711853,72.6988410949707,72.70541839599609,72.69226379394532,72.6988410949707,72.6988410949707
10311.jpg,55.6,73.11675262451172,71.66474914550781,66.22155904769897,64.86431956291199,68.9431540966034,68.39883508682252,69.48747310638427,68.9431540966034,68.9431540966034,72.39075088500977,72.53595123291015,72.24555053710938,72.39075088500977,72.39075088500977
10312.jpg,27.4,36.514122009277344,65.36923217773438,33.0152690410614,27.33197510242462,49.19225060939789,45.956854295730594,52.42764692306518,41.0152690410614,38.0152690410614,50.94167709350586,48.05616607666016,53.82718811035156,44.514122009277344,41.514122009277344
10313.jpg,41.3,58.41406631469727,72.78877258300781,61.01967692375183,58.7699830532074,66.90422475337982,65.72731518745422,68.08113431930542,66.90422475337982,66.90422475337982,65.60141944885254,64.1639488220215,67.0388900756836,65.60141944885254,63.41406631469727
10314.jpg,15.1,16.416561126708984,62.19033432006836,25.39677917957306,21.23437374830246,43.79355674982071,40.114201235771176,47.472912263870235,33.39677917957306,30.39677917957306,39.30344772338867,34.726070404052734,43.88082504272461,24.416561126708984,21.416561126708984
10315.jpg,39.1,63.47607803344727,70.1958999633789,50.23204684257507,36.31480634212494,60.21397340297699,58.21758809089661,62.210358715057374,58.23204684257507,55.23204684257507,66.83598899841309,66.16400680541993,67.50797119140626,66.83598899841309,66.83598899841309
10316.jpg,73.5,62.030067443847656,72.90160369873047,67.14177131652832,69.16770339012146,70.0216875076294,69.44570426940918,70.5976707458496,70.0216875076294,70.0216875076294,67.46583557128906,66.37868194580078,68.55298919677733,67.46583557128906,67.46583557128906
10317.jpg,57.9,66.42748260498047,71.60252380371094,68.56968402862549,62.66281604766846,70.08610391616821,69.78281993865967,70.38938789367675,70.08610391616821,70.08610391616821,69.0150032043457,68.49749908447265,69.53250732421876,69.0150032043457,69.0150032043457
10318.jpg,58.9,67.09493255615234,72.37602996826172,58.60569477081299,53.16823720932007,65.49086236953735,64.11382884979248,66.86789588928222,65.49086236953735,63.60569477081299,69.73548126220703,69.2073715209961,70.26359100341797,69.73548126220703,69.73548126220703
10319.jpg,25.1,44.34354782104492,58.92758941650391,38.62493634223938,29.258993268013,48.77626287937164,46.745997571945196,50.8065281867981,46.62493634223938,43.62493634223938,51.635568618774414,50.17716445922852,53.093972778320314,51.635568618774414,49.34354782104492
10320.jpg,78.0,67.91194152832031,74.91088104248047,74.73323941230774,81.37961030006409,74.8220602273941,74.80429606437683,74.83982439041137,74.8220602273941,74.8220602273941,71.41141128540039,70.71151733398438,72.1113052368164,71.41141128540039,71.41141128540039
10321.jpg,68.0,61.30260467529297,69.81439208984375,64.03316259384155,57.61296153068543,66.92377734184265,66.34565439224244,67.50190029144287,66.92377734184265,66.92377734184265,65.55849838256836,64.70731964111329,66.40967712402343,65.55849838256836,65.55849838256836
10322.jpg,24.9,24.858924865722656,72.25712585449219,29.51608896255493,24.741925299167637,50.88660740852356,46.61250371932984,55.16071109771728,37.51608896255493,34.51608896255493,48.55802536010742,43.818205261230474,53.29784545898437,32.858924865722656,29.858924865722656
10323.jpg,77.1,67.48760986328125,73.61603546142578,71.99909090995789,71.8895673751831,72.80756318569183,72.64586873054505,72.96925764083862,72.80756318569183,72.80756318569183,70.55182266235352,69.93898010253906,71.16466522216797,70.55182266235352,70.55182266235352
10324.jpg,37.6,43.07728958129883,58.36964797973633,48.7060010433197,53.67248058319092,53.537824511528015,52.57145981788635,54.50418920516967,53.537824511528015,53.537824511528015,50.72346878051758,49.19423294067383,52.25270462036133,50.72346878051758,48.07728958129883
10325.jpg,89.7,59.68722915649414,75.82701873779297,71.76386713981628,76.60754323005676,73.79544293880463,73.38912777900696,74.20175809860228,73.79544293880463,73.79544293880463,67.75712394714355,66.14314498901368,69.37110290527343,67.68722915649414,64.68722915649414
10326.jpg,38.9,39.98886489868164,63.99518203735352,38.28868865966797,31.377437710762024,51.14193534851074,48.57128601074219,53.7125846862793,46.28868865966797,43.28868865966797,51.99202346801758,49.59139175415039,54.39265518188477,47.98886489868164,44.98886489868164
10327.jpg,38.7,36.42080307006836,28.895343780517575,40.8673495054245,28.95762324333191,34.88134664297104,36.07854721546173,33.684146070480345,34.88134664297104,34.88134664297104,32.65807342529297,33.41061935424805,31.90552749633789,32.65807342529297,32.65807342529297
10328.jpg,47.3,50.08267211914063,68.51216888427734,55.00984191894531,52.2568941116333,61.76100540161133,60.41077270507813,63.11123809814453,61.76100540161133,60.00984191894531,59.297420501708984,57.454470825195315,61.14037017822266,58.08267211914063,55.08267211914063
10329.jpg,50.9,66.78997802734375,73.63715362548828,61.44750118255615,58.596742153167725,67.54232740402222,66.323362159729,68.76129264831542,67.54232740402222,66.44750118255615,70.21356582641602,69.52884826660156,70.89828338623047,70.21356582641602,70.21356582641602
10330.jpg,80.60000000000001,63.63642120361328,71.66461181640625,66.52395725250244,62.1873140335083,69.09428453445435,68.58021907806396,69.60834999084472,69.09428453445435,69.09428453445435,67.65051651000977,66.84769744873047,68.45333557128906,67.65051651000977,67.65051651000977
10331.jpg,38.3,16.92439842224121,64.81587982177734,25.67494809627533,22.41265624761581,45.24541395902634,41.33132078647614,49.15950713157654,33.67494809627533,30.67494809627533,40.87013912200928,36.08099098205567,45.659287261962895,24.92439842224121,21.92439842224121
10332.jpg,83.0,75.74170684814453,76.02918243408203,69.79029178619385,74.93832111358643,72.90973711013794,72.28584804534913,73.53362617492675,72.90973711013794,72.90973711013794,75.88544464111328,75.85669708251953,75.91419219970703,75.88544464111328,75.88544464111328
10333.jpg,38.4,32.824005126953125,67.71180725097656,29.39046919345856,20.63768059015274,48.55113822221756,44.719004416465765,52.38327202796936,37.39046919345856,34.39046919345856,50.267906188964844,46.7791259765625,53.75668640136719,40.824005126953125,37.824005126953125
10334.jpg,72.30000000000001,64.75117492675781,75.37828063964844,71.40436172485352,71.62548899650574,73.39132118225098,72.99392929077149,73.78871307373046,73.39132118225098,73.39132118225098,70.06472778320312,69.00201721191407,71.1274383544922,70.06472778320312,70.06472778320312
10335.jpg,38.3,33.68301010131836,64.55158996582031,30.072715878486637,25.24434030056,47.31215292215347,43.86426551342011,50.76004033088684,38.07271587848663,35.07271587848663,49.117300033569336,46.03044204711914,52.20415802001953,41.68301010131836,38.68301010131836
10336.jpg,86.0,78.62684631347656,76.60897827148438,74.85839128494263,81.36792182922363,75.7336847782135,75.55862607955933,75.90874347686767,75.7336847782135,75.7336847782135,77.61791229248047,77.81969909667968,77.41612548828125,77.61791229248047,77.61791229248047
10337.jpg,12.7,23.718982696533203,61.066062927246094,30.46111762523651,25.048673152923584,45.7635902762413,42.70309574604035,48.82408480644226,38.46111762523651,35.46111762523651,42.39252281188965,38.657814788818364,46.12723083496093,31.718982696533203,28.718982696533203
10338.jpg,49.0,51.07135391235352,62.17481994628906,53.84869575500488,44.8811262845993,58.01175785064697,57.179145431518556,58.84437026977539,58.01175785064697,58.01175785064697,56.62308692932129,55.51274032592774,57.73343353271485,56.62308692932129,56.62308692932129
10339.jpg,63.6,66.1644058227539,72.10619354248047,74.77222681045532,77.61924266815186,73.4392101764679,73.70581350326538,73.17260684967042,73.4392101764679,73.4392101764679,69.13529968261719,68.54112091064454,69.72947845458984,69.13529968261719,69.13529968261719
10340.jpg,45.6,35.55159378051758,67.71212005615234,49.498334527015686,45.73827683925629,58.605227291584015,56.78384873867035,60.42660584449768,57.498334527015686,54.498334527015686,51.63185691833496,48.41580429077149,54.84790954589844,43.55159378051758,40.55159378051758
10341.jpg,58.4,68.48767852783203,73.3145980834961,63.72568607330322,64.47811126708984,68.52014207839966,67.56125087738037,69.47903327941894,68.52014207839966,68.52014207839966,70.90113830566406,70.41844635009767,71.38383026123047,70.90113830566406,70.90113830566406
10342.jpg,61.6,71.05510711669922,73.62092590332031,66.57205820083618,64.23243880271912,70.09649205207825,69.39160528182984,70.80137882232665,70.09649205207825,70.09649205207825,72.33801651000977,72.08143463134766,72.59459838867187,72.33801651000977,72.33801651000977
10343.jpg,68.4,65.79485321044922,74.05796813964844,67.01545715332031,67.47587323188782,70.53671264648438,69.83246154785157,71.24096374511718,70.53671264648438,70.53671264648438,69.92641067504883,69.1000991821289,70.75272216796876,69.92641067504883,69.92641067504883
10344.jpg,41.6,37.00908279418945,55.550899505615234,41.61317050457001,29.487860202789307,48.58203500509262,47.1882621049881,49.975807905197144,48.58203500509262,46.61317050457001,46.279991149902344,44.42580947875976,48.13417282104492,45.00908279418945,42.00908279418945
10345.jpg,18.0,25.46897315979004,55.177833557128906,39.92180824279785,36.679571866989136,47.54982089996338,46.02421836853027,49.07542343139648,47.54982089996338,44.92180824279785,40.32340335845947,37.35251731872559,43.29428939819336,33.46897315979004,30.46897315979004
10346.jpg,52.7,71.85242462158203,70.44957733154297,62.85481452941895,59.13513898849487,66.65219593048096,65.89271965026856,67.41167221069337,66.65219593048096,66.65219593048096,71.1510009765625,71.29128570556641,71.0107162475586,71.1510009765625,71.1510009765625
10347.jpg,59.400000000000006,66.44475555419922,72.76714324951172,59.67553853988648,60.16284227371216,66.2213408946991,64.91218042373657,67.53050136566162,66.2213408946991,64.67553853988647,69.60594940185547,68.97371063232421,70.23818817138672,69.60594940185547,69.60594940185547
10348.jpg,29.4,17.17513084411621,54.25638198852539,18.307416141033173,16.49060696363449,36.28189906477928,32.68700248003006,39.8767956495285,26.307416141033173,23.307416141033173,35.7157564163208,32.00763130187988,39.42388153076172,25.17513084411621,22.17513084411621
10349.jpg,69.9,57.39825820922852,75.3992919921875,57.57274627685547,54.26361560821533,66.48601913452148,64.70336456298828,68.26867370605468,65.57274627685547,62.57274627685547,66.39877510070801,64.59867172241212,68.19887847900391,65.39825820922852,62.39825820922852
10350.jpg,35.3,14.895752906799316,56.368160247802734,33.1475704908371,30.413636565208435,44.757865369319916,42.43580639362335,47.07992434501648,41.1475704908371,38.1475704908371,35.631956577301025,31.484715843200682,39.77919731140137,22.895752906799316,19.895752906799316
10351.jpg,86.6,72.21981048583984,74.54550170898438,74.40435886383057,75.90017318725586,74.47493028640747,74.46081600189208,74.48904457092286,74.47493028640747,74.47493028640747,73.38265609741211,73.15008697509765,73.61522521972657,73.38265609741211,73.38265609741211
10352.jpg,63.1,56.818939208984375,67.64994049072266,64.78555202484131,65.30540585517883,66.21774625778198,65.93130741119384,66.50418510437012,66.21774625778198,66.21774625778198,62.234439849853516,61.15133972167969,63.31753997802734,62.234439849853516,62.234439849853516
10353.jpg,86.0,65.38640594482422,76.7588119506836,78.8585901260376,85.04282236099243,77.8087010383606,78.018678855896,77.59872322082519,77.8087010383606,77.8087010383606,71.0726089477539,69.93536834716798,72.20984954833985,71.0726089477539,71.0726089477539
10354.jpg,36.9,18.78911590576172,52.947731018066406,22.494331002235413,19.65342164039612,37.72103101015091,34.67569100856781,40.76637101173401,30.494331002235413,27.494331002235413,35.86842346191406,32.452561950683595,39.28428497314453,26.78911590576172,23.78911590576172
10355.jpg,89.39999999999999,63.91254425048828,75.53746795654297,77.9608964920044,85.98430156707764,76.74918222427368,76.99152507781983,76.50683937072753,76.74918222427368,76.74918222427368,69.72500610351562,68.56251373291016,70.88749847412109,69.72500610351562,69.72500610351562
10356.jpg,65.1,62.244258880615234,69.94510650634766,69.71856355667114,69.25705671310425,69.8318350315094,69.80918073654175,69.85448932647705,69.8318350315094,69.8318350315094,66.09468269348145,65.3245979309082,66.8647674560547,66.09468269348145,66.09468269348145
10357.jpg,25.7,27.99820709228516,58.713478088378906,34.35865044593811,28.724631667137142,46.53606426715851,44.10058150291443,48.97154703140259,42.35865044593811,39.35865044593811,43.35584259033203,40.28431549072266,46.42736968994141,35.998207092285156,32.998207092285156
10358.jpg,18.700000000000003,43.79400634765625,64.55709838867188,24.552690982818604,22.099199891090397,44.55489468574524,40.55445394515991,48.555335426330565,32.5526909828186,29.552690982818604,54.17555236816406,52.0992431640625,56.251861572265625,51.79400634765625,48.79400634765625
10359.jpg,70.3,63.765357971191406,70.37828063964844,70.01841068267822,67.57386326789856,70.19834566116333,70.16235866546631,70.23433265686035,70.19834566116333,70.19834566116333,67.07181930541992,66.41052703857422,67.73311157226563,67.07181930541992,67.07181930541992
10360.jpg,43.8,51.41332244873047,69.15711212158203,43.90250444412232,41.68901443481445,56.52980828285217,54.004347515106204,59.05526905059814,51.90250444412232,48.90250444412232,60.28521728515625,58.51083831787109,62.05959625244141,59.41332244873047,56.41332244873047
10361.jpg,75.5,65.10545349121094,73.49559783935547,65.16860127449036,64.74542617797852,69.33209955692291,68.4993999004364,70.16479921340942,69.33209955692291,69.33209955692291,69.3005256652832,68.46151123046874,70.13954010009766,69.3005256652832,69.3005256652832
10362.jpg,74.5,74.02320098876953,72.16084289550781,71.0944652557373,73.0367660522461,71.62765407562256,71.52101631164551,71.7342918395996,71.62765407562256,71.62765407562256,73.09202194213867,73.27825775146485,72.9057861328125,73.09202194213867,73.09202194213867
10363.jpg,72.30000000000001,57.81097412109375,74.20457458496094,57.475316524505615,61.47181987762451,65.83994555473328,64.16701974868775,67.5128713607788,65.47531652450562,62.475316524505615,66.00777435302734,64.36841430664063,67.64713439941406,65.81097412109375,62.81097412109375
10364.jpg,20.3,25.407989501953125,31.310752868652344,32.91686177253723,26.94898247718811,32.11380732059479,32.27441821098328,31.953196430206297,32.11380732059479,32.11380732059479,28.359371185302734,27.76909484863281,28.949647521972658,28.359371185302734,28.359371185302734
10365.jpg,29.0,19.99778938293457,60.708229064941406,33.58512222766876,30.290961265563965,47.146675646305084,44.43436496257782,49.858986330032344,41.58512222766876,38.58512222766876,40.35300922393799,36.281965255737305,44.42405319213867,27.99778938293457,24.99778938293457
10366.jpg,66.0,57.34015274047852,69.77896881103516,55.236124992370605,51.47155523300171,62.50754690170288,61.05326251983642,63.96183128356933,62.50754690170288,60.236124992370605,63.559560775756836,62.31567916870118,64.8034423828125,63.559560775756836,62.34015274047852
10367.jpg,28.2,43.15121078491211,62.02212905883789,31.3898503780365,23.49722385406494,46.705989718437195,43.64276185035706,49.769217586517335,39.3898503780365,36.3898503780365,52.586669921875,50.69957809448242,54.47376174926758,51.15121078491211,48.15121078491211
10368.jpg,50.5,66.6317367553711,71.9253921508789,59.514594078063965,54.379212856292725,65.71999311447144,64.47891330718994,66.96107292175293,65.71999311447144,64.51459407806396,69.278564453125,68.74919891357422,69.80792999267578,69.278564453125,69.278564453125
10369.jpg,31.200000000000003,41.10986709594727,64.99089813232422,39.22916948795319,33.7018758058548,52.1100338101387,49.533860945701605,54.686206674575814,47.22916948795319,44.22916948795319,53.05038261413574,50.66227951049805,55.438485717773446,49.10986709594727,46.10986709594727
10370.jpg,51.7,66.52685546875,72.43688201904297,65.19409418106079,61.12300157546997,68.81548810005188,68.09120931625367,69.53976688385009,68.81548810005188,68.81548810005188,69.48186874389648,68.89086608886718,70.07287139892578,69.48186874389648,69.48186874389648
10371.jpg,37.2,22.831037521362305,60.91872787475586,45.36948502063751,31.673315167427063,53.144106447696686,51.58918216228486,54.69903073310852,53.144106447696686,50.36948502063751,41.87488269805908,38.06611366271973,45.68365173339844,30.831037521362305,27.831037521362305
10372.jpg,54.7,62.394813537597656,68.46481323242188,48.7771064043045,38.46289217472077,58.62095981836319,56.652189135551446,60.58973050117493,56.7771064043045,53.7771064043045,65.42981338500977,64.82281341552735,66.03681335449218,65.42981338500977,65.42981338500977
10373.jpg,30.7,12.90110969543457,28.10714340209961,17.237575352191925,15.873727202415466,22.672359377145767,21.585402572154997,23.759316182136534,22.672359377145767,22.672359377145767,20.50412654876709,18.983523178100587,22.024729919433593,20.50412654876709,17.90110969543457
10374.jpg,73.8,67.3301010131836,73.24441528320312,71.27525806427002,71.27965688705444,72.25983667373657,72.06292095184327,72.45675239562988,72.25983667373657,72.25983667373657,70.28725814819336,69.69582672119141,70.87868957519532,70.28725814819336,70.28725814819336
10375.jpg,25.7,29.87913703918457,26.200454711914062,16.622087359428406,12.833961844444277,21.411271035671234,20.45343430042267,22.369107770919797,21.411271035671234,21.411271035671234,28.039795875549316,28.407664108276364,27.671927642822265,28.039795875549316,28.039795875549316
10376.jpg,74.5,58.550872802734375,73.2313232421875,61.41782999038696,57.45391845703125,67.32457661628723,66.14322729110718,68.50592594146728,67.32457661628723,67.32457661628723,65.89109802246094,64.42305297851563,67.35914306640625,65.89109802246094,63.550872802734375
10377.jpg,72.2,75.86804962158203,74.19475555419922,69.46011781692505,69.21426653862,71.82743668556213,71.35397291183472,72.30090045928955,71.82743668556213,71.82743668556213,75.03140258789062,75.1987319946289,74.86407318115235,75.03140258789062,75.03140258789062
10378.jpg,30.4,17.010353088378906,26.38587188720703,17.072106897830963,16.250941157341003,21.728989392518997,20.79761289358139,22.660365891456603,21.728989392518997,21.728989392518997,21.69811248779297,20.760560607910158,22.63566436767578,21.69811248779297,21.69811248779297
10379.jpg,30.7,17.033100128173828,58.90784454345703,30.54006099700928,27.510911226272583,44.723952770233154,41.887174415588376,47.560731124877925,38.54006099700928,35.54006099700928,37.97047233581543,33.78299789428711,42.157946777343746,25.033100128173828,22.033100128173828
10380.jpg,78.0,74.7254867553711,71.57371520996094,69.59042549133301,72.05476760864258,70.58207035064697,70.38374137878418,70.78039932250977,70.58207035064697,70.58207035064697,73.14960098266602,73.46477813720702,72.834423828125,73.14960098266602,73.14960098266602
10381.jpg,36.8,46.73492813110352,69.54214477539062,36.93289458751679,40.468788146972656,53.237519681453705,49.97659466266633,56.498444700241095,44.93289458751679,41.93289458751679,58.13853645324707,55.85781478881836,60.41925811767578,54.73492813110352,51.73492813110352
10382.jpg,83.69999999999999,75.03282928466797,73.65144348144531,72.76489734649658,75.22411346435547,73.20817041397095,73.11951580047608,73.29682502746581,73.20817041397095,73.20817041397095,74.34213638305664,74.4802749633789,74.20399780273438,74.34213638305664,74.34213638305664
10383.jpg,66.2,57.84495162963867,75.5506362915039,59.810107946395874,61.65132522583008,67.68037211894989,66.10631928443908,69.2544249534607,67.68037211894989,64.81010794639587,66.69779396057129,64.92722549438477,68.4683624267578,65.84495162963867,62.84495162963867
10384.jpg,45.8,33.755859375,67.07642364501953,37.463438510894775,44.33315992355347,52.26993107795715,49.30863256454468,55.231229591369626,45.463438510894775,42.463438510894775,50.416141510009766,47.084085083007814,53.74819793701172,41.755859375,38.755859375
10385.jpg,67.8,60.59667205810547,71.70728302001953,62.92822360992432,58.71007442474365,67.31775331497192,66.43984737396241,68.19565925598145,67.31775331497192,67.31775331497192,66.1519775390625,65.0409164428711,67.2630386352539,66.1519775390625,66.1519775390625
10386.jpg,88.3,75.5216293334961,76.75420379638672,77.28440165519714,82.43212699890137,77.01930272579193,77.07232251167298,76.96628293991088,77.01930272579193,77.01930272579193,76.1379165649414,76.01465911865235,76.26117401123048,76.1379165649414,76.1379165649414
10387.jpg,59.7,57.05821228027344,67.20454406738281,61.62419319152832,55.08157014846802,64.41436862945557,63.856333541870114,64.972403717041,64.41436862945557,64.41436862945557,62.131378173828125,61.11674499511719,63.14601135253906,62.131378173828125,62.131378173828125
10388.jpg,57.0,62.06574630737305,71.77816772460938,59.538400173187256,60.977864265441895,65.65828394889832,64.4343071937561,66.88226070404053,65.65828394889832,64.53840017318726,66.92195701599121,65.95071487426758,67.89319915771485,66.92195701599121,66.92195701599121
10389.jpg,18.8,10.852533340454102,19.422128677368164,9.432389587163923,6.787436455488205,14.427259132266045,13.42828522324562,15.426233041286467,14.427259132266045,14.427259132266045,15.137331008911133,14.280371475219727,15.994290542602538,15.137331008911133,15.137331008911133
10390.jpg,41.5,46.432411193847656,67.1797103881836,49.93873834609985,42.458078265190125,58.559224367141724,56.83512716293335,60.28332157135009,57.93873834609985,54.93873834609985,56.806060791015625,54.73133087158203,58.88079071044922,54.432411193847656,51.432411193847656
10391.jpg,41.7,41.1970100402832,58.441192626953125,44.859787821769714,50.78189969062805,51.65049022436142,50.292349743843076,53.00863070487976,51.65049022436142,49.859787821769714,49.819101333618164,48.09468307495117,51.54351959228515,49.1970100402832,46.1970100402832
10392.jpg,46.0,47.79181671142578,69.77284240722656,39.66590166091919,37.798961997032166,54.719372034072876,51.70867795944214,57.73006610870361,47.66590166091919,44.66590166091919,58.78232955932617,56.5842269897461,60.980432128906244,55.79181671142578,52.79181671142578
10393.jpg,40.0,67.73607635498047,72.902099609375,64.46564197540283,65.87738990783691,68.68387079238892,67.8402250289917,69.52751655578612,68.68387079238892,68.68387079238892,70.31908798217773,69.80248565673828,70.83569030761718,70.31908798217773,70.31908798217773
10394.jpg,19.8,12.83436393737793,22.697797775268555,21.326102316379547,21.33378535509109,22.01195004582405,21.87478049993515,22.149119591712953,22.01195004582405,22.01195004582405,17.766080856323242,16.77973747253418,18.752424240112305,17.766080856323242,17.766080856323242
10395.jpg,28.2,34.60297393798828,65.16622924804688,26.445114612579346,26.77302360534668,45.80567193031311,41.93356046676636,49.67778339385986,34.445114612579346,31.445114612579346,49.88460159301758,46.828276062011724,52.94092712402344,42.60297393798828,39.60297393798828
10396.jpg,62.3,56.70319366455078,70.32901763916016,68.44107508659363,70.30386924743652,69.38504636287689,69.19625210762024,69.57384061813354,69.38504636287689,69.38504636287689,63.51610565185547,62.15352325439453,64.87868804931641,63.51610565185547,61.70319366455078
10397.jpg,39.3,41.66264724731445,62.21666717529297,25.394293665885925,18.339543044567108,43.80548042058945,40.123243069648744,47.48771777153015,33.394293665885925,30.394293665885925,51.93965721130371,49.88425521850586,53.995059204101565,49.66264724731445,46.66264724731445
10398.jpg,46.2,25.974681854248047,66.3088607788086,41.74770712852478,36.74092590808869,54.02828395366669,51.572168588638306,56.48439931869507,49.74770712852478,46.74770712852478,46.14177131652832,42.10835342407226,50.17518920898438,33.97468185424805,30.974681854248047
10399.jpg,35.0,19.361141204833984,57.67947769165039,27.70965695381165,25.5249947309494,42.69456732273102,39.69758524894715,45.691549396514894,35.709656953811646,32.709656953811646,38.52030944824219,34.68847579956055,42.35214309692383,27.361141204833984,24.361141204833984
10400.jpg,16.5,15.570980072021484,64.66071319580078,20.74284851551056,18.498574197292328,42.70178085565567,38.309994387626645,47.09356732368469,28.74284851551056,25.74284851551056,40.11584663391113,35.2068733215332,45.02481994628906,23.570980072021484,20.570980072021484
10401.jpg,45.0,53.53936004638672,68.7539291381836,57.150983810424805,59.03733968734741,62.9524564743042,61.79216194152832,64.11275100708008,62.9524564743042,62.9524564743042,61.146644592285156,59.625187683105466,62.66810150146485,61.146644592285156,58.53936004638672
10402.jpg,50.3,58.18952178955078,74.38814544677734,70.34603953361511,73.57831597328186,72.36709249019623,71.96288189888,72.77130308151246,72.36709249019623,72.36709249019623,66.28883361816406,64.66897125244141,67.90869598388672,66.18952178955078,63.18952178955078
10403.jpg,73.0,70.39534759521484,73.17801666259766,69.76661682128906,67.96979904174805,71.47231674194336,71.1311767578125,71.81345672607421,71.47231674194336,71.47231674194336,71.78668212890625,71.50841522216797,72.06494903564453,71.78668212890625,71.78668212890625
10404.jpg,31.8,33.88278579711914,30.01051521301269,40.80308079719544,28.460055589675903,35.406798005104065,36.486054563522345,34.32754144668579,35.406798005104065,35.406798005104065,31.946650505065918,32.33387756347656,31.559423446655273,31.946650505065918,31.946650505065918
10405.jpg,12.7,17.492494583129883,57.43281936645508,24.37339872121811,24.358613789081573,40.903109043836594,37.5971669793129,44.20905110836029,32.37339872121811,29.37339872121811,37.46265697479248,33.46862449645997,41.456689453125,25.492494583129883,22.492494583129883
10406.jpg,75.0,65.16127014160156,74.60455322265625,68.69328022003174,73.89484643936157,71.648916721344,71.05778942108154,72.24004402160645,71.648916721344,71.648916721344,69.8829116821289,68.93858337402344,70.82723999023438,69.8829116821289,69.8829116821289
10407.jpg,8.6,17.453306198120117,52.5943717956543,13.031071424484251,10.445109009742737,32.812721610069275,28.85639157295227,36.769051647186274,21.031071424484253,18.031071424484253,35.02383899688721,31.509732437133792,38.53794555664062,25.453306198120117,22.453306198120117
10408.jpg,24.3,55.40732955932617,63.447784423828125,49.327605962753296,36.53220236301422,56.38769519329071,54.97567734718323,57.79971303939819,56.38769519329071,54.327605962753296,59.42755699157715,58.623511505126956,60.23160247802734,59.42755699157715,59.42755699157715
10409.jpg,18.3,15.643383979797363,62.807838439941406,29.10372018814087,27.34001874923706,45.95577931404114,42.58536748886108,49.32619113922119,37.10372018814087,34.10372018814087,39.225611209869385,34.50916576385498,43.94205665588379,23.643383979797363,20.643383979797363
10410.jpg,72.30000000000001,59.24612045288086,73.26113891601562,62.03359365463257,63.64614963531494,67.6473662853241,66.52461175918579,68.77012081146239,67.6473662853241,67.6473662853241,66.25362968444824,64.85212783813476,67.65513153076171,66.25362968444824,64.24612045288086
10411.jpg,22.3,36.68532943725586,68.85197448730469,31.100526452064518,27.23107933998108,49.9762504696846,46.201105666160586,53.751395273208615,39.100526452064514,36.100526452064514,52.76865196228027,49.55198745727539,55.98531646728515,44.68532943725586,41.68532943725586
10412.jpg,72.0,65.41211700439453,72.38912200927734,71.0602879524231,69.46169137954712,71.72470498085022,71.5918215751648,71.85758838653564,71.72470498085022,71.72470498085022,68.90061950683594,68.20291900634766,69.59832000732422,68.90061950683594,68.90061950683594
10413.jpg,17.7,21.429990768432617,63.33417510986328,31.3510537147522,28.199657797813416,47.34261441230774,44.14430227279664,50.54092655181885,39.3510537147522,36.3510537147522,42.38208293914795,38.19166450500489,46.57250137329102,29.429990768432617,26.429990768432617
10414.jpg,63.3,62.20033264160156,70.75531005859375,58.161914348602295,51.89254879951477,64.45861220359802,63.19927263259888,65.71795177459717,64.45861220359802,63.161914348602295,66.47782135009766,65.62232360839843,67.33331909179688,66.47782135009766,66.47782135009766
10415.jpg,56.0,60.273216247558594,68.17071533203125,50.59804916381836,42.46461391448975,59.384382247924805,57.62711563110352,61.141648864746095,58.59804916381836,55.59804916381836,64.22196578979492,63.43221588134766,65.0117156982422,64.22196578979492,64.22196578979492
10416.jpg,14.4,41.61522674560547,65.26961517333984,28.178533911705017,21.586544811725616,46.72407454252243,43.014966416358945,50.43318266868591,36.17853391170502,33.17853391170502,53.442420959472656,51.07698211669922,55.807859802246085,49.61522674560547,46.61522674560547
10417.jpg,72.8,69.02984619140625,70.02497100830078,68.77940893173218,66.69281125068665,69.40218997001648,69.27763376235961,69.52674617767335,69.40218997001648,69.40218997001648,69.52740859985352,69.42789611816406,69.62692108154297,69.52740859985352,69.52740859985352
10418.jpg,37.0,21.746252059936523,67.1418685913086,52.39803791046143,51.66071653366089,59.76995325088501,58.2955701828003,61.24433631896973,59.76995325088501,57.39803791046143,44.44406032562256,39.90449867248535,48.983621978759764,29.746252059936523,26.746252059936523
10419.jpg,41.7,58.51548385620117,73.57686614990234,54.66970205307007,54.63435649871826,64.1232841014862,62.232567691802984,66.01400051116943,62.66970205307007,59.66970205307007,66.04617500305176,64.54003677368163,67.55231323242188,66.04617500305176,63.51548385620117
10420.jpg,9.0,10.237736701965332,20.53015899658203,9.19104889035225,6.457126140594482,14.86060394346714,13.726692932844163,15.994514954090118,14.86060394346714,14.86060394346714,15.383947849273682,14.354705619812012,16.41319007873535,15.383947849273682,15.383947849273682
10421.jpg,21.0,31.21746253967285,65.04513549804688,29.68856394290924,19.6347713470459,47.36684972047806,43.8311925649643,50.90250687599182,37.68856394290924,34.68856394290924,48.13129901885986,44.74853172302247,51.51406631469726,39.21746253967285,36.21746253967285
10422.jpg,74.2,76.44105529785156,76.02704620361328,76.5892505645752,77.99808979034424,76.30814838409424,76.36436882019044,76.25192794799804,76.30814838409424,76.30814838409424,76.23405075073242,76.27545166015625,76.1926498413086,76.23405075073242,76.23405075073242
10423.jpg,83.3,66.90522766113281,71.55723571777344,68.63328218460083,68.30776929855347,70.09525895118713,69.80286359786987,70.3876543045044,70.09525895118713,70.09525895118713,69.23123168945312,68.76603088378906,69.6964324951172,69.23123168945312,69.23123168945312
10424.jpg,28.5,50.19083786010742,68.05667114257812,49.67563450336456,46.949443221092224,58.866152822971344,57.028049159049985,60.704256486892696,57.67563450336456,54.67563450336456,59.12375450134277,57.3371711730957,60.91033782958984,58.19083786010742,55.19083786010742
10425.jpg,62.7,69.07383728027344,72.44014739990234,72.53317832946777,74.21616315841675,72.48666286468506,72.4959659576416,72.47735977172852,72.48666286468506,72.48666286468506,70.75699234008789,70.420361328125,71.09362335205078,70.75699234008789,70.75699234008789
10426.jpg,77.0,67.64069366455078,76.84165954589844,74.63212013244629,78.37742567062378,75.73688983917236,75.51593589782715,75.95784378051758,75.73688983917236,75.73688983917236,72.24117660522461,71.32108001708984,73.16127319335938,72.24117660522461,72.24117660522461
10427.jpg,38.8,48.36524200439453,65.05374145507812,44.006600975990295,52.40931510925293,54.53017121553421,52.425457167625424,56.63488526344299,52.006600975990295,49.006600975990295,56.70949172973633,55.04064178466797,58.37834167480469,56.36524200439453,53.36524200439453
10428.jpg,22.7,12.705574035644531,58.273555755615234,24.024778604507446,21.72967791557312,41.14916718006134,37.72428946495056,44.574044895172115,32.024778604507446,29.024778604507446,35.48956489562988,30.932766723632813,40.04636306762695,20.70557403564453,17.70557403564453
10429.jpg,72.2,69.02278900146484,81.04148864746094,72.16846942901611,75.72816014289856,76.60497903823853,75.71767711639404,77.49228096008301,76.60497903823853,76.60497903823853,75.03213882446289,73.83026885986328,76.2340087890625,75.03213882446289,74.02278900146484
10430.jpg,40.5,43.18846893310547,63.10415649414063,39.66897428035736,30.434519052505493,51.38656538724899,49.043047165870675,53.730083608627325,47.66897428035736,44.66897428035736,53.14631271362305,51.154743957519536,55.137881469726565,51.18846893310547,48.18846893310547
10431.jpg,44.5,58.2920150756836,69.35099029541016,49.41740036010742,43.38196814060211,59.38419532775879,57.39083633422852,61.37755432128906,57.41740036010742,54.41740036010742,63.821502685546875,62.715605163574224,64.92740020751953,63.821502685546875,63.821502685546875
10432.jpg,33.0,36.3935546875,70.20950317382812,51.584839820861816,42.92721152305603,60.89717149734497,59.03470516204834,62.7596378326416,59.584839820861816,56.584839820861816,53.30152893066406,49.91993408203125,56.68312377929688,44.3935546875,41.3935546875
10433.jpg,17.3,15.601325988769531,55.8228645324707,26.32167339324951,19.75287795066833,41.07226896286011,38.122149848937994,44.02238807678223,34.32167339324951,31.32167339324951,35.71209526062012,31.68994140625,39.734249114990234,23.60132598876953,20.60132598876953
10434.jpg,25.7,44.69174575805664,66.01470184326172,42.89725720882416,29.95277047157288,54.45597952604294,52.14423506259918,56.76772398948669,50.89725720882416,47.89725720882416,55.35322380065918,53.22092819213867,57.48551940917969,52.69174575805664,49.69174575805664
10435.jpg,13.4,13.00109577178955,59.595157623291016,25.644120573997498,27.482840418815613,42.61963909864426,39.2245353937149,46.014742803573604,33.6441205739975,30.644120573997498,36.29812669754028,31.638720512390137,40.95753288269043,21.00109577178955,18.00109577178955
10436.jpg,58.8,55.59970474243164,72.36050415039062,62.7663791179657,59.78944897651672,67.56344163417816,66.60402913093567,68.52285413742065,67.56344163417816,67.56344163417816,63.98010444641113,62.30402450561524,65.65618438720703,63.59970474243164,60.59970474243164
10437.jpg,53.8,55.329708099365234,68.30586242675781,61.32504940032959,57.92789459228516,64.8154559135437,64.11737461090088,65.51353721618652,64.8154559135437,64.8154559135437,61.81778526306152,60.52016983032227,63.11540069580078,61.81778526306152,60.329708099365234
10438.jpg,43.2,29.42716407775879,69.35828399658203,42.834436893463135,39.9806022644043,56.09636044502258,53.44397573471069,58.74874515533447,50.834436893463135,47.834436893463135,49.39272403717041,45.39961204528809,53.38583602905273,37.42716407775879,34.42716407775879
10439.jpg,29.8,27.02613639831543,68.75935363769531,33.443138003349304,27.424877882003784,51.10124582052231,47.56962425708771,54.632867383956906,41.443138003349304,38.443138003349304,47.89274501800537,43.71942329406738,52.06606674194336,35.02613639831543,32.02613639831543
10440.jpg,10.6,16.24190330505371,55.88288879394531,21.67160212993622,18.03429424762726,38.777245461940765,35.35611679553986,42.198374128341676,29.67160212993622,26.67160212993622,36.06239604949951,32.09829750061036,40.02649459838867,24.24190330505371,21.24190330505371
10441.jpg,64.80000000000001,67.77412414550781,73.80553436279297,67.63312816619873,63.36680054664612,70.71933126449585,70.10209064483642,71.33657188415526,70.71933126449585,70.71933126449585,70.78982925415039,70.18668823242187,71.3929702758789,70.78982925415039,70.78982925415039
10442.jpg,16.299999999999997,21.259944915771484,44.90306091308594,20.759853720664974,14.362071454524994,32.83145731687546,30.41713659763336,35.24577803611755,28.759853720664974,25.759853720664974,33.08150291442871,30.717191314697267,35.445814514160155,29.259944915771484,26.259944915771484
10443.jpg,75.3,66.59727478027344,71.80792236328125,64.47081565856934,65.24691581726074,68.1393690109253,67.4056583404541,68.87307968139649,68.1393690109253,68.1393690109253,69.20259857177734,68.68153381347656,69.72366333007812,69.20259857177734,69.20259857177734
10444.jpg,70.8,64.2571029663086,67.7660903930664,63.38295340538025,62.999022006988525,65.57452189922333,65.13620820045472,66.01283559799194,65.57452189922333,65.57452189922333,66.0115966796875,65.66069793701172,66.36249542236328,66.0115966796875,66.0115966796875
10445.jpg,78.5,70.93901062011719,72.8760986328125,73.83257746696472,74.5082139968872,73.35433804988861,73.44998593330384,73.25869016647339,73.35433804988861,73.35433804988861,71.90755462646484,71.7138458251953,72.10126342773438,71.90755462646484,71.90755462646484
10446.jpg,40.3,55.867225646972656,72.1164779663086,60.0688636302948,60.00299453735352,66.0926707983017,64.88790936470032,67.29743223190307,66.0926707983017,65.0688636302948,63.991851806640625,62.36692657470703,65.61677703857421,63.867225646972656,60.867225646972656
10447.jpg,26.200000000000003,11.642412185668944,58.41358947753906,33.90316069126129,28.26862335205078,46.15837508440018,43.7073322057724,48.60941796302795,41.90316069126129,38.90316069126129,35.028000831604004,30.350883102416994,39.705118560791014,19.642412185668945,16.642412185668945
10448.jpg,21.0,12.37250804901123,55.88372421264648,14.291171729564669,11.041711270809174,35.087447971105576,30.92819272279739,39.24670321941375,22.291171729564667,19.291171729564667,34.12811613082886,29.77699451446533,38.47923774719238,20.37250804901123,17.37250804901123
10449.jpg,31.7,41.145538330078125,64.01299285888672,26.73206627368927,17.745967209339142,45.372529566287994,41.64443690776825,49.100622224807736,34.73206627368927,31.73206627368927,52.57926559448242,50.292520141601564,54.86601104736328,49.145538330078125,46.145538330078125
10450.jpg,69.3,64.6709976196289,69.88838958740234,63.60264420509338,60.02162098884583,66.74551689624786,66.11694235801696,67.37409143447876,66.74551689624786,66.74551689624786,67.27969360351562,66.75795440673829,67.80143280029297,67.27969360351562,67.27969360351562
10451.jpg,35.3,44.37620162963867,65.46044158935547,46.36085629463196,34.124067425727844,55.91064894199371,54.000690412521365,57.82060747146606,54.36085629463196,51.36085629463196,54.91832160949707,52.80989761352539,57.02674560546875,52.37620162963867,49.37620162963867
10452.jpg,24.5,22.18539810180664,65.73039245605469,36.47844195365906,32.212069630622864,51.10441720485687,48.17922215461731,54.02961225509643,44.47844195365906,41.47844195365906,43.957895278930664,39.60339584350586,48.31239471435546,30.18539810180664,27.18539810180664
10453.jpg,57.7,58.83038711547852,67.07317352294922,56.77075982093811,54.721009731292725,61.921966671943665,60.891725301742554,62.952208042144775,61.921966671943665,61.921966671943665,62.95178031921387,62.1275016784668,63.77605895996094,62.95178031921387,62.95178031921387
10454.jpg,33.5,64.02684783935547,72.84571075439453,62.892913818359375,58.35721492767334,67.86931228637695,66.87403259277343,68.86459197998047,67.86931228637695,67.86931228637695,68.436279296875,67.5543930053711,69.3181655883789,68.436279296875,68.436279296875
10455.jpg,16.200000000000003,34.75422286987305,58.22469711303711,22.19355255365372,20.80187052488327,40.20912483334541,36.606010377407074,43.81223928928375,30.19355255365372,27.19355255365372,46.48945999145508,44.14241256713867,48.836507415771486,42.75422286987305,39.75422286987305
10456.jpg,9.5,16.460229873657227,53.76000595092773,18.58414709568024,10.59822365641594,36.172076523303986,32.65449063777923,39.68966240882873,26.58414709568024,23.58414709568024,35.11011791229248,31.380140304565426,38.84009552001953,24.460229873657227,21.460229873657227
10457.jpg,24.2,20.18002319335937,63.85338973999024,43.50126087665558,36.55522465705872,53.67732530832291,51.642112421989445,55.712538194656375,51.50126087665558,48.50126087665558,42.016706466674805,37.64936981201172,46.384043121337896,28.18002319335937,25.18002319335937
10458.jpg,24.700000000000003,23.165098190307617,63.02193832397461,31.644639372825623,26.53979957103729,47.333288848400116,44.195558953285214,50.47101874351501,39.64463937282562,36.64463937282562,43.09351825714111,39.10783424377441,47.07920227050781,31.165098190307617,28.165098190307617
10459.jpg,55.8,57.182273864746094,67.33602905273438,48.52044880390167,40.47456979751587,57.928238928318024,56.046680903434755,59.80979695320129,56.52044880390167,53.52044880390167,62.259151458740234,61.24377593994141,63.27452697753906,62.259151458740234,62.259151458740234
10460.jpg,19.8,41.60270309448242,60.63543319702149,18.97379010915756,18.240192532539368,39.80461165308952,35.63844734430313,43.970775961875916,26.97379010915756,23.97379010915756,51.11906814575195,49.21579513549805,53.022341156005865,49.60270309448242,46.60270309448242
10461.jpg,24.5,12.71353530883789,48.56370162963867,16.696880757808685,10.48399582505226,32.63029119372368,29.44360910654068,35.81697328090668,24.696880757808685,21.696880757808685,30.63861846923828,27.053601837158205,34.22363510131836,20.71353530883789,17.71353530883789
10462.jpg,46.7,63.653282165527344,76.56767272949219,55.54766654968262,54.08898591995239,66.0576696395874,63.95566902160645,68.15967025756837,63.54766654968262,60.54766654968262,70.11047744750977,68.81903839111328,71.40191650390625,70.11047744750977,68.65328216552734
10463.jpg,80.8,67.23068237304688,79.45760345458984,71.5918242931366,74.07857179641724,75.52471387386322,74.7381359577179,76.31129179000854,75.52471387386322,75.52471387386322,73.34414291381836,72.12145080566407,74.56683502197265,73.34414291381836,72.23068237304688
10464.jpg,77.2,58.09019088745117,73.49258422851562,68.77514123916626,68.21054220199585,71.13386273384094,70.662118434906,71.60560703277588,71.13386273384094,71.13386273384094,65.7913875579834,64.25114822387695,67.33162689208984,65.7913875579834,63.09019088745117
10465.jpg,29.2,43.81296157836914,64.71968841552734,43.78093779087067,32.79711902141571,54.250313103199005,52.156438040733335,56.34418816566467,51.78093779087067,48.78093779087067,54.26632499694824,52.17565231323242,56.35699768066406,51.81296157836914,48.81296157836914
10466.jpg,71.3,74.16499328613281,74.84200286865234,72.6057767868042,74.9900758266449,73.72388982772827,73.50026721954346,73.94751243591308,73.72388982772827,73.72388982772827,74.50349807739258,74.43579711914063,74.57119903564453,74.50349807739258,74.50349807739258
10467.jpg,78.7,68.37349700927734,73.99336242675781,76.06515288352966,77.6257336139679,75.02925765514374,75.23643670082092,74.82207860946656,75.02925765514374,75.02925765514374,71.18342971801758,70.62144317626954,71.74541625976562,71.18342971801758,71.18342971801758
10468.jpg,16.7,28.41071319580078,67.08328247070312,26.49034559726715,21.817004680633545,46.78681403398514,42.72752034664154,50.846107721328735,34.49034559726715,31.49034559726715,47.74699783325195,43.87974090576172,51.614254760742185,36.41071319580078,33.41071319580078
10469.jpg,70.5,72.32200622558594,73.9372329711914,70.34649848937988,71.7981219291687,72.14186573028564,71.7827922821045,72.5009391784668,72.14186573028564,72.14186573028564,73.12961959838867,72.96809692382813,73.29114227294922,73.12961959838867,73.12961959838867
10470.jpg,70.0,59.89219284057617,69.0991439819336,66.16230607032776,67.25011467933655,67.63072502613068,67.33704123497009,67.92440881729127,67.63072502613068,67.63072502613068,64.49566841125488,63.57497329711914,65.41636352539062,64.49566841125488,64.49566841125488
10471.jpg,74.2,68.8525161743164,73.9718017578125,73.18422794342041,73.08488488197327,73.57801485061646,73.49925746917725,73.65677223205566,73.57801485061646,73.57801485061646,71.41215896606445,70.90023040771484,71.92408752441406,71.41215896606445,71.41215896606445
10472.jpg,25.7,25.847789764404297,65.74656677246094,29.86818253993988,30.1858127117157,47.80737465620041,44.2195362329483,51.39521307945251,37.86818253993988,34.86818253993988,45.79717826843262,41.80730056762695,49.78705596923828,33.8477897644043,30.847789764404297
10473.jpg,38.5,39.34655380249024,69.6397705078125,56.92344307899475,50.3831148147583,63.281606793403625,62.00997405052185,64.55323953628539,63.281606793403625,61.92344307899475,54.49316215515137,51.46384048461914,57.522483825683594,47.34655380249024,44.34655380249024
10474.jpg,63.5,64.0762939453125,73.00177001953125,70.70946097373962,71.87098264694214,71.85561549663544,71.62638459205627,72.0848464012146,71.85561549663544,71.85561549663544,68.53903198242188,67.646484375,69.43157958984375,68.53903198242188,68.53903198242188
10475.jpg,23.3,26.93202209472656,62.33902740478516,28.76259684562683,29.92864549160004,45.550812125205994,42.193169069290164,48.90845518112183,36.76259684562683,33.76259684562683,44.63552474975586,41.09482421875,48.17622528076172,34.93202209472656,31.93202209472656
10476.jpg,29.700000000000003,27.22991943359375,61.93971633911133,27.991706132888797,23.832806944847107,44.96571123600006,41.57091021537781,48.360512256622314,35.991706132888794,32.991706132888794,44.58481788635254,41.11383819580078,48.0557975769043,35.22991943359375,32.22991943359375
10477.jpg,49.0,62.5415267944336,69.3348159790039,56.55862092971802,49.09509718418121,62.94671845436096,61.669098949432374,64.22433795928956,62.94671845436096,61.55862092971802,65.93817138671875,65.25884246826172,66.61750030517578,65.93817138671875,65.93817138671875
10478.jpg,83.3,69.62859344482422,74.65892028808594,75.87636113166809,78.58424186706543,75.26764070987701,75.38938479423523,75.14589662551879,75.26764070987701,75.26764070987701,72.14375686645508,71.6407241821289,72.64678955078125,72.14375686645508,72.14375686645508
10479.jpg,76.5,81.9307861328125,71.82823181152344,73.28029274940491,74.60230588912964,72.55426228046417,72.69946837425232,72.40905618667603,72.55426228046417,72.55426228046417,76.87950897216797,77.88976440429687,75.86925354003907,76.87950897216797,76.87950897216797
10480.jpg,56.0,51.133399963378906,64.45667266845703,43.85389685630798,42.0394778251648,54.15528476238251,52.0950071811676,56.21556234359741,51.85389685630798,48.85389685630798,57.79503631591797,56.46270904541015,59.12736358642579,57.79503631591797,56.133399963378906
10481.jpg,10.9,22.63766098022461,50.1128044128418,14.838942885398865,11.963461339473724,32.47587364912033,28.94848749637604,36.00325980186462,22.838942885398865,19.838942885398865,36.3752326965332,33.62771835327148,39.12274703979492,30.63766098022461,27.63766098022461
10482.jpg,88.3,72.99398803710938,76.57872009277344,74.11410808563232,78.20355296134949,75.34641408920288,75.09995288848877,75.59287528991699,75.34641408920288,75.34641408920288,74.7863540649414,74.427880859375,75.14482727050782,74.7863540649414,74.7863540649414
10483.jpg,27.8,32.61132049560547,67.62321472167969,28.683966398239136,25.159654021263123,48.15359055995941,44.259665727615356,52.04751539230347,36.683966398239136,33.683966398239136,50.11726760864258,46.61607818603515,53.61845703125,40.61132049560547,37.61132049560547
10484.jpg,41.0,54.83795166015625,70.0999755859375,43.90321671962738,35.9092116355896,57.00159615278244,54.381920266151425,59.62127203941345,51.90321671962738,48.90321671962738,62.468963623046875,60.94276123046875,63.995166015624996,62.468963623046875,59.83795166015625
10485.jpg,53.5,47.64688491821289,71.78030395507812,55.35776615142822,50.7831335067749,63.569035053253174,61.926781272888185,65.21128883361817,63.35776615142822,60.35776615142822,59.71359443664551,57.300252532958986,62.12693634033203,55.64688491821289,52.64688491821289
10486.jpg,29.700000000000003,48.71025085449219,60.12504577636719,38.27427625656128,27.60519683361053,49.19966101646423,47.01458406448364,51.384737968444824,46.27427625656128,43.27427625656128,54.41764831542969,53.27616882324219,55.55912780761719,54.41764831542969,54.41764831542969
10487.jpg,66.3,78.06399536132812,67.04135131835938,58.41156244277954,47.366899251937866,62.72645688056946,61.86347799301147,63.58943576812744,62.72645688056946,62.72645688056946,72.55267333984375,73.65493774414062,71.45040893554688,72.55267333984375,72.55267333984375
10488.jpg,28.5,19.946298599243164,58.81309127807617,14.40093070268631,13.434618711471558,36.60701099038124,32.16579493284226,41.04822704792023,22.40093070268631,19.40093070268631,39.37969493865967,35.49301567077637,43.26637420654297,27.946298599243164,24.946298599243164
10489.jpg,29.2,13.796463012695312,61.70753479003906,29.003864526748657,29.71663773059845,45.35569965839386,42.08533263206482,48.6260666847229,37.00386452674866,34.00386452674866,37.75199890136719,32.96089172363281,42.54310607910156,21.796463012695312,18.796463012695312
10490.jpg,36.7,45.42469787597656,68.64098358154297,42.99027919769287,35.89518368244171,55.81563138961792,53.25056095123291,58.38070182800293,50.99027919769287,47.99027919769287,57.032840728759766,54.711212158203125,59.354469299316406,53.42469787597656,50.42469787597656
10491.jpg,9.8,11.765462875366213,17.70136070251465,11.74553856253624,9.991485625505447,14.723449632525444,14.127867418527604,15.319031846523284,14.723449632525444,14.723449632525444,14.73341178894043,14.139822006225588,15.327001571655273,14.73341178894043,14.73341178894043
10492.jpg,89.39999999999999,63.85729598999024,77.73871612548828,73.82606267929077,83.68947505950928,75.78238940238953,75.39112405776977,76.17365474700927,75.78238940238953,75.78238940238953,70.79800605773926,69.40986404418946,72.18614807128907,70.79800605773926,68.85729598999023
10493.jpg,67.0,59.96689224243164,70.59225463867188,54.70309257507324,55.26840090751648,62.64767360687256,61.0587574005127,64.23658981323243,62.64767360687256,59.70309257507324,65.27957344055176,64.21703720092773,66.34210968017578,65.27957344055176,65.27957344055176
10494.jpg,50.7,64.82085418701172,73.15943145751953,58.4354043006897,55.511534214019775,65.79741787910461,64.32501516342163,67.2698205947876,65.79741787910461,63.4354043006897,68.99014282226562,68.15628509521484,69.82400054931641,68.99014282226562,68.99014282226562
10495.jpg,48.3,62.906768798828125,73.92716979980469,68.44052076339722,68.27161312103271,71.18384528160095,70.63518037796021,71.7325101852417,71.18384528160095,71.18384528160095,68.4169692993164,67.31492919921875,69.51900939941407,68.4169692993164,68.4169692993164
10496.jpg,27.3,14.101296424865724,56.309303283691406,23.49980473518372,22.369271516799927,39.90455400943756,36.62360415458679,43.18550386428833,31.49980473518372,28.49980473518372,35.205299854278564,30.984499168396,39.42610054016113,22.101296424865723,19.101296424865723
10497.jpg,33.7,40.55796432495117,68.2842788696289,42.083996534347534,38.82722556591034,55.18413770198822,52.56410946846009,57.80416593551636,50.083996534347534,47.083996534347534,54.42112159729004,51.64849014282227,57.19375305175781,48.55796432495117,45.55796432495117
10498.jpg,31.7,19.58014488220215,63.78849029541016,37.34801113605499,35.93594133853912,50.568250715732574,47.92420279979706,53.21229863166809,45.34801113605499,42.34801113605499,41.68431758880615,37.26348304748535,46.10515213012695,27.58014488220215,24.58014488220215
10499.jpg,49.5,56.71269226074219,69.82698059082031,55.57844042778015,53.12171578407288,62.70271050930023,61.27785649299622,64.12756452560424,62.70271050930023,60.57844042778015,63.26983642578125,61.95840759277344,64.58126525878907,63.26983642578125,61.71269226074219
10500.jpg,47.7,57.93540954589844,74.01190948486328,63.44547271728516,63.44057321548462,68.72869110107422,67.6720474243164,69.78533477783203,68.72869110107422,68.72869110107422,65.97365951538086,64.36600952148437,67.58130950927733,65.93540954589844,62.93540954589844
10501.jpg,57.5,70.48524475097656,72.50982666015625,54.82402443885803,51.53364539146423,63.66692554950714,61.89834532737732,65.43550577163697,62.82402443885803,59.82402443885803,71.4975357055664,71.29507751464844,71.69999389648437,71.4975357055664,71.4975357055664
10502.jpg,24.8,35.689186096191406,63.88836288452149,35.34996509552002,28.52911353111267,49.61916399002075,46.765324211120614,52.473003768920904,43.34996509552002,40.34996509552002,49.788774490356445,46.96885681152344,52.60869216918946,43.689186096191406,40.689186096191406
10503.jpg,35.8,48.44536590576172,62.51097869873047,37.49313950538635,28.420919179916385,50.00205910205841,47.500275182723996,52.50384302139282,45.49313950538635,42.49313950538635,55.478172302246094,54.07161102294921,56.88473358154297,55.478172302246094,53.44536590576172
10504.jpg,41.5,33.66492462158203,70.86138153076172,48.80645573139191,41.70453846454621,59.83391863107681,57.62842605113983,62.03941121101379,56.80645573139191,53.80645573139191,52.263153076171875,48.5435073852539,55.98279876708985,41.66492462158203,38.66492462158203
10505.jpg,89.3,73.82148742675781,73.73672485351562,74.72301721572876,78.86806130409241,74.22987103462219,74.3285002708435,74.13124179840088,74.22987103462219,74.22987103462219,73.77910614013672,73.78758239746094,73.7706298828125,73.77910614013672,73.77910614013672
10506.jpg,72.0,68.14397430419922,72.42986297607422,66.1419689655304,60.268616676330566,69.28591597080231,68.65712656974793,69.91470537185668,69.28591597080231,69.28591597080231,70.28691864013672,69.85832977294922,70.71550750732422,70.28691864013672,70.28691864013672
10507.jpg,84.80000000000001,71.96036529541016,76.743408203125,71.23382091522217,78.36540937423706,73.98861455917358,73.4376558303833,74.53957328796386,73.98861455917358,73.98861455917358,74.35188674926758,73.87358245849609,74.83019104003907,74.35188674926758,74.35188674926758
10508.jpg,86.0,73.80461883544922,76.35826873779297,71.44322395324707,71.64415121078491,73.90074634552002,73.40924186706543,74.3922508239746,73.90074634552002,73.90074634552002,75.0814437866211,74.82607879638672,75.33680877685546,75.0814437866211,75.0814437866211
10509.jpg,39.5,48.90077972412109,66.46101379394531,38.0529910326004,31.22749328613281,52.25700241327286,49.41620013713837,55.09780468940735,46.0529910326004,43.0529910326004,57.6808967590332,55.92487335205078,59.436920166015625,56.90077972412109,53.90077972412109
10510.jpg,23.3,13.146247863769531,57.53075408935547,25.20519196987152,21.213971078395844,41.367973029613495,38.1354168176651,44.60052924156189,33.20519196987152,30.20519196987152,35.3385009765625,30.90005035400391,39.77695159912109,21.14624786376953,18.14624786376953
10511.jpg,28.3,21.069480895996094,69.64549255371094,26.16221308708191,21.25483751296997,47.90385282039642,43.55552487373352,52.25218076705932,34.16221308708191,31.16221308708191,45.357486724853516,40.49988555908203,50.215087890625,29.069480895996094,26.069480895996094
10512.jpg,53.3,60.0632438659668,70.52251434326172,67.02630519866943,63.39699029922485,68.77440977096558,68.42478885650635,69.1240306854248,68.77440977096558,68.77440977096558,65.29287910461426,64.24695205688477,66.33880615234375,65.29287910461426,65.29287910461426
10513.jpg,87.2,70.77206420898438,75.7074203491211,68.24252605438232,70.88298797607422,71.97497320175171,71.22848377227783,72.72146263122559,71.97497320175171,71.97497320175171,73.23974227905273,72.74620666503907,73.7332778930664,73.23974227905273,73.23974227905273
10514.jpg,26.8,14.338205337524414,49.72315979003906,34.71622467041016,22.21533805131912,42.21969223022461,40.71899871826172,43.7203857421875,42.21969223022461,39.71622467041016,32.03068256378174,28.492187118530275,35.5691780090332,22.338205337524414,19.338205337524414
10515.jpg,52.5,55.83415222167969,68.43428039550781,42.95149743556976,33.617982268333435,55.69288891553879,53.144610619544984,58.24116721153259,50.95149743556976,47.95149743556976,62.13421630859375,60.874203491210935,63.394229125976565,62.13421630859375,60.83415222167969
10516.jpg,41.7,48.15485000610352,68.24169921875,53.46213579177856,46.20530307292938,60.85191750526428,59.373961162567134,62.32987384796142,60.85191750526428,58.46213579177856,58.19827461242676,56.18958969116211,60.2069595336914,56.15485000610352,53.15485000610352
10517.jpg,73.8,65.28556060791016,68.87242126464844,53.76216173171997,52.03983783721924,61.317291498184204,59.80626554489136,62.82831745147705,61.317291498184204,58.76216173171997,67.0789909362793,66.72030487060547,67.43767700195312,67.0789909362793,67.0789909362793
10518.jpg,81.0,64.89071655273438,73.75515747070312,69.03916001319885,70.4630196094513,71.39715874195099,70.92555899620056,71.86875848770141,71.39715874195099,71.39715874195099,69.32293701171875,68.43649291992188,70.20938110351562,69.32293701171875,69.32293701171875
10519.jpg,71.8,63.87245178222656,71.10057067871094,67.59659051895142,62.87670731544495,69.34858059883118,68.99818258285522,69.69897861480712,69.34858059883118,69.34858059883118,67.48651123046875,66.76369934082031,68.20932312011718,67.48651123046875,67.48651123046875
10520.jpg,58.3,60.97145080566406,74.39669036865234,63.43885660171509,60.02058386802673,68.91777348518372,67.82199010848998,70.01355686187745,68.91777348518372,68.91777348518372,67.6840705871582,66.34154663085937,69.02659454345704,67.6840705871582,65.97145080566406
10521.jpg,67.5,51.71011734008789,71.33270263671875,62.0246946811676,58.49000215530396,66.67869865894318,65.74789786338806,67.60949945449829,66.67869865894318,66.67869865894318,61.52140998840332,59.55915145874023,63.48366851806641,59.71011734008789,56.71011734008789
10522.jpg,37.0,46.26457595825195,62.45988082885742,51.509976387023926,46.92971408367157,56.984928607940674,55.88993816375732,58.07991905212402,56.984928607940674,56.984928607940674,54.36222839355469,52.74269790649414,55.98175888061523,54.26457595825195,51.26457595825195
10523.jpg,78.7,64.1399154663086,72.65083312988281,66.62273406982422,70.13534307479858,69.63678359985352,69.03397369384766,70.23959350585938,69.63678359985352,69.63678359985352,68.3953742980957,67.54428253173828,69.24646606445313,68.3953742980957,68.3953742980957
10524.jpg,85.5,69.41313934326172,74.31259155273438,71.63413763046265,74.24602508544922,72.97336459159851,72.70551919937134,73.24120998382568,72.97336459159851,72.97336459159851,71.86286544799805,71.37292022705077,72.35281066894531,71.86286544799805,71.86286544799805
10525.jpg,80.19999999999999,65.79458618164062,71.6681137084961,69.45672035217285,67.71618127822876,70.56241703033447,70.34127769470214,70.7835563659668,70.56241703033447,70.56241703033447,68.73134994506836,68.14399719238281,69.3187026977539,68.73134994506836,68.73134994506836
10526.jpg,62.8,52.64305877685547,70.4974594116211,45.48172950744629,49.37419593334198,57.98959445953369,55.48802146911621,60.49116744995117,53.48172950744629,50.48172950744629,61.57025909423828,59.78481903076172,63.355699157714845,60.64305877685547,57.64305877685547
10527.jpg,78.2,65.17394256591797,69.47277069091797,64.38917517662048,60.94975471496582,66.93097293376923,66.42261338233948,67.43933248519897,66.93097293376923,66.93097293376923,67.32335662841797,66.89347381591796,67.75323944091797,67.32335662841797,67.32335662841797
10528.jpg,34.8,22.77052116394043,66.39264678955078,31.04738593101501,29.18819487094879,48.7200163602829,45.18549027442932,52.254542446136476,39.047385931015015,36.047385931015015,44.581583976745605,40.21937141418457,48.943796539306646,30.77052116394043,27.77052116394043
10529.jpg,30.3,15.196796417236328,43.72877502441406,20.82711905241013,13.161952793598177,32.277947038412094,29.987781441211702,34.568112635612486,28.82711905241013,25.82711905241013,29.462785720825195,26.609587860107425,32.315983581542966,23.196796417236328,20.196796417236328
10530.jpg,21.8,32.31370544433594,69.72187805175781,23.22655469179153,22.092176973819733,46.47421637177467,41.82468403577805,51.1237487077713,31.22655469179153,28.22655469179153,51.017791748046875,47.276974487304685,54.75860900878906,40.31370544433594,37.31370544433594
10531.jpg,38.2,48.30189895629883,70.33184051513672,52.47344970703125,48.96031320095062,61.402645111083984,59.61680603027344,63.18848419189453,60.47344970703125,57.47344970703125,59.31686973571777,57.11387557983399,61.51986389160156,56.30189895629883,53.30189895629883
10532.jpg,28.8,30.94755172729492,67.89166259765625,28.547483682632446,32.66584873199463,48.21957314014435,44.28515524864197,52.153991031646726,36.547483682632446,33.547483682632446,49.419607162475586,45.725196075439456,53.114018249511716,38.94755172729492,35.94755172729492
10533.jpg,77.0,55.48743438720703,68.29443359375,50.96834897994995,49.708956480026245,59.631391286849976,57.89878282546997,61.36399974822998,58.96834897994995,55.96834897994995,61.890933990478516,60.610234069824216,63.171633911132815,61.890933990478516,60.48743438720703
10534.jpg,74.2,63.73761749267578,70.8101577758789,68.69184970855713,71.59500122070312,69.75100374221802,69.53917293548584,69.96283454895018,69.75100374221802,69.75100374221802,67.27388763427734,66.56663360595704,67.98114166259765,67.27388763427734,67.27388763427734
10535.jpg,32.3,22.549516677856445,52.66550827026367,33.48817229270935,26.09221339225769,43.07684028148651,41.15910668373108,44.99457387924194,41.48817229270935,38.48817229270935,37.60751247406006,34.59591331481934,40.619111633300776,30.549516677856445,27.549516677856445
10536.jpg,52.0,55.1416130065918,77.12674713134766,67.34458208084106,75.86402893066406,72.23566460609436,71.2574481010437,73.21388111114501,72.23566460609436,72.23566460609436,66.13418006896973,63.935666656494135,68.33269348144532,63.1416130065918,60.1416130065918
10537.jpg,63.2,56.53960418701172,70.8176040649414,57.711124420166016,51.9733190536499,64.26436424255371,62.95371627807617,65.57501220703125,64.26436424255371,62.711124420166016,63.67860412597656,62.25080413818359,65.10640411376953,63.67860412597656,61.53960418701172
10538.jpg,29.700000000000003,20.45657539367676,51.23790740966797,28.2579243183136,25.843092799186707,39.747915863990784,37.44991755485535,42.04591417312622,36.2579243183136,33.2579243183136,35.84724140167236,32.76910820007325,38.925374603271486,28.45657539367676,25.45657539367676
10539.jpg,89.7,73.44955444335938,76.19635009765625,73.14459085464478,78.17322611808777,74.67047047615051,74.36529455184936,74.97564640045167,74.67047047615051,74.67047047615051,74.82295227050781,74.54827270507812,75.0976318359375,74.82295227050781,74.82295227050781
10540.jpg,34.5,21.91393280029297,63.06227111816406,25.646913051605225,23.909570276737213,44.354592084884644,40.61305627822876,48.096127891540526,33.646913051605225,30.646913051605225,42.488101959228516,38.373268127441406,46.602935791015625,29.91393280029297,26.91393280029297
10541.jpg,83.80000000000001,74.49752807617188,72.98611450195312,72.46770858764648,71.89154624938965,72.7269115447998,72.67507095336914,72.77875213623047,72.7269115447998,72.7269115447998,73.7418212890625,73.89296264648438,73.59067993164062,73.7418212890625,73.7418212890625
10542.jpg,68.5,61.558868408203125,66.60710906982422,53.95714044570923,48.89037609100342,60.282124757766724,59.01712789535523,61.547121620178224,60.282124757766724,58.95714044570923,64.08298873901367,63.57816467285156,64.58781280517579,64.08298873901367,64.08298873901367
10543.jpg,59.3,50.03575897216797,70.19303894042969,59.76000428199768,57.514071464538574,64.97652161121368,63.93321814537049,66.01982507705688,64.97652161121368,64.97652161121368,60.11439895629883,58.098670959472656,62.130126953125,58.03575897216797,55.03575897216797
10544.jpg,34.7,25.20712280273437,60.86003112792969,42.40215718746185,38.84994387626648,51.63109415769577,49.78530676364899,53.47688155174255,50.40215718746185,47.40215718746185,43.03357696533203,39.4682861328125,46.59886779785156,33.207122802734375,30.20712280273437
10545.jpg,29.0,18.872926712036133,62.90567398071289,29.591351747512817,29.29620742797852,46.248512864112854,42.91708064079285,49.57994508743286,37.59135174751282,34.59135174751282,40.88930034637451,36.48602561950683,45.29257507324219,26.872926712036133,23.872926712036133
10546.jpg,31.0,22.19542121887207,66.45552062988281,30.483898520469666,25.91891884803772,48.46970957517624,44.872547364234926,52.06687178611755,38.483898520469666,35.483898520469666,44.32547092437744,39.89946098327637,48.75148086547851,30.19542121887207,27.19542121887207
10547.jpg,26.7,51.793067932128906,62.69343185424805,42.01591312885285,28.738179802894592,52.354672491550446,50.28692061901093,54.42242436408996,50.01591312885285,47.01591312885285,57.24324989318848,56.15321350097656,58.33328628540039,57.24324989318848,57.24324989318848
10548.jpg,72.5,65.94032287597656,73.14349365234375,66.6292130947113,62.83668279647827,69.88635337352753,69.23492531776428,70.53778142929076,69.88635337352753,69.88635337352753,69.54190826416016,68.82159118652343,70.26222534179686,69.54190826416016,69.54190826416016
10549.jpg,82.30000000000001,66.78643035888672,74.40360260009766,73.85687828063965,76.83574557304382,74.13024044036865,74.07556800842285,74.18491287231444,74.13024044036865,74.13024044036865,70.59501647949219,69.83329925537109,71.35673370361329,70.59501647949219,70.59501647949219
10550.jpg,35.3,39.87630844116211,65.75009155273438,42.36426651477814,38.89448344707489,54.057179033756256,51.718596529960635,56.39576153755188,50.36426651477814,47.36426651477814,52.81319999694824,50.22582168579102,55.400578308105466,47.87630844116211,44.87630844116211
10551.jpg,88.80000000000001,78.31483459472656,76.93889617919922,75.05690455436707,81.47833943367004,75.99790036678314,75.80970120429993,76.18609952926636,75.99790036678314,75.99790036678314,77.62686538696289,77.76445922851562,77.48927154541016,77.62686538696289,77.62686538696289
10552.jpg,41.8,44.87648391723633,71.30359649658203,36.0000342130661,24.878951907157894,53.651815354824066,50.12145912647247,57.18217158317566,44.0000342130661,41.0000342130661,58.09004020690918,55.44732894897461,60.73275146484375,52.87648391723633,49.87648391723633
10553.jpg,24.2,22.128665924072266,46.21260070800781,18.456487357616425,11.627483367919922,32.33454403281212,29.55893269777298,35.110155367851256,26.456487357616425,23.456487357616425,34.17063331604004,31.762239837646483,36.579026794433595,30.128665924072266,27.128665924072266
10554.jpg,39.8,38.384498596191406,68.94389343261719,43.45075786113739,39.87133800983429,56.19732564687729,53.648012089729306,58.746639204025264,51.45075786113739,48.45075786113739,53.6641960144043,50.60825653076172,56.72013549804687,46.384498596191406,43.384498596191406
10555.jpg,38.2,53.28072738647461,71.37300872802734,50.27514100074768,39.60410952568054,60.82407486438751,58.71428809165955,62.93386163711548,58.27514100074768,55.27514100074768,62.32686805725098,60.5176399230957,64.13609619140625,61.28072738647461,58.28072738647461
10556.jpg,24.8,26.327852249145508,63.13566589355469,28.193962574005127,20.369771122932438,45.66481423377991,42.17064390182495,49.15898456573486,36.19396257400513,33.19396257400513,44.7317590713501,41.05097770690918,48.412540435791016,34.32785224914551,31.327852249145508
10557.jpg,31.3,29.082143783569336,62.206974029541016,37.62851059436798,29.888224601745605,49.9177423119545,47.459895968437195,52.3755886554718,45.62851059436798,42.62851059436798,45.644558906555176,42.332075881958005,48.95704193115235,37.082143783569336,34.082143783569336
10558.jpg,73.2,67.34230041503906,74.95368194580078,67.43378639221191,63.24714422225952,71.19373416900635,70.44174461364746,71.94572372436522,71.19373416900635,71.19373416900635,71.14799118041992,70.38685302734375,71.90912933349608,71.14799118041992,71.14799118041992
10559.jpg,24.3,17.03089714050293,61.93976974487305,25.26063323020935,26.15058124065399,43.6002014875412,39.932287836074835,47.26811513900757,33.26063323020935,30.26063323020935,39.48533344268799,34.99444618225098,43.976220703125,25.03089714050293,22.03089714050293
10560.jpg,30.2,26.353559494018555,46.271759033203125,35.33482253551483,30.773761868476868,40.80329078435898,39.709597134590155,41.8969844341278,40.80329078435898,40.80329078435898,36.31265926361084,34.32083930969239,38.30447921752929,34.353559494018555,31.353559494018555
10561.jpg,27.9,20.632408142089844,54.13903427124024,23.48222285509109,19.086726009845734,38.810628563165665,35.744947421550755,41.87630970478058,31.48222285509109,28.48222285509109,37.38572120666504,34.03505859375,40.736383819580084,28.632408142089844,25.632408142089844
10562.jpg,41.1,54.03303146362305,65.01626586914062,43.62792074680328,48.745086789131165,54.322093307971954,52.18325879573822,56.46092782020568,51.62792074680328,48.62792074680328,59.524648666381836,58.426325225830084,60.622972106933595,59.524648666381836,59.524648666381836
10563.jpg,27.3,18.7653751373291,59.597782135009766,36.98813021183014,34.21857953071594,48.29295617341995,46.03199098110199,50.553921365737914,44.98813021183014,41.98813021183014,39.181578636169434,35.098337936401364,43.2648193359375,26.7653751373291,23.7653751373291
10564.jpg,54.1,49.39736557006836,68.0701904296875,58.14318656921387,51.99390649795532,63.106688499450684,62.11398811340332,64.09938888549804,63.106688499450684,63.106688499450684,58.73377799987793,56.86649551391602,60.60106048583984,57.39736557006836,54.39736557006836
10565.jpg,13.9,26.107397079467773,47.300880432128906,17.446179687976837,12.059637159109116,32.37353006005287,29.388059985637664,35.359000134468076,25.446179687976837,22.446179687976837,36.70413875579834,34.58479042053223,38.82348709106445,34.10739707946777,31.107397079467773
10566.jpg,12.0,13.11760425567627,46.121131896972656,12.526363134384155,9.517450630664824,29.323747515678406,25.964270639419556,32.68322439193726,20.526363134384155,17.526363134384155,29.619368076324463,26.319015312194825,32.919720840454104,21.11760425567627,18.11760425567627
10567.jpg,22.7,14.43227481842041,41.89323806762695,16.670583188533783,10.702534019947052,29.281910628080368,26.759645140171052,31.804176115989684,24.670583188533783,21.670583188533783,28.16275644302368,25.416660118103028,30.908852767944335,22.43227481842041,19.43227481842041
10568.jpg,51.6,62.29436874389648,73.23039245605469,57.081782817840576,52.23965048789978,65.15608763694763,63.54122667312622,66.77094860076903,65.08178281784058,62.081782817840576,67.76238059997559,66.66877822875976,68.8559829711914,67.76238059997559,67.76238059997559
10569.jpg,39.6,62.37076568603516,65.97505187988281,46.811169385910034,37.67792582511902,56.39311063289642,54.47672238349915,58.3094988822937,54.811169385910034,51.811169385910034,64.17290878295898,63.81248016357422,64.53333740234376,64.17290878295898,64.17290878295898
10570.jpg,38.1,38.455841064453125,68.61209106445312,47.13951945304871,41.255781054496765,57.875805258750916,55.72854809761048,60.02306241989136,55.13951945304871,52.13951945304871,53.533966064453125,50.518341064453125,56.549591064453125,46.455841064453125,43.455841064453125
10571.jpg,28.3,15.81629467010498,67.31517028808594,29.16004359722137,29.47205901145935,48.237606942653656,44.4220942735672,52.05311961174011,37.160043597221375,34.160043597221375,41.56573247909546,36.41584491729736,46.715620040893555,23.81629467010498,20.81629467010498
10572.jpg,76.0,70.9522476196289,72.71096801757812,77.55069732666016,81.92662596702576,75.13083267211914,75.61480560302735,74.64685974121093,75.13083267211914,75.13083267211914,71.83160781860352,71.65573577880859,72.00747985839844,71.83160781860352,71.83160781860352
10573.jpg,17.3,20.70907974243164,40.113616943359375,14.461418986320496,14.078366756439207,27.287517964839935,24.72229816913605,29.85273776054382,22.461418986320496,19.461418986320496,30.411348342895508,28.47089462280274,32.35180206298828,28.70907974243164,25.70907974243164
10574.jpg,72.4,73.27857971191406,74.42203521728516,75.6614625453949,78.32698225975037,75.04174888134003,75.165691614151,74.91780614852905,75.04174888134003,75.04174888134003,73.85030746459961,73.7359619140625,73.96465301513672,73.85030746459961,73.85030746459961
10575.jpg,24.1,18.06898498535156,58.92421340942383,33.67927670478821,33.83121490478516,46.30174505710602,43.77725138664246,48.82623872756958,41.67927670478821,38.67927670478821,38.496599197387695,34.411076354980466,42.582122039794925,26.06898498535156,23.06898498535156
10576.jpg,11.6,37.58618927001953,58.35875701904297,24.487879872322083,19.58766281604767,41.423318445682526,38.036230731010434,44.81040616035461,32.48787987232208,29.487879872322083,47.97247314453125,45.895216369628905,50.04972991943359,45.58618927001953,42.58618927001953
10577.jpg,63.1,68.05461883544922,71.9151840209961,61.9206964969635,59.10537242889404,66.9179402589798,65.91849150657654,67.91738901138305,66.9179402589798,66.9179402589798,69.98490142822266,69.59884490966797,70.37095794677734,69.98490142822266,69.98490142822266
10578.jpg,13.7,16.850893020629883,35.06005859375,12.287092208862305,10.172607004642488,23.673575401306152,21.39627876281738,25.95087203979492,20.287092208862305,17.287092208862305,25.95547580718994,24.13455924987793,27.77639236450195,24.850893020629883,21.850893020629883
10579.jpg,52.6,65.59922790527344,72.21686553955078,59.81502532958984,56.1832070350647,66.01594543457031,64.77576141357422,67.2561294555664,66.01594543457031,64.81502532958984,68.90804672241211,68.24628295898438,69.56981048583984,68.90804672241211,68.90804672241211
10580.jpg,54.7,68.17680358886719,75.35929107666016,68.76279711723328,66.6804313659668,72.06104409694672,71.40139470100402,72.72069349288941,72.06104409694672,72.06104409694672,71.76804733276367,71.04979858398437,72.48629608154297,71.76804733276367,71.76804733276367
10581.jpg,29.3,56.90544891357422,74.23613739013672,60.24326682090759,64.093679189682,67.23970210552216,65.84041504859924,68.63898916244506,67.23970210552216,65.24326682090759,65.57079315185547,63.83772430419921,67.30386199951172,64.90544891357422,61.90544891357422
10582.jpg,20.7,13.25578784942627,60.86164093017578,35.436201095581055,30.436429381370544,48.14892101287842,45.60637702941895,50.69146499633789,43.436201095581055,40.436201095581055,37.058714389801025,32.298129081726074,41.81929969787598,21.25578784942627,18.25578784942627
10583.jpg,15.9,42.90927505493164,65.67042541503906,42.10581183433533,36.3506019115448,53.888118624687195,51.53165726661682,56.244579982757564,50.10581183433533,47.10581183433533,54.28985023498535,52.01373519897461,56.56596527099609,50.90927505493164,47.90927505493164
10584.jpg,74.0,67.61499786376953,74.3823471069336,68.1553602218628,71.76180481910706,71.2688536643982,70.64615497589111,71.89155235290528,71.2688536643982,71.2688536643982,70.99867248535156,70.32193756103516,71.67540740966797,70.99867248535156,70.99867248535156
10585.jpg,14.4,22.295684814453125,49.96055221557617,14.431022107601166,11.480319499969482,32.19578716158867,28.64283415079117,35.748740172386164,22.431022107601166,19.431022107601166,36.12811851501465,33.36163177490235,38.89460525512695,30.295684814453125,27.295684814453125
10586.jpg,29.3,38.36179733276367,60.29205322265625,45.98648250102997,54.15798425674439,53.13926786184311,51.70871078968048,54.56982493400574,53.13926786184311,50.98648250102997,49.32692527770996,47.1338996887207,51.51995086669922,46.36179733276367,43.36179733276367
10587.jpg,59.3,71.42869567871094,71.80622863769531,60.45390367507935,52.0636796951294,66.13006615638733,64.99483366012574,67.26529865264892,66.13006615638733,66.13006615638733,71.61746215820312,71.5797088623047,71.65521545410157,71.61746215820312,71.61746215820312
10588.jpg,37.400000000000006,65.89216613769531,67.93576049804688,67.18907356262207,64.97666835784912,67.56241703033447,67.487748336792,67.63708572387695,67.56241703033447,67.56241703033447,66.9139633178711,66.70960388183593,67.11832275390626,66.9139633178711,66.9139633178711
10589.jpg,41.0,60.75811767578125,70.4487075805664,51.027774810791016,39.23411667346954,60.73824119567871,58.79614791870117,62.68033447265625,59.027774810791016,56.027774810791016,65.60341262817383,64.63435363769531,66.57247161865234,65.60341262817383,65.60341262817383
10590.jpg,36.4,47.20735549926758,61.16750717163086,44.34675872325897,37.31676638126373,52.757132947444916,51.07505810260773,54.439207792282104,52.34675872325897,49.34675872325897,54.18743133544922,52.79141616821289,55.58344650268555,54.18743133544922,52.20735549926758
10591.jpg,16.7,29.18724822998047,61.98147964477539,19.92601752281189,14.180950820446014,40.95374858379364,36.74820237159729,45.159294795989986,27.92601752281189,24.92601752281189,45.58436393737793,42.30494079589844,48.86378707885742,37.18724822998047,34.18724822998047
10592.jpg,14.2,14.765381813049316,37.99629974365234,18.285758793354034,14.183735847473145,28.141029268503186,26.169975173473354,30.112083363533014,26.285758793354034,23.285758793354034,26.380840778350827,24.057748985290523,28.703932571411126,22.765381813049316,19.765381813049316
10593.jpg,19.4,24.35785675048828,70.38126373291016,29.802438616752625,25.981813669204712,50.09185117483139,46.03396866321564,54.14973368644714,37.802438616752625,34.802438616752625,47.36956024169922,42.76721954345703,51.971900939941406,32.35785675048828,29.35785675048828
10594.jpg,26.7,36.23223114013672,70.39346313476562,43.8470870256424,37.04041838645935,57.12027508020401,54.46563746929169,59.77491269111634,51.8470870256424,48.8470870256424,53.31284713745117,49.896723937988284,56.72897033691407,44.23223114013672,41.23223114013672
10595.jpg,33.3,41.0612678527832,64.32502746582031,49.70354735851288,47.04528450965881,57.014287412166595,55.55213940143585,58.47643542289734,57.014287412166595,54.70354735851288,52.69314765930176,50.36677169799805,55.01952362060547,49.0612678527832,46.0612678527832
10596.jpg,26.1,30.988794326782227,64.65177154541016,38.8569176197052,31.04912936687469,51.75434458255768,49.17485918998719,54.333829975128175,46.8569176197052,43.8569176197052,47.82028293609619,44.4539852142334,51.186580657958984,38.98879432678223,35.98879432678223
10597.jpg,13.7,41.95073318481445,56.40485763549805,37.60455250740051,27.52167582511902,47.00470507144928,45.124674558639526,48.88473558425903,45.60455250740051,42.60455250740051,49.17779541015625,47.73238296508789,50.62320785522461,49.17779541015625,46.95073318481445
10598.jpg,20.1,32.790496826171875,59.82096481323242,31.67397677898407,24.23882633447647,45.747470796108246,42.93277199268341,48.56216959953308,39.67397677898407,36.67397677898407,46.30573081970215,43.602684020996094,49.0087776184082,40.790496826171875,37.790496826171875
10599.jpg,16.4,25.943742752075195,65.95746612548828,32.51420557498932,29.205045104026794,49.2358358502388,45.89150979518891,52.5801619052887,40.51420557498932,37.51420557498932,45.95060443878174,41.94923210144043,49.95197677612305,33.943742752075195,30.943742752075195
10600.jpg,24.1,40.87714385986328,62.28224563598633,36.591726541519165,26.926985383033752,49.43698608875275,46.86793417930603,52.00603799819946,44.591726541519165,41.591726541519165,51.579694747924805,49.439184570312506,53.720204925537104,48.87714385986328,45.87714385986328
10601.jpg,26.4,33.66730117797852,63.74778366088867,32.56416916847229,23.276793956756592,48.15597641468048,45.03761496543885,51.27433786392212,40.56416916847229,37.56416916847229,48.707542419433594,45.69949417114258,51.71559066772461,41.66730117797852,38.66730117797852
10602.jpg,79.0,60.89987564086914,69.18476104736328,67.20314621925354,71.2062120437622,68.19395363330841,67.99579215049744,68.39211511611938,68.19395363330841,68.19395363330841,65.04231834411621,64.2138298034668,65.87080688476563,65.04231834411621,65.04231834411621
10603.jpg,33.1,35.29894256591797,69.51419830322266,36.51543855667114,37.10961639881134,53.0148184299469,49.71494245529175,56.31469440460205,44.51543855667114,41.51543855667114,52.40657043457031,48.98504486083984,55.82809600830078,43.29894256591797,40.29894256591797
10604.jpg,61.900000000000006,64.2419204711914,70.71678924560547,66.9180154800415,64.05684351921082,68.81740236282349,68.43752498626709,69.19727973937988,68.81740236282349,68.81740236282349,67.47935485839844,66.83186798095704,68.12684173583985,67.47935485839844,67.47935485839844
10605.jpg,25.1,34.40563201904297,64.20433044433594,26.27759575843811,21.131761372089382,45.240963101387024,41.44828963279724,49.03363656997681,34.27759575843811,31.27759575843811,49.30498123168945,46.325111389160156,52.28485107421875,42.40563201904297,39.40563201904297
10606.jpg,64.4,66.2938461303711,75.28484344482422,69.91719603538513,72.73248434066772,72.60101974010468,72.06425499916077,73.13778448104858,72.60101974010468,72.60101974010468,70.78934478759766,69.89024505615234,71.68844451904297,70.78934478759766,70.78934478759766
10607.jpg,49.0,55.73061752319336,70.16973114013672,51.44716501235962,46.09172344207764,60.80844807624817,58.936191463470465,62.68070468902588,59.44716501235962,56.44716501235962,62.95017433166504,61.506262969970706,64.39408569335939,62.95017433166504,60.73061752319336
10608.jpg,19.0,14.470202445983888,23.298851013183597,15.576770901679993,11.823967099189758,19.437810957431793,18.665602946281435,20.210018968582155,19.437810957431793,19.437810957431793,18.884526729583744,18.00166187286377,19.767391586303713,18.884526729583744,18.884526729583744
10609.jpg,71.6,63.36051559448242,72.7335205078125,66.96892976760864,68.81760358810425,69.85122513771057,69.27476606369018,70.42768421173096,69.85122513771057,69.85122513771057,68.04701805114746,67.10971755981446,68.98431854248047,68.04701805114746,68.04701805114746
10610.jpg,27.3,23.2072868347168,64.90206146240234,30.45489490032196,26.80724561214447,47.67847818136215,44.233761525154115,51.12319483757019,38.45489490032196,35.45489490032196,44.05467414855957,39.885196685791016,48.224151611328125,31.2072868347168,28.2072868347168
10611.jpg,68.60000000000001,67.19824981689453,72.84381103515625,66.88212156295776,64.53884840011597,69.862966299057,69.26679735183716,70.45913524627684,69.862966299057,69.862966299057,70.02103042602539,69.45647430419922,70.58558654785156,70.02103042602539,70.02103042602539
10612.jpg,19.4,36.94542694091797,51.28062057495117,49.00835752487183,54.418861865997314,50.1444890499115,49.91726274490357,50.37171535491943,50.1444890499115,50.1444890499115,44.11302375793457,42.67950439453125,45.54654312133789,44.11302375793457,41.94542694091797
10613.jpg,18.4,42.38556289672852,65.99488830566406,34.094226360321045,31.20879530906677,50.044557332992554,46.85449113845826,53.23462352752686,42.094226360321045,39.094226360321045,54.19022560119629,51.82929306030274,56.55115814208985,50.38556289672852,47.38556289672852
10614.jpg,23.6,61.30160140991211,67.3390121459961,45.89970707893372,47.06939458847046,56.619359612464905,54.47542910575867,58.763290119171145,53.89970707893372,50.89970707893372,64.3203067779541,63.7165657043457,64.9240478515625,64.3203067779541,64.3203067779541
10615.jpg,33.1,41.72407150268555,69.07398986816406,44.98492777347565,34.84182059764862,57.029458820819855,54.620552611351016,59.43836503028869,52.98492777347565,49.98492777347565,55.399030685424805,52.664038848876956,58.13402252197265,49.72407150268555,46.72407150268555
10616.jpg,41.7,65.61039733886719,74.4333267211914,63.39881420135498,64.79829549789429,68.9160704612732,67.81261920928955,70.01952171325684,68.9160704612732,68.9160704612732,70.0218620300293,69.13956909179687,70.90415496826172,70.0218620300293,70.0218620300293
10617.jpg,67.1,61.39485931396485,73.60179901123047,70.04529237747192,73.94018173217773,71.8235456943512,71.46789503097534,72.17919635772705,71.8235456943512,71.8235456943512,67.49832916259766,66.27763519287109,68.71902313232422,67.49832916259766,66.39485931396484
10618.jpg,41.0,60.57056427001953,69.5907211303711,55.53059577941895,49.02636110782623,62.56065845489502,61.154645919799805,63.966670989990234,62.56065845489502,60.53059577941895,65.08064270019531,64.17862701416016,65.98265838623047,65.08064270019531,65.08064270019531
10619.jpg,39.900000000000006,63.503456115722656,75.79210662841797,71.45509719848633,81.918466091156,73.62360191345215,73.18990097045898,74.05730285644532,73.62360191345215,73.62360191345215,69.64778137207031,68.41891632080078,70.87664642333985,69.64778137207031,68.50345611572266
10620.jpg,16.0,35.39157485961914,64.5425033569336,40.78850448131561,30.363184213638306,52.6655039191246,50.290104031562805,55.0409038066864,48.78850448131561,45.78850448131561,49.96703910827637,47.051946258544916,52.88213195800781,43.39157485961914,40.39157485961914
10621.jpg,30.4,54.2375373840332,70.32723999023438,53.96500825881958,44.23907101154328,62.14612412452698,60.509900951385504,63.78234729766846,61.96500825881958,58.96500825881958,62.28238868713379,60.67341842651368,63.89135894775391,62.2375373840332,59.2375373840332
10622.jpg,11.5,16.204936981201172,44.23723983764648,16.572315990924835,13.02352249622345,30.404777914285656,27.638285529613494,33.17127029895782,24.572315990924835,21.572315990924835,30.221088409423825,27.417858123779297,33.02431869506835,24.204936981201172,21.204936981201172
10623.jpg,51.3,73.28575134277344,72.5677490234375,62.765538692474365,54.78834509849548,67.66664385795593,66.68642282485962,68.64686489105225,67.66664385795593,67.66664385795593,72.92675018310547,72.99855041503906,72.85494995117188,72.92675018310547,72.92675018310547
10624.jpg,12.0,31.287015914916992,50.67032241821289,28.825664520263672,20.01933306455612,39.74799346923828,37.56352767944336,41.9324592590332,36.82566452026367,33.82566452026367,40.97866916656494,39.04033851623535,42.91699981689453,39.28701591491699,36.28701591491699
10625.jpg,10.7,25.70101928710937,60.61666488647461,33.105966448783875,32.84973502159119,46.86131566762924,44.11024582386017,49.612385511398315,41.105966448783875,38.105966448783875,43.15884208679199,39.667277526855464,46.65040664672851,33.701019287109375,30.70101928710937
10626.jpg,42.6,61.88310241699219,74.78245544433594,64.35874700546265,65.61405658721924,69.57060122489929,68.52823038101197,70.61297206878662,69.57060122489929,69.57060122489929,68.33277893066406,67.0428436279297,69.62271423339844,68.33277893066406,66.88310241699219
10627.jpg,21.3,31.39389991760254,59.1826171875,36.99553310871124,30.47094345092773,48.08907514810562,45.87036674022674,50.30778355598449,44.99553310871124,41.99553310871124,45.28825855255127,42.50938682556152,48.06713027954101,39.39389991760254,36.39389991760254
10628.jpg,49.0,58.60042190551758,65.9482650756836,60.44434309005737,51.84206962585449,63.19630408287048,62.645911884307864,63.7466962814331,63.19630408287048,63.19630408287048,62.274343490600586,61.53955917358399,63.00912780761719,62.274343490600586,62.274343490600586
10629.jpg,17.2,19.185327529907227,63.19105911254883,23.13525080680847,24.690677225589752,43.16315495967865,39.15757412910462,47.16873579025268,31.13525080680847,28.13525080680847,41.18819332122803,36.78762016296387,45.588766479492186,27.185327529907227,24.185327529907227
10630.jpg,30.7,67.29183197021484,68.75740051269531,55.83025217056274,46.16382718086243,62.29382634162903,61.001111507415764,63.586541175842285,62.29382634162903,60.83025217056274,68.02461624145508,67.87805938720703,68.17117309570312,68.02461624145508,68.02461624145508
10631.jpg,50.4,63.990631103515625,71.1863784790039,62.63551712036133,57.0781946182251,66.91094779968262,66.05586166381836,67.76603393554687,66.91094779968262,66.91094779968262,67.58850479125977,66.86893005371094,68.30807952880859,67.58850479125977,67.58850479125977
10632.jpg,14.5,28.628507614135746,58.93969345092773,30.75461983680725,20.9966704249382,44.84715664386749,42.02864928245545,47.66566400527954,38.75461983680725,35.75461983680725,43.78410053253174,40.752981948852536,46.81521911621094,36.62850761413574,33.62850761413574
10633.jpg,23.9,27.509151458740234,63.35798645019531,27.305471897125244,21.63894921541214,45.33172917366028,41.72647771835327,48.936980628967284,35.305471897125244,32.305471897125244,45.43356895446777,41.84868545532227,49.01845245361328,35.509151458740234,32.509151458740234
10634.jpg,10.9,22.829811096191406,52.65231323242188,22.06672877073288,18.84305328130722,37.35952100157738,34.30096255540848,40.41807944774628,30.06672877073288,27.06672877073288,37.74106216430664,34.758811950683594,40.72331237792969,30.829811096191406,27.829811096191406
10635.jpg,76.39999999999999,68.87327575683594,70.2689208984375,62.984251976013184,58.52948427200317,66.62658643722534,65.8981195449829,67.35505332946778,66.62658643722534,66.62658643722534,69.57109832763672,69.43153381347656,69.71066284179688,69.57109832763672,69.57109832763672
10636.jpg,67.6,71.65734100341797,72.22693634033203,68.7720775604248,73.12943935394287,70.49950695037842,70.15402107238769,70.84499282836913,70.49950695037842,70.49950695037842,71.942138671875,71.88517913818359,71.99909820556641,71.942138671875,71.942138671875
10637.jpg,12.8,6.4032793045043945,21.296396255493164,18.222230672836304,13.051953911781313,19.759313464164734,19.451896905899048,20.06673002243042,19.759313464164734,19.759313464164734,13.84983777999878,12.360526084899902,15.339149475097656,13.84983777999878,11.403279304504395
10638.jpg,16.4,24.435609817504883,55.88144302368164,27.067670226097107,22.896988689899445,41.474556624889374,38.59317934513092,44.35593390464783,35.06767022609711,32.06767022609711,40.15852642059326,37.013943099975585,43.30310974121094,32.43560981750488,29.435609817504883
10639.jpg,89.1,74.48779296875,80.16698455810547,78.9466917514801,87.99633979797363,79.55683815479279,79.43480887413025,79.67886743545532,79.55683815479279,79.55683815479279,77.32738876342773,76.75946960449218,77.89530792236329,77.32738876342773,77.32738876342773
10640.jpg,28.0,21.930395126342773,63.3265266418457,33.42937231063843,34.08728539943695,48.377949476242065,45.388234043121344,51.367664909362794,41.42937231063843,38.42937231063843,42.62846088409424,38.488847732543945,46.76807403564453,29.930395126342773,26.930395126342773
10641.jpg,21.4,17.401784896850586,61.33999633789063,32.562255859375,27.46744453907013,46.95112609863281,44.07335205078125,49.82890014648438,40.562255859375,37.562255859375,39.370890617370605,34.9770694732666,43.764711761474615,25.401784896850586,22.401784896850586
10642.jpg,73.60000000000001,58.63410186767578,75.89118194580078,57.96427130699158,54.07388210296631,66.92772662639618,65.13503556251526,68.72041769027709,65.96427130699158,62.96427130699158,67.26264190673828,65.53693389892578,68.98834991455078,66.63410186767578,63.63410186767578
10643.jpg,70.3,64.93791198730469,74.61886596679688,68.66556406021118,67.64811873435974,71.64221501350403,71.04688482284546,72.23754520416259,71.64221501350403,71.64221501350403,69.77838897705078,68.81029357910157,70.746484375,69.77838897705078,69.77838897705078
10644.jpg,56.0,53.0661506652832,71.84088134765625,55.93092441558838,49.21421706676483,63.885902881622314,62.29490718841553,65.47689857482911,63.885902881622314,60.93092441558838,62.45351600646973,60.57604293823242,64.33098907470703,61.0661506652832,58.0661506652832
10645.jpg,14.9,24.295339584350582,65.86865234375,28.358808159828182,26.78888738155365,47.11373025178909,43.362745833396914,50.86471467018127,36.358808159828186,33.358808159828186,45.08199596405029,40.924664688110354,49.23932723999023,32.295339584350586,29.295339584350582
10646.jpg,62.0,67.91659545898438,73.68717193603516,63.90247344970703,57.53138065338135,68.7948226928711,67.81635284423828,69.7732925415039,68.7948226928711,68.7948226928711,70.80188369750977,70.22482604980468,71.37894134521484,70.80188369750977,70.80188369750977
10647.jpg,84.1,74.63761138916016,75.64542388916016,75.8853018283844,79.73201870918274,75.76536285877228,75.78935065269471,75.74137506484985,75.76536285877228,75.76536285877228,75.14151763916016,75.04073638916016,75.24229888916017,75.14151763916016,75.14151763916016
10648.jpg,64.6,64.885498046875,69.69461059570312,58.79619121551514,58.98690223693848,64.24540090560913,63.15555896759034,65.33524284362792,64.24540090560913,64.24540090560913,67.29005432128906,66.80914306640625,67.77096557617188,67.29005432128906,67.29005432128906
10649.jpg,84.39999999999999,73.32431030273438,75.66996002197266,75.342857837677,78.92997860908508,75.50640892982483,75.47369871139526,75.5391191482544,75.50640892982483,75.50640892982483,74.49713516235352,74.26257019042968,74.73170013427735,74.49713516235352,74.49713516235352
10650.jpg,39.7,57.721981048583984,67.86840057373047,56.51804804801941,48.933032155036926,62.19322431087494,61.05818905830384,63.328259563446046,62.19322431087494,62.19322431087494,62.79519081115723,61.780548858642575,63.80983276367188,62.79519081115723,62.79519081115723
10651.jpg,82.6,62.20075607299805,71.08856964111328,71.01641297340393,72.7946400642395,71.0524913072586,71.04527564048767,71.05970697402954,71.0524913072586,71.0524913072586,66.64466285705566,65.75588150024414,67.53344421386718,66.64466285705566,66.64466285705566
10652.jpg,36.0,63.18149948120117,71.19244384765625,46.20223641395569,35.10264456272125,58.69734013080597,56.198319387435916,61.19636087417602,54.20223641395569,51.20223641395569,67.18697166442871,66.3858772277832,67.98806610107422,67.18697166442871,67.18697166442871
10653.jpg,60.1,60.83160018920898,69.40796661376953,62.38812208175659,52.83472537994385,65.89804434776306,65.19605989456177,66.60002880096435,65.89804434776306,65.89804434776306,65.11978340148926,64.2621467590332,65.9774200439453,65.11978340148926,65.11978340148926
10654.jpg,37.1,14.616548538208008,42.145286560058594,26.39408707618713,31.12081289291382,34.269686818122864,32.694566869735716,35.844806766510004,34.269686818122864,31.39408707618713,28.3809175491333,25.628043746948244,31.133791351318358,22.616548538208008,19.616548538208008
10655.jpg,60.7,66.45288848876953,72.47215270996094,67.83469915390015,66.75347089767456,70.15342593193054,69.68968057632446,70.61717128753662,70.15342593193054,70.15342593193054,69.46252059936523,68.8605941772461,70.06444702148437,69.46252059936523,69.46252059936523
10656.jpg,57.1,64.56398010253906,68.57295227050781,58.318084478378296,53.56224775314331,63.445518374443054,62.4200315952301,64.471005153656,63.445518374443054,63.445518374443054,66.56846618652344,66.16756896972656,66.9693634033203,66.56846618652344,66.56846618652344
10657.jpg,26.3,56.72420120239258,66.72918701171875,50.24492740631104,45.61824798583984,58.48705720901489,56.83863124847413,60.13548316955567,58.24492740631104,55.24492740631104,61.726694107055664,60.72619552612305,62.72719268798828,61.726694107055664,61.726694107055664
10658.jpg,13.4,40.6395378112793,61.16494369506836,33.216530084609985,23.366858065128326,47.19073688983917,44.39589552879333,49.985578250885006,41.216530084609985,38.216530084609985,50.90224075317383,48.849700164794925,52.95478134155273,48.6395378112793,45.6395378112793
10659.jpg,62.0,57.02113723754883,72.87940216064453,67.3277497291565,65.87534546852112,70.10357594490051,69.5484107017517,70.6587411880493,70.10357594490051,70.10357594490051,64.95026969909668,63.364443206787115,66.53609619140624,64.95026969909668,62.02113723754883
10660.jpg,19.1,22.920639038085938,59.18110656738281,32.68694281578064,26.110312342643734,45.934024691581726,43.28460831642151,48.58344106674194,40.68694281578064,37.68694281578064,41.050872802734375,37.42482604980469,44.67691955566406,30.920639038085938,27.920639038085938
10661.jpg,76.39999999999999,70.8683853149414,73.12156677246094,73.58028888702393,76.89095735549927,73.35092782974243,73.39680004119873,73.30505561828613,73.35092782974243,73.35092782974243,71.99497604370117,71.76965789794922,72.22029418945313,71.99497604370117,71.99497604370117
10662.jpg,46.3,66.52604675292969,73.80382537841797,69.11008358001709,69.52783465385437,71.45695447921753,70.98758029937744,71.92632865905762,71.45695447921753,71.45695447921753,70.16493606567383,69.437158203125,70.89271392822266,70.16493606567383,70.16493606567383
10663.jpg,81.7,60.98600769042969,76.03543853759766,66.03031158447266,68.54044198989868,71.03287506103516,70.03236236572266,72.03338775634765,71.03287506103516,71.03287506103516,68.51072311401367,67.00578002929687,70.01566619873047,68.51072311401367,65.98600769042969
10664.jpg,31.0,35.43430709838867,64.9690170288086,31.696021556854248,28.283032774925232,48.33251929283142,45.00521974563598,51.65981884002685,39.69602155685425,36.69602155685425,50.20166206359863,47.24819107055664,53.15513305664062,43.43430709838867,40.43430709838867
10665.jpg,37.1,55.25495147705078,69.4368896484375,62.21243143081665,62.01348304748535,65.82466053962708,65.102214717865,66.54710636138915,65.82466053962708,65.82466053962708,62.34592056274414,60.92772674560547,63.76411437988281,62.34592056274414,60.25495147705078
10666.jpg,32.3,32.648468017578125,67.17412567138672,38.25439214706421,32.849764823913574,52.714258909225464,49.82228555679322,55.606232261657716,46.25439214706421,43.25439214706421,49.91129684448242,46.45873107910157,53.36386260986328,40.648468017578125,37.648468017578125
10667.jpg,33.1,34.295654296875,66.0384292602539,30.07493019104004,25.126799941062927,48.05667972564697,44.46032981872558,51.653029632568355,38.07493019104004,35.07493019104004,50.16704177856445,46.99276428222656,53.34131927490234,42.295654296875,39.295654296875
10668.jpg,28.9,29.26753807067871,63.28926467895508,38.413092494010925,32.94130265712738,50.851178586483,48.36356136798859,53.338795804977416,46.413092494010925,43.413092494010925,46.278401374816895,42.87622871398926,49.68057403564453,37.26753807067871,34.26753807067871
10669.jpg,28.6,33.388614654541016,68.3539810180664,32.71738886833191,32.55119323730469,50.53568494319916,46.97202572822571,54.099344158172606,40.71738886833191,37.71738886833191,50.87129783630371,47.37476119995117,54.36783447265625,41.388614654541016,38.388614654541016
10670.jpg,76.3,69.12077331542969,75.78465270996094,72.07484841346741,72.6711630821228,73.92975056171417,73.55877013206482,74.30073099136352,73.92975056171417,73.92975056171417,72.45271301269531,71.78632507324218,73.11910095214844,72.45271301269531,72.45271301269531
10671.jpg,43.9,68.49127960205078,72.97555541992188,69.08036470413208,70.63837051391602,71.02796006202698,70.638440990448,71.41747913360595,71.02796006202698,71.02796006202698,70.73341751098633,70.28498992919921,71.18184509277344,70.73341751098633,70.73341751098633
10672.jpg,85.7,73.02207946777344,72.00544738769531,78.10587286949158,80.8161199092865,75.05566012859344,75.66570267677307,74.44561758041382,75.05566012859344,75.05566012859344,72.51376342773438,72.61542663574218,72.41210021972657,72.51376342773438,72.51376342773438
10673.jpg,26.0,38.47121047973633,71.4049301147461,35.71641743183136,32.63593018054962,53.56067377328873,49.99182250499726,57.1295250415802,43.71641743183136,40.71641743183136,54.93807029724121,51.64469833374024,58.23144226074219,46.47121047973633,43.47121047973633
10674.jpg,76.7,72.99163818359375,74.13479614257812,70.49537897109985,67.27821826934814,72.31508755683899,71.95114583969116,72.67902927398681,72.31508755683899,72.31508755683899,73.56321716308594,73.4489013671875,73.67753295898437,73.56321716308594,73.56321716308594
10675.jpg,71.6,64.66386413574219,69.51048278808594,66.18975400924683,66.58362150192261,67.85011839866638,67.51804552078247,68.1821912765503,67.85011839866638,67.85011839866638,67.08717346191406,66.60251159667969,67.57183532714843,67.08717346191406,67.08717346191406
10676.jpg,30.0,21.018943786621094,60.48033905029297,25.28309524059296,24.81866478919983,42.88171714544296,39.361992764472966,46.40144152641296,33.28309524059296,30.28309524059296,40.74964141845703,36.80350189208984,44.695780944824214,29.018943786621094,26.018943786621094
10677.jpg,66.6,67.09764862060547,72.8255386352539,71.9902753829956,72.27131128311157,72.40790700912476,72.32438068389892,72.49143333435057,72.40790700912476,72.40790700912476,69.96159362792969,69.38880462646485,70.53438262939453,69.96159362792969,69.96159362792969
10678.jpg,75.0,68.47441101074219,70.7944107055664,71.61469459533691,75.09166598320007,71.20455265045166,71.28658103942871,71.12252426147461,71.20455265045166,71.20455265045166,69.6344108581543,69.40241088867188,69.86641082763671,69.6344108581543,69.6344108581543
10679.jpg,26.9,20.817094802856445,18.027177810668945,10.465092957019806,8.993230760097504,14.246135383844376,13.489926898479462,15.00234386920929,14.246135383844376,14.246135383844376,19.422136306762695,19.701128005981445,19.143144607543945,19.422136306762695,19.422136306762695
10680.jpg,28.1,32.032066345214844,67.88988494873047,19.892461597919464,18.180471658706665,43.891173273324966,39.09143093824387,48.690915608406065,27.892461597919464,24.892461597919464,49.960975646972656,46.3751937866211,53.546757507324216,40.032066345214844,37.032066345214844
10681.jpg,34.7,20.403614044189453,60.50571060180664,38.31968009471893,36.08031570911408,49.41269534826279,47.19409229755402,51.63129839897156,46.31968009471893,43.31968009471893,40.45466232299805,36.444452667236334,44.46487197875977,28.403614044189453,25.403614044189453
10682.jpg,42.9,49.97788238525391,66.22196197509766,41.69369637966156,32.804688811302185,53.95782917737961,51.505002617836,56.41065573692322,49.69369637966156,46.69369637966156,58.09992218017578,56.47551422119141,59.72433013916016,57.97788238525391,54.97788238525391
10683.jpg,69.6,68.86524963378906,72.7637710571289,72.34562635421753,73.85146617889404,72.55469870567322,72.51288423538207,72.59651317596436,72.55469870567322,72.55469870567322,70.81451034545898,70.424658203125,71.20436248779296,70.81451034545898,70.81451034545898
10684.jpg,73.3,63.407108306884766,72.72321319580078,68.89241933822632,69.01565790176392,70.80781626701355,70.42473688125611,71.19089565277099,70.80781626701355,70.80781626701355,68.06516075134277,67.13355026245117,68.99677124023438,68.06516075134277,68.06516075134277
10685.jpg,24.1,23.122880935668945,58.35209274291992,19.02171522378921,12.058476358652117,38.68690398335457,34.7538662314415,42.61994173526764,27.02171522378921,24.02171522378921,40.737486839294434,37.214565658569335,44.26040802001953,31.122880935668945,28.122880935668945
10686.jpg,24.6,13.516487121582031,54.25008010864258,32.56629407405853,25.11604130268097,43.408187091350555,41.23980848789215,45.576565694808956,40.56629407405853,37.56629407405853,33.883283615112305,29.809924316406253,37.95664291381836,21.51648712158203,18.51648712158203
10687.jpg,80.39999999999999,74.0804214477539,75.35956573486328,77.4019181728363,80.10792136192322,76.38074195384979,76.58497719764709,76.17650671005248,76.38074195384979,76.38074195384979,74.7199935913086,74.59207916259766,74.84790802001953,74.7199935913086,74.7199935913086
10688.jpg,79.4,75.8767318725586,72.88490295410156,74.89731311798096,79.88368272781372,73.89110803604126,74.0923490524292,73.68986701965332,73.89110803604126,73.89110803604126,74.38081741333008,74.68000030517578,74.08163452148438,74.38081741333008,74.38081741333008
10689.jpg,85.7,74.02122497558594,74.12211608886719,74.06653165817261,73.3422040939331,74.0943238735199,74.08876543045044,74.09988231658934,74.0943238735199,74.0943238735199,74.07167053222656,74.06158142089843,74.08175964355468,74.07167053222656,74.07167053222656
10690.jpg,64.3,63.09369659423828,71.78032684326172,69.5868968963623,70.734703540802,70.68361186981201,70.46426887512207,70.90295486450195,70.68361186981201,70.68361186981201,67.43701171875,66.56834869384767,68.30567474365235,67.43701171875,67.43701171875
10691.jpg,29.1,41.27477264404297,70.96390533447266,35.47329604625702,30.28886318206787,53.21860069036484,49.66953976154328,56.7676616191864,43.47329604625702,40.47329604625702,56.11933898925781,53.15042572021484,59.088252258300784,49.27477264404297,46.27477264404297
10692.jpg,22.9,22.38009452819824,60.59367752075195,21.631334722042084,20.33356875181198,41.11250612139702,37.21627184152604,45.00874040126801,29.631334722042084,26.631334722042084,41.4868860244751,37.665527725219725,45.30824432373047,30.38009452819824,27.38009452819824
10693.jpg,75.7,61.95737457275391,74.80570983886719,56.64881467819214,56.20325803756714,65.72726225852966,63.911572742462155,67.54295177459716,64.64881467819214,61.64881467819214,68.38154220581055,67.09670867919922,69.66637573242187,68.38154220581055,66.9573745727539
10694.jpg,42.400000000000006,48.15584564208984,64.98179626464844,64.87255096435547,68.52304339408875,64.92717361450195,64.91624908447265,64.93809814453124,64.92717361450195,64.92717361450195,56.56882095336914,54.88622589111328,58.251416015625,56.15584564208984,53.15584564208984
10695.jpg,47.7,61.85643768310547,70.4057846069336,60.80199480056763,55.59338331222534,65.60388970375061,64.64351072311402,66.5642686843872,65.60388970375061,65.60388970375061,66.13111114501953,65.27617645263672,66.98604583740234,66.13111114501953,66.13111114501953
10696.jpg,47.6,52.98870468139648,68.33553314208984,51.59554481506348,51.83242559432984,59.96553897857666,58.29154014587402,61.6395378112793,59.59554481506348,56.59554481506348,60.662118911743164,59.12743606567382,62.196801757812494,60.662118911743164,57.98870468139648
10697.jpg,23.700000000000003,12.498682022094728,41.62875747680664,18.19634586572647,10.153862088918686,29.912551671266556,27.56931051015854,32.25579283237457,26.19634586572647,23.19634586572647,27.063719749450684,24.150712203979495,29.976727294921872,20.498682022094727,17.498682022094727
10698.jpg,48.6,51.33343124389648,66.06842803955078,62.04156875610352,56.51662945747376,64.05499839782715,63.652312469482425,64.45768432617187,64.05499839782715,64.05499839782715,58.70092964172363,57.2274299621582,60.174429321289054,58.70092964172363,56.33343124389648
10699.jpg,57.9,68.2061538696289,74.42621612548828,55.91944456100464,57.655131816864014,65.17283034324646,63.3221531867981,67.02350749969483,63.91944456100464,60.91944456100464,71.3161849975586,70.69417877197266,71.93819122314453,71.3161849975586,71.3161849975586
10700.jpg,35.0,38.113372802734375,71.3825912475586,33.366236090660095,28.96226942539215,52.374413669109344,48.57277815341949,56.17604918479919,41.366236090660095,38.366236090660095,54.747982025146484,51.421060180664064,58.074903869628905,46.113372802734375,43.113372802734375
10701.jpg,26.6,29.665536880493164,64.53620147705078,37.220191955566406,34.20151472091675,50.878196716308594,48.14659576416015,53.60979766845703,45.220191955566406,42.220191955566406,47.10086917877197,43.61380271911621,50.58793563842773,37.665536880493164,34.665536880493164
10702.jpg,65.0,68.8937759399414,71.90937042236328,71.26554846763611,70.18446326255798,71.5874594449997,71.52307724952698,71.65184164047241,71.5874594449997,71.5874594449997,70.40157318115234,70.10001373291016,70.70313262939453,70.40157318115234,70.40157318115234
10703.jpg,68.7,64.4743423461914,68.03974914550781,68.277108669281,65.84490537643433,68.15842890739441,68.18216485977173,68.13469295501709,68.15842890739441,68.15842890739441,66.25704574584961,65.90050506591797,66.61358642578125,66.25704574584961,66.25704574584961
10704.jpg,79.3,73.47293853759766,75.72187042236328,77.45447158813477,79.01214361190796,76.58817100524902,76.76143112182618,76.41491088867187,76.58817100524902,76.58817100524902,74.59740447998047,74.37251129150391,74.82229766845703,74.59740447998047,74.59740447998047
10705.jpg,35.6,37.64962768554688,68.9294204711914,34.77077782154083,25.840067863464355,51.85009914636612,48.43423488140107,55.26596341133118,42.77077782154083,39.77077782154083,53.28952407836914,50.161544799804695,56.4175033569336,45.64962768554688,42.64962768554688
10706.jpg,40.1,62.53860092163086,76.07473754882812,61.40527129173279,63.63307237625122,68.74000442028046,67.27305779457092,70.20695104599,68.74000442028046,66.40527129173279,69.30666923522949,67.95305557250977,70.66028289794922,69.30666923522949,67.53860092163086
10707.jpg,31.9,32.265342712402344,68.35498809814453,35.994839668273926,36.71698272228241,52.17491388320923,48.93889904022217,55.41092872619629,43.994839668273926,40.994839668273926,50.31016540527344,46.70120086669922,53.91912994384766,40.265342712402344,37.265342712402344
10708.jpg,78.89999999999999,63.5498275756836,71.1019515991211,64.82586860656738,65.76172113418579,67.96391010284424,67.33630180358887,68.59151840209961,67.96391010284424,67.96391010284424,67.32588958740234,66.5706771850586,68.0811019897461,67.32588958740234,67.32588958740234
10709.jpg,29.0,13.330036163330078,42.52606964111328,16.485552489757538,18.785974383354187,29.50581106543541,26.901759350299837,32.10986278057098,24.485552489757538,21.485552489757538,27.92805290222168,25.00844955444336,30.84765625,21.330036163330078,18.330036163330078
10710.jpg,67.6,68.80200958251953,79.3695297241211,70.72370052337646,78.83124351501465,75.04661512374878,74.18203220367431,75.91119804382325,75.04661512374878,75.04661512374878,74.08576965332031,73.02901763916016,75.14252166748047,74.08576965332031,74.08576965332031
10711.jpg,52.2,65.75972747802734,67.59163665771484,49.517858028411865,38.47963213920593,58.554747343063354,56.74736948013306,60.36212520599365,57.517858028411865,54.517858028411865,66.6756820678711,66.49249114990235,66.85887298583984,66.6756820678711,66.6756820678711
10712.jpg,34.7,25.119674682617188,64.43602752685547,38.98797929286957,38.31238746643066,51.71200340986252,49.167198586463925,54.256808233261104,46.98797929286957,43.98797929286957,44.77785110473633,40.8462158203125,48.709486389160155,33.11967468261719,30.119674682617188
10713.jpg,82.10000000000001,71.70895385742188,75.81304931640625,76.74602270126343,81.22387528419495,76.27953600883484,76.37283334732055,76.18623867034913,76.27953600883484,76.27953600883484,73.76100158691406,73.35059204101563,74.1714111328125,73.76100158691406,73.76100158691406
10714.jpg,81.4,73.0139389038086,73.15432739257812,69.68262195587158,72.23466634750366,71.41847467422485,71.0713041305542,71.7656452178955,71.41847467422485,71.41847467422485,73.08413314819336,73.07009429931641,73.09817199707031,73.08413314819336,73.08413314819336
10715.jpg,35.099999999999994,39.469703674316406,63.86542510986328,38.29842209815979,31.413286924362183,51.081923604011536,48.525223302841184,53.63862390518188,46.29842209815979,43.29842209815979,51.667564392089844,49.22799224853516,54.10713653564453,47.469703674316406,44.469703674316406
10716.jpg,69.1,62.07944488525391,74.22974395751953,69.63031888008118,74.95590448379517,71.93003141880035,71.47008891105652,72.38997392654419,71.93003141880035,71.93003141880035,68.15459442138672,66.93956451416017,69.36962432861328,68.15459442138672,67.0794448852539
10717.jpg,30.9,17.207874298095703,62.128173828125,24.18138235807419,25.403016805648804,43.154778093099594,39.36009894609451,46.94945724010467,32.18138235807419,29.18138235807419,39.66802406311035,35.175994110107425,44.16005401611328,25.207874298095703,22.207874298095703
10718.jpg,65.19999999999999,69.29685974121094,72.7998275756836,64.1191840171814,62.59342432022095,68.4595057964325,67.59144144058227,69.3275701522827,68.4595057964325,68.4595057964325,71.04834365844727,70.698046875,71.39864044189453,71.04834365844727,71.04834365844727
10719.jpg,37.2,40.71592712402344,66.19625854492188,36.27064228057861,27.90527939796448,51.233450412750244,48.24088878631592,54.22601203918457,44.27064228057861,41.27064228057861,53.456092834472656,50.908059692382814,56.0041259765625,48.71592712402344,45.71592712402344
10720.jpg,35.4,39.95154571533203,69.42890167236328,40.345245599746704,34.214967489242554,54.88707363605499,51.978708028793335,57.79543924331665,48.345245599746704,45.345245599746704,54.690223693847656,51.742488098144534,57.63795928955078,47.95154571533203,44.95154571533203
10721.jpg,31.0,16.88507652282715,62.353511810302734,25.801587104797363,29.96855676174164,44.07754945755005,40.42235698699952,47.73274192810059,33.80158710479736,30.801587104797363,39.61929416656494,35.07245063781738,44.1661376953125,24.88507652282715,21.88507652282715
10722.jpg,34.900000000000006,26.95967102050781,67.31910705566406,30.7816743850708,33.61750245094299,49.05039072036743,45.396647453308105,52.70413398742676,38.7816743850708,35.7816743850708,47.13938903808594,43.10344543457031,51.175332641601564,34.95967102050781,31.95967102050781
10723.jpg,41.0,42.218109130859375,69.17756652832031,37.39520907402039,25.819993019104004,53.28638780117035,50.10815205574036,56.46462354660035,45.39520907402039,42.39520907402039,55.697837829589844,53.00189208984375,58.39378356933594,50.218109130859375,47.218109130859375
10724.jpg,90.5,68.93295288085938,76.58999633789062,75.83096623420715,78.09746265411377,76.21048128604889,76.13457827568054,76.28638429641722,76.21048128604889,76.21048128604889,72.761474609375,71.99577026367187,73.52717895507811,72.761474609375,72.761474609375
10725.jpg,29.1,28.50738525390625,63.313175201416016,32.92558789253235,27.61821448802948,48.11938154697418,45.08062281608582,51.15814027786255,40.92558789253235,37.92558789253235,45.91028022766113,42.42970123291016,49.39085922241211,36.50738525390625,33.50738525390625
10726.jpg,47.9,60.427364349365234,70.9154281616211,60.203903913497925,57.14282989501953,65.55966603755951,64.4885136127472,66.63081846237182,65.55966603755951,65.55966603755951,65.67139625549316,64.62258987426758,66.72020263671875,65.67139625549316,65.67139625549316
10727.jpg,43.1,50.88224029541016,69.58728790283203,50.84995031356812,40.35899639129639,60.21861910820007,58.34488534927368,62.092352867126465,58.84995031356812,55.84995031356812,60.234764099121094,58.36425933837891,62.10526885986329,58.88224029541016,55.88224029541016
10728.jpg,8.2,18.013032913208008,52.85724639892578,18.720540404319763,12.23687082529068,35.78889340162277,32.37522280216217,39.202564001083374,26.720540404319763,23.720540404319763,35.435139656066895,31.950718307495116,38.91956100463867,26.013032913208008,23.013032913208008
10729.jpg,84.7,69.59178161621094,73.53114318847656,69.41635608673096,69.75020170211792,71.47374963760376,71.0622709274292,71.88522834777831,71.47374963760376,71.47374963760376,71.56146240234375,71.16752624511719,71.95539855957031,71.56146240234375,71.56146240234375
10730.jpg,21.9,14.414953231811523,65.30308532714844,18.51232647895813,17.525067925453186,41.907705903053284,37.228630018234256,46.58678178787231,26.51232647895813,23.51232647895813,39.85901927947998,34.77020606994629,44.94783248901367,22.414953231811523,19.414953231811523
10731.jpg,35.4,51.14908599853516,66.65016174316406,39.10180330276489,30.698010325431824,52.87598252296448,50.12114667892456,55.630818367004395,47.10180330276489,44.10180330276489,58.89962387084961,57.349516296386724,60.44973144531251,58.89962387084961,56.14908599853516
10732.jpg,18.700000000000003,17.32565689086914,50.185394287109375,18.557587265968323,16.131477057933807,34.37149077653885,31.208710074424744,37.534271478652954,26.557587265968323,23.557587265968323,33.75552558898926,30.46955184936523,37.041499328613284,25.32565689086914,22.32565689086914
10733.jpg,38.6,50.74059677124024,70.98794555664062,55.15603423118591,52.19341516494751,63.07198989391327,61.4887987613678,64.65518102645873,63.07198989391327,60.15603423118591,60.86427116394043,58.8395362854004,62.889006042480474,58.74059677124024,55.74059677124024
10734.jpg,32.7,46.52563095092773,66.05999755859375,51.82475447654724,48.930782079696655,58.942376017570496,57.51885170936585,60.365900325775144,58.942376017570496,56.82475447654724,56.29281425476074,54.33937759399414,58.24625091552734,54.52563095092773,51.52563095092773
10735.jpg,20.0,18.67963409423828,57.47620391845703,24.25895035266876,16.048569977283478,40.8675771355629,37.54585177898407,44.18930249214172,32.25895035266876,29.25895035266876,38.077919006347656,34.198262023925786,41.95757598876953,26.67963409423828,23.67963409423828
10736.jpg,34.1,51.10322952270508,54.40169143676758,39.87375795841217,43.1805431842804,47.137724697589874,45.684931349754336,48.59051804542541,47.137724697589874,44.87375795841217,52.75246047973633,52.42261428833008,53.082306671142575,52.75246047973633,52.75246047973633
10737.jpg,44.6,62.5352897644043,72.9244384765625,60.31178832054138,56.15721940994263,66.61811339855194,65.35684838294983,67.87937841415405,66.61811339855194,65.31178832054138,67.7298641204834,66.69094924926758,68.76877899169922,67.7298641204834,67.7298641204834
10738.jpg,64.1,70.94023895263672,73.59757232666016,67.10816621780396,69.69884634017944,70.35286927223206,69.70392866134644,71.00180988311767,70.35286927223206,70.35286927223206,72.26890563964844,72.0031723022461,72.53463897705078,72.26890563964844,72.26890563964844
10739.jpg,32.599999999999994,28.873538970947266,71.1855697631836,46.20644152164459,42.72588789463043,58.69600564241409,56.19809281826019,61.19391846656799,54.20644152164459,51.20644152164459,50.02955436706543,45.7983512878418,54.26075744628906,36.873538970947266,33.873538970947266
10740.jpg,48.7,58.04799270629883,70.24602508544922,56.523168087005615,54.73814010620117,63.38459658622742,62.01231088638306,64.75688228607177,63.38459658622742,61.523168087005615,64.14700889587402,62.92720565795898,65.36681213378907,64.14700889587402,63.04799270629883
10741.jpg,56.8,61.09771347045898,70.7197494506836,68.42914819717407,69.32612657546997,69.57444882392883,69.34538869857788,69.80350894927977,69.57444882392883,69.57444882392883,65.90873146057129,64.94652786254882,66.87093505859374,65.90873146057129,65.90873146057129
10742.jpg,69.0,75.82563018798828,76.05705261230469,77.51755118370056,81.96983337402344,76.78730189800262,76.93335175514221,76.64125204086304,76.78730189800262,76.78730189800262,75.94134140014648,75.91819915771484,75.96448364257813,75.94134140014648,75.94134140014648
10743.jpg,36.6,22.145526885986328,62.7410888671875,31.382039189338684,34.43291187286377,47.06156402826309,43.92565906047821,50.197468996047974,39.382039189338684,36.382039189338684,42.443307876586914,38.383751678466794,46.502864074707034,30.145526885986328,27.145526885986328
10744.jpg,44.400000000000006,52.98813629150391,71.16097259521484,60.60361862182617,55.72361946105957,65.88229560852051,64.82656021118164,66.93803100585937,65.88229560852051,65.88229560852051,62.074554443359375,60.25727081298829,63.89183807373047,60.98813629150391,57.98813629150391
10745.jpg,60.1,62.05490493774414,73.8153076171875,66.50228500366211,68.19380521774292,70.1587963104248,69.42749404907227,70.89009857177734,70.1587963104248,70.1587963104248,67.93510627746582,66.75906600952149,69.11114654541015,67.93510627746582,67.93510627746582
10746.jpg,56.4,66.0131607055664,70.74485778808594,56.59966468811035,46.84710204601288,63.672261238098145,62.257741928100586,65.0867805480957,63.672261238098145,61.59966468811035,68.37900924682617,67.90583953857421,68.85217895507813,68.37900924682617,68.37900924682617
10747.jpg,45.0,34.5695686340332,69.69052124023438,47.029733657836914,41.57646000385285,58.360127449035645,56.0940486907959,60.62620620727539,55.029733657836914,52.029733657836914,52.13004493713379,48.617949676513675,55.6421401977539,42.5695686340332,39.5695686340332
10748.jpg,53.0,61.37961959838867,70.28820037841797,67.00937747955322,65.8369779586792,68.6487889289856,68.32090663909912,68.97667121887207,68.6487889289856,68.6487889289856,65.83390998840332,64.94305191040038,66.72476806640626,65.83390998840332,65.83390998840332
10749.jpg,50.7,64.795654296875,71.12033081054688,67.69437789916992,62.94882893562317,69.4073543548584,69.0647590637207,69.74994964599608,69.4073543548584,69.4073543548584,67.95799255371094,67.32552490234374,68.59046020507813,67.95799255371094,67.95799255371094
10750.jpg,25.6,52.63698196411133,64.03119659423828,43.90996992588043,34.756144881248474,53.97058326005936,51.95846059322358,55.98270592689514,51.90996992588043,48.90996992588043,58.334089279174805,57.19466781616211,59.4735107421875,58.334089279174805,58.334089279174805
10751.jpg,71.10000000000001,64.82975006103516,76.8567123413086,74.38029646873474,75.77323913574219,75.61850440502167,75.37086281776428,75.86614599227906,75.61850440502167,75.61850440502167,70.84323120117188,69.64053497314453,72.04592742919922,70.84323120117188,69.82975006103516
10752.jpg,70.9,78.06967163085938,71.8038558959961,70.11752128601074,73.22658896446228,70.96068859100342,70.79205513000488,71.12932205200195,70.96068859100342,70.96068859100342,74.93676376342773,75.56334533691407,74.3101821899414,74.93676376342773,74.93676376342773
10753.jpg,64.9,61.6245346069336,74.11703491210938,66.24025106430054,68.4735894203186,70.17864298820496,69.39096460342407,70.96632137298585,70.17864298820496,70.17864298820496,67.87078475952148,66.62153472900391,69.12003479003906,67.87078475952148,66.6245346069336
10754.jpg,23.6,31.19287872314453,47.46656799316406,30.19048571586609,23.031777143478397,38.828526854515076,37.10091862678528,40.55613508224487,38.19048571586609,35.19048571586609,39.3297233581543,37.702354431152344,40.95709228515625,39.19287872314453,36.19287872314453
10755.jpg,40.6,57.27285385131836,70.76945495605469,57.66972303390503,51.545917987823486,64.21958899497986,62.90961580276489,65.52956218719481,64.21958899497986,62.66972303390503,64.02115440368652,62.67149429321289,65.37081451416014,64.02115440368652,62.27285385131836
10756.jpg,38.6,59.0771484375,71.72892761230469,60.02058982849121,58.3645761013031,65.87475872039795,64.7039249420166,67.04559249877929,65.87475872039795,65.87475872039795,65.40303802490234,64.13786010742187,66.6682159423828,65.40303802490234,64.0771484375
10757.jpg,20.0,18.707660675048828,59.530792236328125,25.728502869606015,27.85825729370117,42.62964755296707,39.24941861629486,46.00987648963928,33.72850286960602,30.728502869606015,39.11922645568848,35.036913299560545,43.20153961181641,26.707660675048828,23.707660675048828
10758.jpg,31.7,44.09046936035156,69.54258728027344,32.113102078437805,28.09659242630005,50.82784467935562,47.08489615917206,54.57079319953918,40.113102078437805,37.113102078437805,56.8165283203125,54.27131652832031,59.36174011230469,52.09046936035156,49.09046936035156
10759.jpg,12.5,33.10239791870117,65.91362762451172,33.28719139099121,31.114116311073303,49.600409507751465,46.33776588439942,52.86305313110351,41.28719139099121,38.28719139099121,49.508012771606445,46.22688980102539,52.7891357421875,41.10239791870117,38.10239791870117
10760.jpg,53.3,60.07648086547852,72.48072814941406,62.24368810653687,57.61436223983765,67.36220812797546,66.33850412368774,68.38591213226319,67.36220812797546,67.36220812797546,66.27860450744629,65.03817977905274,67.51902923583984,66.27860450744629,65.07648086547852
10761.jpg,56.1,71.47123718261719,72.53629302978516,65.35074710845947,65.99329710006714,68.94352006912231,68.22496547698975,69.66207466125488,68.94352006912231,68.94352006912231,72.00376510620117,71.89725952148437,72.11027069091797,72.00376510620117,72.00376510620117
10762.jpg,61.7,73.2599868774414,76.894287109375,69.47612762451172,68.4327244758606,73.18520736694336,72.44339141845703,73.9270233154297,73.18520736694336,73.18520736694336,75.0771369934082,74.71370697021484,75.44056701660156,75.0771369934082,75.0771369934082
10763.jpg,53.1,63.06537628173828,71.5608139038086,64.45280313491821,65.6267762184143,68.0068085193634,67.29600744247436,68.71760959625243,68.0068085193634,68.0068085193634,67.31309509277344,66.4635513305664,68.16263885498046,67.31309509277344,67.31309509277344
10764.jpg,52.1,68.03594970703125,74.92748260498047,63.04326057434082,62.21854090690613,68.98537158966064,67.79694938659668,70.17379379272461,68.98537158966064,68.98537158966064,71.48171615600586,70.79256286621094,72.17086944580078,71.48171615600586,71.48171615600586
10765.jpg,38.0,42.49113464355469,67.50418853759766,39.11323845386505,33.919450640678406,53.308713495731354,50.46961848735809,56.14780850410461,47.11323845386505,44.11323845386505,54.99766159057617,52.49635620117188,57.498966979980466,50.49113464355469,47.49113464355469
10766.jpg,24.0,66.46650695800781,69.42383575439453,49.3881106376648,40.091919898986816,59.40597319602966,57.40240068435669,61.409545707702634,57.3881106376648,54.3881106376648,67.94517135620117,67.6494384765625,68.24090423583985,67.94517135620117,67.94517135620117
10767.jpg,32.9,33.187007904052734,62.99650192260742,39.19329345226288,37.02840507030487,51.09489768743515,48.714576840400696,53.475218534469604,47.19329345226288,44.19329345226288,48.09175491333008,45.11080551147461,51.07270431518555,41.187007904052734,38.187007904052734
10768.jpg,44.3,52.53449630737305,68.23796844482422,54.87663745880127,56.10295534133911,61.557302951812744,60.221169853210455,62.89343605041504,61.557302951812744,59.87663745880127,60.38623237609863,58.81588516235352,61.956579589843756,60.38623237609863,57.53449630737305
10769.jpg,51.6,65.79949188232422,72.20068359375,59.77679491043091,54.12099361419678,65.98873925209045,64.74635038375854,67.23112812042237,65.98873925209045,64.77679491043091,69.00008773803711,68.35996856689454,69.64020690917968,69.00008773803711,69.00008773803711
10770.jpg,38.6,44.751556396484375,69.22242736816406,53.7385880947113,51.74217224121094,61.48050773143768,59.9321238040924,63.02889165878296,61.48050773143768,58.7385880947113,56.98699188232422,54.53990478515625,59.434078979492185,52.751556396484375,49.751556396484375
10771.jpg,55.7,64.8912124633789,71.05973052978516,66.55343174934387,63.27097415924072,68.80658113956451,68.35595126152039,69.25721101760864,68.80658113956451,68.80658113956451,67.97547149658203,67.3586196899414,68.59232330322266,67.97547149658203,67.97547149658203
10772.jpg,46.3,58.27445983886719,72.36865997314453,63.38162422180176,64.58193063735962,67.87514209747314,66.97643852233887,68.77384567260742,67.87514209747314,67.87514209747314,65.32155990600586,63.912139892578125,66.7309799194336,65.32155990600586,63.27445983886719
10773.jpg,64.0,65.66104125976562,72.73067474365234,73.41322898864746,80.20129203796387,73.0719518661499,73.14020729064941,73.00369644165039,73.0719518661499,73.0719518661499,69.19585800170898,68.4888946533203,69.90282135009765,69.19585800170898,69.19585800170898
10774.jpg,45.3,50.9582405090332,72.9642562866211,63.516223430633545,56.59233331680298,68.24023985862732,67.29543657302857,69.18504314422607,68.24023985862732,68.24023985862732,61.96124839782715,59.76064682006836,64.16184997558594,58.9582405090332,55.9582405090332
10775.jpg,54.1,67.32491302490234,70.98101043701172,71.72697186470032,70.12938261032104,71.35399115085602,71.42858729362487,71.27939500808716,71.35399115085602,71.35399115085602,69.15296173095703,68.7873519897461,69.51857147216796,69.15296173095703,69.15296173095703
10776.jpg,34.7,43.57454681396485,66.44432067871094,44.264185428619385,40.46370387077332,55.35425305366516,53.136239528656006,57.572266578674316,52.264185428619385,49.264185428619385,55.00943374633789,52.72245635986329,57.29641113281251,51.57454681396485,48.57454681396485
10777.jpg,66.0,63.85210418701172,68.61495208740234,68.02737712860107,71.46199941635132,68.32116460800171,68.26240711212158,68.37992210388182,68.32116460800171,68.32116460800171,66.23352813720703,65.75724334716797,66.70981292724609,66.23352813720703,66.23352813720703
10778.jpg,31.4,41.12638854980469,59.29694747924805,28.51010262966156,22.923150658607483,43.9035250544548,40.82484056949616,46.982209539413454,36.51010262966156,33.51010262966156,50.21166801452637,48.39461212158203,52.028723907470706,49.12638854980469,46.12638854980469
10779.jpg,39.6,53.53424453735352,73.16365051269531,57.52934217453003,48.88932406902313,65.34649634361267,63.783065509796145,66.9099271774292,65.34649634361267,62.52934217453003,63.348947525024414,61.38600692749024,65.3118881225586,61.53424453735352,58.53424453735352
10780.jpg,52.0,63.16755676269531,71.45734405517578,65.99615216255188,65.06709456443787,68.72674810886383,68.18062891960145,69.27286729812622,68.72674810886383,68.72674810886383,67.31245040893555,66.4834716796875,68.1414291381836,67.31245040893555,67.31245040893555
10781.jpg,42.9,62.85026550292969,74.17613983154297,60.43023467063904,57.67476558685303,67.303187251091,65.92859673500061,68.6777777671814,67.303187251091,65.43023467063904,68.51320266723633,67.380615234375,69.64579010009766,68.51320266723633,68.51320266723633
10782.jpg,26.6,27.567852020263672,55.50766754150391,35.134583711624146,31.160232424736023,45.321125626564026,43.28381724357605,47.358434009552006,43.134583711624146,40.134583711624146,41.53775978088379,38.743778228759766,44.33174133300782,35.56785202026367,32.56785202026367
10783.jpg,16.599999999999998,53.137245178222656,70.31231689453125,34.72731113433838,34.17319059371948,52.519814014434814,48.96131343841553,56.0783145904541,42.72731113433838,39.72731113433838,61.72478103637695,60.0072738647461,63.44228820800781,61.137245178222656,58.137245178222656
10784.jpg,47.6,68.05706024169922,70.34366607666016,66.39369130134583,65.34958481788635,68.36867868900299,67.97368121147156,68.76367616653442,68.36867868900299,68.36867868900299,69.20036315917969,68.9717025756836,69.42902374267578,69.20036315917969,69.20036315917969
10785.jpg,66.39999999999999,64.89054107666016,70.61481475830078,70.08404731750488,70.21735310554504,70.34943103790283,70.29635429382324,70.40250778198242,70.34943103790283,70.34943103790283,67.75267791748047,67.18025054931641,68.32510528564453,67.75267791748047,67.75267791748047
10786.jpg,62.7,71.2973861694336,70.1728515625,68.6522364616394,65.20669460296631,69.4125440120697,69.26048250198365,69.56460552215576,69.4125440120697,69.4125440120697,70.7351188659668,70.84757232666016,70.62266540527344,70.7351188659668,70.7351188659668
10787.jpg,59.900000000000006,71.4239730834961,71.95525360107422,65.41706919670105,63.67230415344238,68.68616139888763,68.03234295845031,69.33997983932494,68.68616139888763,68.68616139888763,71.68961334228516,71.63648529052735,71.74274139404297,71.68961334228516,71.68961334228516
10788.jpg,24.0,24.152650833129883,49.11148834228516,21.433554589748383,14.776085317134855,35.27252146601677,32.504728090763095,38.04031484127045,29.433554589748383,26.433554589748383,36.63206958770752,34.136185836791995,39.12795333862305,32.15265083312988,29.152650833129883
10789.jpg,37.400000000000006,72.23017883300781,73.73766326904297,57.2433352470398,55.2912712097168,65.49049925804138,63.841066455841066,67.1399320602417,65.2433352470398,62.2433352470398,72.98392105102539,72.83317260742187,73.13466949462891,72.98392105102539,72.98392105102539
10790.jpg,43.3,63.00310897827149,69.2569351196289,55.72260022163391,55.98032474517822,62.48976767063141,61.13633418083191,63.84320116043091,62.48976767063141,60.72260022163391,66.1300220489502,65.50463943481446,66.75540466308594,66.1300220489502,66.1300220489502
10791.jpg,29.9,24.838367462158203,67.91161346435547,34.83893573284149,32.302260398864746,51.37527459859848,48.068006825447085,54.682542371749875,42.83893573284149,39.83893573284149,46.374990463256836,42.067665863037114,50.68231506347656,32.8383674621582,29.838367462158203
10792.jpg,49.1,66.6848373413086,72.78765869140625,58.922868967056274,55.94518184661865,65.85526382923126,64.46878485679626,67.24174280166625,65.85526382923126,63.922868967056274,69.73624801635742,69.12596588134765,70.34653015136718,69.73624801635742,69.73624801635742
10793.jpg,35.0,65.13741302490234,72.74594116210938,49.07530844211578,49.244892597198486,60.91062480211258,58.543561530113216,63.277688074111936,57.07530844211578,54.07530844211578,68.94167709350586,68.18082427978516,69.70252990722656,68.94167709350586,68.94167709350586
10794.jpg,49.7,49.89898681640625,70.2906494140625,36.33686602115631,28.028079867362976,53.313757717609406,49.91837937831879,56.70913605690002,44.33686602115631,41.33686602115631,60.094818115234375,58.05565185546875,62.133984375,57.89898681640625,54.89898681640625
10795.jpg,43.0,57.36887741088867,68.54421997070312,54.33347821235657,49.31091070175171,61.438849091529846,60.01777491569519,62.8599232673645,61.438849091529846,59.33347821235657,62.9565486907959,61.83901443481445,64.07408294677734,62.9565486907959,62.9565486907959
10796.jpg,76.3,71.49845886230469,74.28500366210938,72.960364818573,73.53492975234985,73.62268424034119,73.49022035598755,73.75514812469481,73.62268424034119,73.62268424034119,72.89173126220703,72.61307678222656,73.1703857421875,72.89173126220703,72.89173126220703
10797.jpg,34.900000000000006,57.93339157104492,68.5436782836914,49.86935257911682,39.59758579730988,59.206515431404114,57.33908286094666,61.073948001861574,57.86935257911682,54.86935257911682,63.238534927368164,62.17750625610351,64.29956359863282,63.238534927368164,63.238534927368164
10798.jpg,57.6,68.2334213256836,72.5704574584961,69.36957836151123,68.06292533874512,70.97001791000366,70.64993000030518,71.29010581970215,70.97001791000366,70.97001791000366,70.40193939208984,69.96823577880859,70.8356430053711,70.40193939208984,70.40193939208984
10799.jpg,37.6,38.16368103027344,70.98643493652344,54.37865853309631,55.17386198043823,62.682546734809875,61.02176909446716,64.34332437515258,62.37865853309631,59.37865853309631,54.57505798339844,51.292782592773435,57.85733337402343,46.16368103027344,43.16368103027344
10800.jpg,36.1,63.45115280151367,77.19508361816406,53.24797034263611,48.85979890823364,65.22152698040009,62.82681565284729,67.61623830795287,61.24797034263611,58.24797034263611,70.32311820983887,68.94872512817383,71.6975112915039,70.32311820983887,68.45115280151367
10801.jpg,77.1,67.20113372802734,74.35577392578125,73.89501929283142,73.24141263961792,74.12539660930634,74.07932114601135,74.17147207260132,74.12539660930634,74.12539660930634,70.7784538269043,70.0629898071289,71.4939178466797,70.7784538269043,70.7784538269043
10802.jpg,64.0,51.92301559448242,70.7160415649414,63.05044889450073,59.26246643066406,66.88324522972107,66.116685962677,67.64980449676514,66.88324522972107,66.88324522972107,61.319528579711914,59.440225982666014,63.198831176757814,59.92301559448242,56.92301559448242
10803.jpg,29.1,18.691198348999023,60.60029983520508,31.62645101547241,27.809789776802063,46.113375425338745,43.21599054336548,49.01076030731201,39.62645101547241,36.62645101547241,39.64574909210205,35.45483894348145,43.83665924072265,26.691198348999023,23.691198348999023
10804.jpg,77.30000000000001,69.8343505859375,74.84774017333984,72.13271260261536,72.70556688308716,73.4902263879776,73.21872363090515,73.76172914505005,73.4902263879776,73.4902263879776,72.34104537963867,71.83970642089844,72.8423843383789,72.34104537963867,72.34104537963867
10805.jpg,27.6,25.263900756835938,49.73263168334961,34.52877104282379,31.9381445646286,42.1307013630867,40.61031529903412,43.65108742713928,42.1307013630867,39.52877104282379,37.49826622009277,35.05139312744141,39.94513931274414,33.26390075683594,30.263900756835938
10806.jpg,23.3,12.074348449707031,55.81391143798828,38.26321363449097,32.84631967544556,47.038562536239624,45.283492755889895,48.79363231658935,46.26321363449097,43.26321363449097,33.944129943847656,29.570173645019533,38.318086242675776,20.07434844970703,17.07434844970703
10807.jpg,58.7,69.31694793701172,70.57344818115234,59.762609004974365,56.82910680770874,65.16802859306335,64.08694467544555,66.24911251068116,65.16802859306335,65.16802859306335,69.94519805908203,69.81954803466797,70.07084808349609,69.94519805908203,69.94519805908203
10808.jpg,22.5,39.33786010742188,65.39286804199219,31.11160695552826,32.26205110549927,48.25223749876022,44.82411139011383,51.68036360740661,39.11160695552826,36.11160695552826,52.36536407470703,49.759863281250006,54.970864868164064,47.33786010742188,44.33786010742188
10809.jpg,72.1,72.47075653076172,79.75611114501953,73.90739321708679,81.98944330215454,76.83175218105316,76.24688038825988,77.41662397384644,76.83175218105316,76.83175218105316,76.11343383789062,75.38489837646485,76.8419692993164,76.11343383789062,76.11343383789062
10810.jpg,69.9,75.79803466796875,72.07813262939453,69.64561939239502,65.85693955421448,70.86187601089478,70.61862468719482,71.10512733459473,70.86187601089478,70.86187601089478,73.93808364868164,74.31007385253906,73.56609344482422,73.93808364868164,73.93808364868164
10811.jpg,32.0,42.26469802856445,62.73799514770508,32.39246904850006,27.602630853652958,47.56523209810257,44.530679488182074,50.59978470802307,40.39246904850006,37.39246904850006,52.501346588134766,50.454016876220706,54.548676300048825,50.26469802856445,47.26469802856445
10812.jpg,53.2,65.37864685058594,69.24111938476562,67.37990379333496,68.1189477443695,68.3105115890503,68.12439002990723,68.49663314819335,68.3105115890503,68.3105115890503,67.30988311767578,66.92363586425782,67.69613037109374,67.30988311767578,67.30988311767578
10813.jpg,54.400000000000006,59.829383850097656,67.56986236572266,53.57093811035156,49.76471364498138,60.57040023803711,59.170507812500006,61.97029266357422,60.57040023803711,58.57093811035156,63.699623107910156,62.925575256347656,64.47367095947266,63.699623107910156,63.699623107910156
10814.jpg,19.0,25.53700256347656,32.7880859375,20.50113677978516,20.087918639183044,26.644611358642578,25.415916442871094,27.873306274414062,26.644611358642578,25.50113677978516,29.16254425048828,28.437435913085935,29.887652587890624,29.16254425048828,29.16254425048828
10815.jpg,27.9,21.818803787231445,61.40151977539063,34.89953577518463,34.73612368106842,48.15052777528763,45.50032937526703,50.80072617530823,42.89953577518463,39.89953577518463,41.610161781311035,37.65189018249512,45.568433380126955,29.818803787231445,26.818803787231445
10816.jpg,67.4,67.4747314453125,74.68749237060547,68.13050508499146,68.73373985290527,71.40899872779846,70.75329999923706,72.06469745635985,71.40899872779846,71.40899872779846,71.08111190795898,70.35983581542969,71.80238800048828,71.08111190795898,71.08111190795898
10817.jpg,27.7,12.547721862792969,60.17078399658203,35.313770174980164,34.6739262342453,47.7422770857811,45.25657570362091,50.227978467941284,43.313770174980164,40.313770174980164,36.3592529296875,31.596946716308594,41.121559143066406,20.54772186279297,17.54772186279297
10818.jpg,55.0,62.00186920166016,72.83649444580078,63.00498843193054,62.05897927284241,67.92074143886566,66.93759083747864,68.90389204025269,67.92074143886566,67.92074143886566,67.41918182373047,66.33571929931641,68.50264434814454,67.41918182373047,67.41918182373047
10819.jpg,59.3,70.31208038330078,72.20577239990234,64.3151044845581,58.88210535049439,68.26043844223022,67.4713716506958,69.04950523376465,68.26043844223022,68.26043844223022,71.25892639160156,71.0695571899414,71.44829559326172,71.25892639160156,71.25892639160156
10820.jpg,25.6,22.06451416015625,43.75576019287109,23.136332631111145,16.495609283447266,33.44604641199112,31.38410365581512,35.507989168167114,31.136332631111145,28.136332631111145,32.91013717651367,30.741012573242184,35.079261779785156,30.06451416015625,27.06451416015625
10821.jpg,75.0,68.2520523071289,72.71666717529297,71.62045240402222,72.63979315757751,72.16855978965759,72.05893831253051,72.27818126678466,72.16855978965759,72.16855978965759,70.48435974121094,70.03789825439453,70.93082122802734,70.48435974121094,70.48435974121094
10822.jpg,66.10000000000001,59.98283767700195,71.0917739868164,68.80462169647217,66.8728232383728,69.94819784164429,69.71948261260987,70.17691307067871,69.94819784164429,69.94819784164429,65.53730583190918,64.42641220092773,66.64819946289063,65.53730583190918,65.53730583190918
10823.jpg,75.4,52.17418670654297,71.0182113647461,70.583176612854,76.31932497024536,70.80069398880005,70.75719051361084,70.84419746398925,70.80069398880005,70.80069398880005,61.59619903564453,59.711796569824216,63.48060150146484,60.17418670654297,57.17418670654297
10824.jpg,38.1,51.112640380859375,74.18383026123047,48.895153403282166,50.37781000137329,61.53949183225632,59.01062414646149,64.06835951805115,56.895153403282166,53.895153403282166,62.64823532104492,60.34111633300781,64.95535430908203,59.112640380859375,56.112640380859375
10825.jpg,19.8,24.040586471557617,51.06282806396485,22.566042840480804,21.05316519737244,36.814435452222824,33.964756929874426,39.66411397457123,30.566042840480804,27.566042840480804,37.55170726776123,34.849483108520516,40.25393142700196,32.04058647155762,29.040586471557617
10826.jpg,29.9,57.38955307006836,67.72606658935547,35.35302579402924,29.807361960411072,51.53954619169235,48.30224211215973,54.77685027122497,43.35302579402924,40.35302579402924,62.557809829711914,61.5241584777832,63.591461181640625,62.557809829711914,62.557809829711914
10827.jpg,28.0,14.045516967773438,58.2197494506836,37.28482127189636,33.90178680419922,47.75228536128998,45.65879254341126,49.845778179168704,45.28482127189636,42.28482127189636,36.132633209228516,31.715209960937504,40.55005645751953,22.045516967773438,19.045516967773438
10828.jpg,30.6,25.416215896606445,61.976409912109375,25.17286241054535,19.942083954811096,43.57463616132736,39.894281411170965,47.254990911483766,33.17286241054535,30.17286241054535,43.69631290435791,40.040293502807614,47.352332305908206,33.416215896606445,30.416215896606445
10829.jpg,33.3,26.88583374023437,68.77613067626953,28.245481848716736,25.922271609306332,48.51080626249313,44.457741379737854,52.56387114524841,36.245481848716736,33.245481848716736,47.83098220825195,43.64195251464844,52.02001190185547,34.885833740234375,31.88583374023437
10830.jpg,57.8,68.88275146484375,73.95624542236328,65.08697271347046,61.946892738342285,69.52160906791687,68.63468179702758,70.40853633880616,69.52160906791687,69.52160906791687,71.41949844360352,70.91214904785156,71.92684783935547,71.41949844360352,71.41949844360352
10831.jpg,76.39999999999999,66.35709381103516,72.61830139160156,72.00045585632324,71.2087869644165,72.3093786239624,72.24759407043457,72.37116317749023,72.3093786239624,72.3093786239624,69.48769760131836,68.86157684326173,70.113818359375,69.48769760131836,69.48769760131836
10832.jpg,55.4,59.99644088745117,69.32546997070312,62.10732460021973,56.3023567199707,65.71639728546143,64.99458274841308,66.43821182250977,65.71639728546143,65.71639728546143,64.66095542907715,63.72805252075195,65.59385833740234,64.66095542907715,64.66095542907715
10833.jpg,16.299999999999997,22.59688186645508,50.20638656616211,17.132316529750824,13.670827448368073,33.66935154795647,30.36194454431534,36.9767585515976,25.132316529750824,22.132316529750824,36.401634216308594,33.64068374633789,39.162584686279295,30.59688186645508,27.59688186645508
10834.jpg,29.700000000000003,52.12748336791992,65.37494659423828,47.34857976436615,36.79170608520508,56.361763179302216,54.559126496315,58.16439986228943,55.34857976436615,52.34857976436615,58.7512149810791,57.42646865844726,60.07596130371094,58.7512149810791,57.12748336791992
10835.jpg,51.0,65.21092224121094,73.65962982177734,68.99820566177368,69.07452344894409,71.32891774177551,70.86277532577515,71.79506015777588,71.32891774177551,71.32891774177551,69.43527603149414,68.5904052734375,70.28014678955078,69.43527603149414,69.43527603149414
10836.jpg,16.9,27.536659240722656,52.531028747558594,28.766345977783203,18.70608478784561,40.6486873626709,38.272219085693365,43.02515563964843,36.7663459777832,33.7663459777832,40.033843994140625,37.53440704345704,42.53328094482421,35.536659240722656,32.536659240722656
10837.jpg,33.5,21.75341796875,60.76252746582031,30.680254101753235,32.688334584236145,45.721390783786774,42.71316344738007,48.72961812019348,38.680254101753235,35.680254101753235,41.257972717285156,37.35706176757813,45.15888366699218,29.75341796875,26.75341796875
10838.jpg,58.3,61.88238143920898,74.28939056396484,66.47843718528748,60.44622659683228,70.38391387462616,69.60281853675842,71.16500921249389,70.38391387462616,70.38391387462616,68.08588600158691,66.84518508911133,69.32658691406249,68.08588600158691,66.88238143920898
10839.jpg,55.7,66.70946502685547,72.55291748046875,64.98849391937256,67.50955581665039,68.77070569992065,68.01426334381104,69.52714805603027,68.77070569992065,68.77070569992065,69.63119125366211,69.04684600830078,70.21553649902344,69.63119125366211,69.63119125366211
10840.jpg,33.5,12.27162265777588,57.157352447509766,36.59595549106598,31.44760131835937,46.87665396928787,44.8205142736435,48.93279366493225,44.59595549106598,41.59595549106598,34.71448755264282,30.225914573669435,39.20306053161621,20.27162265777588,17.27162265777588
10841.jpg,20.8,8.258974075317383,57.37205123901367,28.84639799594879,24.35789406299591,43.10922461748123,40.25665929317475,45.96178994178772,36.84639799594879,33.84639799594879,32.81551265716553,27.9042049407959,37.726820373535155,16.258974075317383,13.258974075317383
10842.jpg,23.3,18.258981704711918,65.1978759765625,40.50707519054413,38.912031054496765,52.852475583553314,50.38339550495148,55.32155566215515,48.50707519054413,45.50707519054413,41.72842884063721,37.03453941345215,46.42231826782226,26.258981704711918,23.258981704711918
10843.jpg,41.7,66.96326446533203,59.66051864624024,51.06916427612305,40.717291831970215,55.36484146118164,54.505706024169925,56.223976898193364,55.36484146118164,55.36484146118164,63.31189155578613,64.04216613769532,62.58161697387696,63.31189155578613,63.31189155578613
10844.jpg,35.3,63.24898910522461,68.77489471435547,65.19807577133179,65.28289318084717,66.98648524284363,66.62880334854125,67.344167137146,66.98648524284363,66.98648524284363,66.01194190979004,65.45935134887695,66.56453247070313,66.01194190979004,66.01194190979004
10845.jpg,17.2,22.19110679626465,48.553958892822266,21.2247833609581,16.148699820041656,34.88937112689018,32.15645357370377,37.62228868007659,29.2247833609581,26.2247833609581,35.37253284454346,32.7362476348877,38.00881805419922,30.19110679626465,27.19110679626465
10846.jpg,10.7,31.10055160522461,59.50460815429688,26.65150463581085,17.357836663722992,43.07805639505386,39.79274604320526,46.36336674690247,34.65150463581085,31.65150463581085,45.30257987976074,42.46217422485352,48.14298553466797,39.10055160522461,36.10055160522461
10847.jpg,82.30000000000001,74.86231994628906,74.55473327636719,73.81168603897095,76.89003348350525,74.18320965766907,74.10890493392944,74.2575143814087,74.18320965766907,74.18320965766907,74.70852661132812,74.73928527832031,74.67776794433594,74.70852661132812,74.70852661132812
10848.jpg,23.5,21.455867767333984,57.86565399169922,23.285570740699768,15.28431475162506,40.57561236619949,37.117604041099554,44.03362069129944,31.285570740699768,28.285570740699768,39.6607608795166,36.01978225708008,43.30173950195313,29.455867767333984,26.455867767333984
10849.jpg,30.5,56.167236328125,67.83562469482422,47.593942284584045,43.03928017616272,57.71478348970413,55.69061524868012,59.73895173072815,55.593942284584045,52.593942284584045,62.00143051147461,60.83459167480469,63.168269348144534,62.00143051147461,62.00143051147461
10850.jpg,53.0,65.57662200927734,73.83338165283203,65.4468297958374,66.73585772514343,69.64010572433472,68.80145053863525,70.47876091003417,69.64010572433472,69.64010572433472,69.70500183105469,68.87932586669922,70.53067779541016,69.70500183105469,69.70500183105469
10851.jpg,31.5,13.916664123535156,59.90920639038086,24.399666488170624,16.930925846099854,42.15443643927574,38.603482449054724,45.70539042949677,32.399666488170624,29.399666488170624,36.91293525695801,32.31368103027344,41.51218948364258,21.916664123535156,18.916664123535156
10852.jpg,32.8,16.221651077270508,63.94937133789063,36.44002377986908,30.970391631126404,50.19469755887985,47.4437628030777,52.94563231468201,44.44002377986908,41.44002377986908,40.085511207580566,35.31273918151856,44.85828323364258,24.221651077270508,21.221651077270508
10853.jpg,29.3,16.231908798217773,62.31623840332031,27.079284191131592,27.07981169223785,44.69776129722595,41.17406587600708,48.22145671844482,35.07928419113159,32.07928419113159,39.27407360076904,34.665640640258786,43.88250656127929,24.231908798217773,21.231908798217773
10854.jpg,80.0,75.26911926269531,75.16827392578125,70.80851793289185,76.77160501480103,72.98839592933655,72.55242033004761,73.42437152862549,72.98839592933655,72.98839592933655,75.21869659423828,75.2287811279297,75.20861206054687,75.21869659423828,75.21869659423828
10855.jpg,36.0,20.654762268066406,60.96956253051758,28.77444326877594,25.156700611114506,44.87200289964676,41.652490973472595,48.09151482582092,36.77444326877594,33.77444326877594,40.81216239929199,36.78068237304687,44.84364242553711,28.654762268066406,25.654762268066406
10856.jpg,47.7,54.01071548461914,70.28305053710938,58.858489990234375,67.62531995773315,64.57077026367188,63.428314208984375,65.71322631835938,64.57077026367188,64.57077026367188,62.14688301086426,60.519649505615234,63.77411651611328,62.01071548461914,59.01071548461914
10857.jpg,66.0,63.69977951049805,71.44605255126953,66.10707640647888,67.09554195404053,68.7765644788742,68.24266686439515,69.31046209335327,68.7765644788742,68.7765644788742,67.57291603088379,66.79828872680665,68.34754333496093,67.57291603088379,67.57291603088379
10858.jpg,61.2,69.07612609863281,74.9976577758789,61.91980838775635,61.890971660614014,68.45873308181763,67.15094814300537,69.76651802062989,68.45873308181763,66.91980838775635,72.03689193725586,71.44473876953126,72.62904510498046,72.03689193725586,72.03689193725586
10859.jpg,26.0,29.93709373474121,62.946624755859375,26.891228556633,27.698776125907894,44.918926656246185,41.31338703632355,48.52446627616882,34.891228556632996,31.891228556633,46.44185924530029,43.140906143188474,49.74281234741211,37.93709373474121,34.93709373474121
10860.jpg,33.2,42.934967041015625,66.85026550292969,33.2588255405426,22.521035373210907,50.054545521736145,46.69540152549744,53.41368951797485,41.2588255405426,38.2588255405426,54.892616271972656,52.50108642578125,57.28414611816406,50.934967041015625,47.934967041015625
10861.jpg,54.5,57.561073303222656,71.4666748046875,62.91881799697876,61.23570203781128,67.19274640083313,66.33796072006226,68.047532081604,67.19274640083313,67.19274640083313,64.51387405395508,63.123313903808594,65.90443420410156,64.51387405395508,62.561073303222656
10862.jpg,34.8,32.85530471801758,64.83914184570312,52.09215879440308,44.58480179309845,58.4656503200531,57.1909520149231,59.7403486251831,58.4656503200531,57.09215879440308,48.84722328186035,45.6488395690918,52.045606994628905,40.85530471801758,37.85530471801758
10863.jpg,32.5,28.24154090881348,63.85307312011719,28.603747487068176,22.549046576023105,46.22841030359268,42.70347774028778,49.75334286689758,36.603747487068176,33.603747487068176,46.04730701446533,42.486153793334964,49.60846023559571,36.24154090881348,33.24154090881348
10864.jpg,26.8,50.78511047363281,65.72428131103516,38.73375654220581,34.73409116268158,52.22901892662048,49.52996644973755,54.92807140350342,46.73375654220581,43.73375654220581,58.254695892333984,56.76077880859375,59.74861297607422,58.254695892333984,55.78511047363281
10865.jpg,37.5,62.46353530883789,70.06021881103516,62.90122270584106,62.23433017730713,66.48072075843811,65.7648211479187,67.19662036895753,66.48072075843811,66.48072075843811,66.26187705993652,65.5022087097168,67.02154541015625,66.26187705993652,66.26187705993652
10866.jpg,26.7,30.280765533447266,65.09259033203125,33.04339051246643,28.26634645462036,49.06799042224884,45.86307044029236,52.27291040420532,41.04339051246643,38.04339051246643,47.68667793273926,44.20549545288086,51.167860412597655,38.280765533447266,35.280765533447266
10867.jpg,80.0,68.8053970336914,69.78459167480469,65.17695188522339,61.89836263656616,67.48077178001404,67.02000780105591,67.94153575897217,67.48077178001404,67.48077178001404,69.29499435424805,69.19707489013672,69.39291381835938,69.29499435424805,69.29499435424805
10868.jpg,63.5,67.61602783203125,72.75090026855469,67.3377275466919,65.16571044921875,70.04431390762329,69.50299663543701,70.58563117980957,70.04431390762329,70.04431390762329,70.18346405029297,69.66997680664062,70.69695129394532,70.18346405029297,70.18346405029297
10869.jpg,32.5,17.815317153930664,60.54119491577149,25.532716512680054,22.52098023891449,43.03695571422577,39.536107873916635,46.53780355453492,33.532716512680054,30.532716512680054,39.178256034851074,34.905668258667,43.45084381103516,25.815317153930664,22.815317153930664
10870.jpg,80.3,69.48246002197266,75.87480163574219,75.99061131477356,82.21411108970642,75.93270647525787,75.94428744316102,75.92112550735473,75.93270647525787,75.93270647525787,72.67863082885742,72.03939666748047,73.31786499023437,72.67863082885742,72.67863082885742
10871.jpg,35.0,32.8823356628418,65.69931030273438,35.54159700870514,26.409706473350525,50.62045365571976,47.60468232631683,53.63622498512268,43.54159700870514,40.54159700870514,49.290822982788086,46.009125518798825,52.57252044677735,40.8823356628418,37.8823356628418
10872.jpg,42.5,62.41755294799805,67.56102752685547,52.14118957519531,52.32675075531006,59.85110855102539,58.30912475585937,61.3930923461914,59.85110855102539,57.14118957519531,64.98929023742676,64.47494277954101,65.5036376953125,64.98929023742676,64.98929023742676
10873.jpg,70.7,67.75189208984375,72.21385955810547,69.2284107208252,75.44113397598267,70.72113513946533,70.4225902557373,71.01968002319336,70.72113513946533,70.72113513946533,69.98287582397461,69.53667907714843,70.42907257080078,69.98287582397461,69.98287582397461
10874.jpg,67.5,65.3799819946289,74.22117614746094,69.07112002372742,73.167884349823,71.64614808559418,71.13114247322082,72.16115369796753,71.64614808559418,71.64614808559418,69.80057907104492,68.91645965576171,70.68469848632813,69.80057907104492,69.80057907104492
10875.jpg,67.8,65.43450164794922,72.36927032470703,65.37059545516968,62.820446491241455,68.86993288993835,68.17006540298462,69.56980037689209,68.86993288993835,68.86993288993835,68.90188598632812,68.20840911865234,69.59536285400391,68.90188598632812,68.90188598632812
10876.jpg,27.4,33.853851318359375,67.1274642944336,25.39672255516052,25.721803307533264,46.26209342479706,42.089019250869754,50.43516759872436,33.39672255516052,30.39672255516052,50.490657806396484,47.16329650878906,53.8180191040039,41.853851318359375,38.853851318359375
10877.jpg,39.8,53.67377471923828,64.14363098144531,47.39424288272858,35.11439263820648,55.768936932086945,54.09399812221527,57.443875741958614,55.39424288272858,52.39424288272858,58.9087028503418,57.861717224121094,59.9556884765625,58.9087028503418,58.9087028503418
10878.jpg,53.6,75.41699981689453,72.61590576171875,69.45127248764038,68.35981607437134,71.03358912467957,70.71712579727173,71.3500524520874,71.03358912467957,71.03358912467957,74.01645278930664,74.29656219482422,73.73634338378906,74.01645278930664,74.01645278930664
10879.jpg,18.2,45.84880065917969,60.31875228881836,21.50014340877533,14.239931106567385,40.909447848796844,37.02758696079255,44.79130873680115,29.50014340877533,26.50014340877533,53.08377647399902,51.63678131103516,54.530771636962896,53.08377647399902,50.84880065917969
10880.jpg,41.4,62.74280548095703,70.40067291259766,53.51437330245972,55.37155270576477,61.95752310752869,60.2688931465149,63.64615306854248,61.51437330245972,58.51437330245972,66.57173919677734,65.80595245361329,67.3375259399414,66.57173919677734,66.57173919677734
10881.jpg,77.4,59.78053283691406,71.43561553955078,68.06865930557251,64.73008394241333,69.75213742256165,69.41544179916382,70.08883304595946,69.75213742256165,69.75213742256165,65.60807418823242,64.44256591796875,66.7735824584961,65.60807418823242,65.60807418823242
10882.jpg,48.1,33.770503997802734,59.99400329589844,31.538641452789307,22.13827073574066,45.76632237434387,42.920786190032956,48.61185855865478,39.53864145278931,36.53864145278931,46.882253646850586,44.25990371704101,49.50460357666015,41.770503997802734,38.770503997802734
10883.jpg,12.6,24.188308715820312,39.05236053466797,16.630125045776367,14.04280811548233,27.841242790222168,25.59901924133301,30.08346633911133,24.630125045776367,21.630125045776367,31.62033462524414,30.133929443359378,33.1067398071289,31.62033462524414,29.188308715820312
10884.jpg,64.7,57.106224060058594,73.30294036865234,63.94392251968384,67.64328479766846,68.62343144416809,67.68752965927123,69.55933322906495,68.62343144416809,68.62343144416809,65.20458221435547,63.5849105834961,66.82425384521484,65.1062240600586,62.106224060058594
10885.jpg,86.5,67.26006317138672,79.41697692871094,72.29331731796265,78.28399538993835,75.85514712333679,75.14278116226197,76.56751308441162,75.85514712333679,75.85514712333679,73.33852005004883,72.12282867431641,74.55421142578126,73.33852005004883,72.26006317138672
10886.jpg,53.1,57.04092025756836,65.64404296875,58.96786451339722,56.8926215171814,62.30595374107361,61.63833589553833,62.973571586608884,62.30595374107361,62.30595374107361,61.34248161315918,60.48216934204102,62.20279388427734,61.34248161315918,61.34248161315918
10887.jpg,30.1,30.540002822875977,52.284793853759766,41.58619046211243,40.54555296897888,46.935492157936096,45.86563181877136,48.00535249710083,46.935492157936096,46.935492157936096,41.41239833831787,39.23791923522949,43.58687744140625,38.54000282287598,35.54000282287598
10888.jpg,32.7,16.034029006958008,63.50154876708984,28.70014905929565,30.10936975479126,46.10084891319274,42.62070894241333,49.58098888397216,36.700149059295654,33.700149059295654,39.767788887023926,35.02103691101074,44.514540863037105,24.034029006958008,21.034029006958008
10889.jpg,24.9,21.724214553833008,59.31209945678711,35.54372787475586,29.70790565013885,47.427913665771484,45.05107650756836,49.80475082397461,43.54372787475586,40.54372787475586,40.51815700531006,36.75936851501465,44.27694549560547,29.724214553833008,26.724214553833008
10890.jpg,86.30000000000001,63.83895111083984,69.9585952758789,61.77417039871216,56.78557753562927,65.86638283729553,65.04794034957885,66.68482532501221,65.86638283729553,65.86638283729553,66.89877319335938,66.28680877685547,67.51073760986327,66.89877319335938,66.89877319335938
10891.jpg,62.400000000000006,49.71620559692383,70.41561889648438,56.08046650886536,51.7430305480957,63.248042702674866,61.81452746391297,64.68155794143676,63.248042702674866,61.08046650886536,60.0659122467041,57.99597091674805,62.13585357666015,57.71620559692383,54.71620559692383
10892.jpg,87.8,71.27102661132812,75.15431213378906,65.52424430847168,69.86119747161865,70.33927822113037,69.37627143859864,71.3022850036621,70.33927822113037,70.33927822113037,73.2126693725586,72.8243408203125,73.60099792480469,73.2126693725586,73.2126693725586
10893.jpg,41.7,45.174415588378906,62.026275634765625,41.55285358428955,30.811309814453125,51.78956460952759,49.74222240447998,53.836906814575194,49.55285358428955,46.55285358428955,53.600345611572266,51.9151596069336,55.28553161621093,53.174415588378906,50.174415588378906
10894.jpg,80.39999999999999,67.17731475830078,78.47628784179688,75.55441856384277,82.82140493392944,77.01535320281982,76.72316627502441,77.30754013061522,77.01535320281982,77.01535320281982,72.82680130004883,71.69690399169922,73.95669860839843,72.82680130004883,72.82680130004883
10895.jpg,47.6,52.125526428222656,71.66768646240234,48.675987124443054,51.76485776901245,60.1718367934227,57.872666859626776,62.47100672721863,56.675987124443054,53.675987124443054,61.8966064453125,59.94239044189453,63.85082244873047,60.125526428222656,57.125526428222656
10896.jpg,26.6,25.406064987182617,62.462158203125,34.92099344730377,30.00468313694,48.691575825214386,45.93745934963226,51.44569230079651,42.92099344730377,39.92099344730377,43.93411159515381,40.22850227355957,47.63972091674805,33.40606498718262,30.406064987182617
10897.jpg,21.6,17.101423263549805,56.26642227172852,20.9003821015358,19.55488473176956,38.58340218663216,35.04679816961289,42.12000620365143,28.9003821015358,25.9003821015358,36.68392276763916,32.76742286682129,40.60042266845703,25.101423263549805,22.101423263549805
10898.jpg,20.3,24.47194480895996,56.32233428955078,23.851987719535828,20.17153948545456,40.087161004543304,36.84012634754181,43.3341956615448,31.851987719535828,28.851987719535828,40.39713954925537,37.21210060119629,43.58217849731445,32.47194480895996,29.47194480895996
10899.jpg,19.0,52.67843246459961,61.677921295166016,30.298462510108948,26.12857222557068,45.98819190263748,42.85024602413178,49.126137781143186,38.29846251010895,35.29846251010895,57.17817687988281,56.278227996826175,58.07812576293945,57.17817687988281,57.17817687988281
10900.jpg,24.700000000000003,14.385608673095703,44.500484466552734,24.09897893667221,14.860440790653229,34.29973170161247,32.25958114862442,36.339882254600525,32.09897893667221,29.09897893667221,29.44304656982422,26.431558990478514,32.45453414916992,22.385608673095703,19.385608673095703
10901.jpg,21.7,18.473434448242188,60.73017120361328,27.430203557014465,23.13485145568848,44.08018738031387,40.75019061565399,47.410184144973755,35.430203557014465,32.430203557014465,39.601802825927734,35.376129150390625,43.827476501464844,26.473434448242188,23.473434448242188
10902.jpg,60.9,42.39754486083984,67.4593505859375,51.36029124259949,40.17875492572784,59.409820914268494,57.7999149799347,61.019726848602296,59.36029124259949,56.36029124259949,54.92844772338867,52.4222671508789,57.434628295898435,50.39754486083984,47.39754486083984
10903.jpg,79.0,66.5030746459961,72.95408630371094,70.63751220703125,71.16804718971252,71.7957992553711,71.56414184570312,72.02745666503907,71.7957992553711,71.7957992553711,69.72858047485352,69.08347930908204,70.373681640625,69.72858047485352,69.72858047485352
10904.jpg,51.1,37.1993408203125,64.96221923828125,35.01058518886566,43.56792569160461,49.986402213573456,46.9912388086319,52.98156561851501,43.01058518886566,40.01058518886566,51.080780029296875,48.3044921875,53.85706787109375,45.1993408203125,42.1993408203125
10905.jpg,83.0,71.88634490966797,72.27374267578125,66.66224002838135,63.77338171005249,69.4679913520813,68.9068410873413,70.02914161682128,69.4679913520813,69.4679913520813,72.08004379272461,72.04130401611329,72.11878356933593,72.08004379272461,72.08004379272461
10906.jpg,75.4,63.02248764038086,67.37614440917969,70.42784690856934,74.91796016693115,68.90199565887451,69.20716590881348,68.59682540893554,68.90199565887451,68.90199565887451,65.19931602478027,64.76395034790039,65.63468170166016,65.19931602478027,65.19931602478027
10907.jpg,64.7,63.139556884765625,68.39013671875,55.61021566390991,52.96247005462647,62.000176191329956,60.72218408584595,63.278168296813966,62.000176191329956,60.61021566390991,65.76484680175781,65.23978881835937,66.28990478515625,65.76484680175781,65.76484680175781
10908.jpg,73.4,56.8750228881836,61.44573593139648,55.10568022727966,47.62381613254547,58.275708079338074,57.641702508926386,58.90971364974975,58.275708079338074,58.275708079338074,59.16037940979004,58.70330810546875,59.61745071411133,59.16037940979004,59.16037940979004
10909.jpg,30.1,31.64601707458496,63.70307159423828,24.504396319389343,25.28284192085266,44.10373395681381,40.183866429328916,48.0236014842987,32.50439631938934,29.504396319389343,47.67454433441162,44.46883888244629,50.88024978637695,39.64601707458496,36.64601707458496
10910.jpg,26.0,26.63130569458008,60.51052474975586,24.237731099128723,15.32515287399292,42.37412792444229,38.74684855937958,46.001407289505,32.23773109912872,29.237731099128723,43.57091522216797,40.182993316650396,46.95883712768555,34.63130569458008,31.63130569458008
10911.jpg,22.9,26.92949676513672,64.88655090332031,39.59869146347046,41.99327826499939,52.242621183395386,49.7138352394104,54.77140712738037,47.59869146347046,44.59869146347046,45.908023834228516,42.112318420410155,49.703729248046876,34.92949676513672,31.92949676513672
10912.jpg,77.0,60.55162048339844,72.3486557006836,67.92677640914917,64.91872072219849,70.13771605491638,69.69552812576293,70.57990398406983,70.13771605491638,70.13771605491638,66.45013809204102,65.2704345703125,67.62984161376953,66.45013809204102,66.45013809204102
10913.jpg,50.9,57.09185791015625,70.20221710205078,48.36688041687012,40.872031450271606,59.28454875946045,57.10101509094238,61.468082427978516,56.36688041687012,53.36688041687012,63.647037506103516,62.33600158691406,64.95807342529297,63.647037506103516,62.09185791015625
10914.jpg,78.60000000000001,54.95903396606445,68.04655456542969,42.09960997104645,39.00085389614105,55.07308226823807,52.478387808799745,57.66777672767639,50.09960997104645,47.09960997104645,61.50279426574707,60.19404220581055,62.811546325683594,61.50279426574707,59.95903396606445
10915.jpg,39.1,52.513065338134766,66.29560852050781,41.6532039642334,32.56089687347412,53.974406242370605,51.510165786743165,56.438646697998045,49.6532039642334,46.6532039642334,59.40433692932129,58.026082611083986,60.78259124755859,59.40433692932129,57.513065338134766
10916.jpg,60.3,59.43977355957031,66.9835433959961,54.04032468795776,48.33240509033203,60.51193404197693,59.21761217117309,61.80625591278076,60.51193404197693,59.04032468795776,63.2116584777832,62.45728149414063,63.96603546142578,63.2116584777832,63.2116584777832
10917.jpg,20.4,12.603876113891602,30.45729637145996,13.14418762922287,9.95400846004486,21.800742000341415,20.069431126117706,23.532052874565125,21.14418762922287,18.14418762922287,21.53058624267578,19.745244216918945,23.315928268432618,20.6038761138916,17.6038761138916
10918.jpg,20.4,14.534645080566406,63.01129531860352,27.480679750442505,23.317812383174896,45.24598753452301,41.69292597770691,48.799049091339114,35.480679750442505,32.480679750442505,38.77297019958496,33.925305175781254,43.620635223388675,22.534645080566406,19.534645080566406
10919.jpg,75.6,69.04642486572266,70.51512145996094,59.24009084701538,54.03441786766052,64.87760615348816,63.750103092193605,66.00510921478272,64.87760615348816,64.87760615348816,69.7807731628418,69.63390350341797,69.92764282226562,69.7807731628418,69.7807731628418
10920.jpg,58.4,44.91176986694336,70.35296630859375,45.00734508037567,35.760676860809326,57.68015569448471,55.1455935716629,60.214717817306514,53.00734508037567,50.00734508037567,57.632368087768555,55.08824844360352,60.17648773193359,52.91176986694336,49.91176986694336
10921.jpg,45.6,32.80498504638672,62.81033706665039,31.58826231956482,20.768196880817413,47.199299693107605,44.077092218399045,50.32150716781616,39.58826231956482,36.58826231956482,47.807661056518555,44.807125854492185,50.80819625854492,40.80498504638672,37.80498504638672
10922.jpg,45.9,38.42384338378906,60.1455078125,47.91569411754608,46.30274772644043,54.03060096502304,52.807619595527655,55.253582334518434,54.03060096502304,52.91569411754608,49.28467559814453,47.11250915527344,51.456842041015626,46.42384338378906,43.42384338378906
10923.jpg,19.6,12.381834030151367,57.0665283203125,27.31274962425232,25.569012761116028,42.18963897228241,39.21426110267639,45.16501684188842,35.31274962425232,32.31274962425232,34.724181175231934,30.25571174621582,39.192650604248044,20.381834030151367,17.381834030151367
10924.jpg,37.1,23.90237236022949,66.36163330078125,36.60101592540741,23.30232113599777,51.48132461309433,48.50526287555695,54.457386350631715,44.60101592540741,41.60101592540741,45.13200283050537,40.88607673645019,49.37792892456055,31.90237236022949,28.90237236022949
10925.jpg,70.6,66.98789978027344,72.73555755615234,63.690173625946045,59.90875959396362,68.2128655910492,67.30832719802856,69.11740398406982,68.2128655910492,68.2128655910492,69.86172866821289,69.286962890625,70.43649444580078,69.86172866821289,69.86172866821289
10926.jpg,34.1,14.045353889465332,58.052528381347656,31.44373297691345,29.3328195810318,44.748130679130554,42.08725113868714,47.40901021957397,39.44373297691345,36.44373297691345,36.048941135406494,31.648223686218266,40.44965858459472,22.045353889465332,19.045353889465332
10927.jpg,48.4,49.46120071411133,59.31684875488281,44.23099160194397,36.1137330532074,51.77392017841339,50.26533446311951,53.282505893707274,51.77392017841339,49.23099160194397,54.38902473449707,53.40345993041992,55.37458953857422,54.38902473449707,54.38902473449707
10928.jpg,63.1,58.91507339477539,67.43162536621094,50.64058303833008,43.285271525383,59.03610420227051,57.35699996948242,60.71520843505859,58.64058303833008,55.64058303833008,63.173349380493164,62.32169418334961,64.02500457763672,63.173349380493164,63.173349380493164
10929.jpg,41.900000000000006,31.668865203857425,69.30490112304688,35.061630606651306,29.84121441841125,52.18326586484909,48.75893881320954,55.60759291648865,43.061630606651306,40.061630606651306,50.48688316345215,46.72327957153321,54.2504867553711,39.66886520385742,36.66886520385742
10930.jpg,36.3,57.827762603759766,72.51261138916016,47.77316153049469,48.67778122425079,60.14288645982742,57.66894147396088,62.61683144569397,55.77316153049469,52.77316153049469,65.17018699645996,63.70170211791992,66.638671875,65.17018699645996,62.827762603759766
10931.jpg,80.9,72.88396453857422,72.75995635986328,66.67951941490173,62.34405040740967,69.71973788738251,69.11169419288635,70.32778158187867,69.71973788738251,69.71973788738251,72.82196044921875,72.83436126708985,72.80955963134765,72.82196044921875,72.82196044921875
10932.jpg,78.4,67.56119537353516,72.7824935913086,66.87895655632019,68.47091913223267,69.83072507381439,69.24037137031556,70.42107877731323,69.83072507381439,69.83072507381439,70.17184448242188,69.64971466064453,70.69397430419923,70.17184448242188,70.17184448242188
10933.jpg,12.0,31.736106872558597,40.57207107543945,13.681425154209135,12.155158072710035,27.126748114824295,24.437683522701263,29.815812706947327,21.681425154209137,18.681425154209137,36.15408897399902,35.27049255371094,37.03768539428711,36.15408897399902,36.15408897399902
10934.jpg,80.39999999999999,71.27086639404297,76.23577880859375,75.97970962524414,80.54373860359192,76.10774421691895,76.08213729858399,76.1333511352539,76.10774421691895,76.10774421691895,73.75332260131836,73.25683135986328,74.24981384277343,73.75332260131836,73.75332260131836
10935.jpg,68.1,69.06758880615234,70.95523071289062,58.84777903556824,53.046715259552,64.90150487422943,63.69075970649719,66.11225004196166,64.90150487422943,63.84777903556824,70.01140975952148,69.82264556884766,70.2001739501953,70.01140975952148,70.01140975952148
10936.jpg,80.60000000000001,72.18441772460938,76.30431365966797,76.42874121665955,81.48414492607117,76.36652743816376,76.37897019386291,76.35408468246459,76.36652743816376,76.36652743816376,74.24436569213867,73.8323760986328,74.65635528564454,74.24436569213867,74.24436569213867
10937.jpg,55.5,58.04012680053711,67.99508666992188,58.87296795845032,57.156652212142944,63.434027314186096,62.521815443038946,64.34623918533325,63.434027314186096,63.434027314186096,63.01760673522949,62.02211074829101,64.01310272216797,63.01760673522949,63.01760673522949
10938.jpg,82.69999999999999,77.36322021484375,74.28588104248047,71.71380519866943,71.52015566825867,72.99984312057495,72.74263553619384,73.25705070495604,72.99984312057495,72.99984312057495,75.82455062866211,76.13228454589844,75.51681671142578,75.82455062866211,75.82455062866211
10939.jpg,77.9,63.17832946777344,74.17154693603516,56.01248741149902,53.367334604263306,65.09201717376709,63.27611122131348,66.90792312622071,64.01248741149902,61.01248741149902,68.6749382019043,67.57561645507812,69.77425994873047,68.6749382019043,68.6749382019043
10940.jpg,78.4,66.36811828613281,70.92294311523438,68.62125992774963,68.2775616645813,69.772101521492,69.54193320274354,70.00226984024047,69.772101521492,69.772101521492,68.6455307006836,68.19004821777344,69.10101318359375,68.6455307006836,68.6455307006836
10941.jpg,59.6,62.20639801025391,70.84883117675781,59.95064973831177,58.26093554496765,65.39974045753479,64.30992231369018,66.4895586013794,65.39974045753479,65.39974045753479,66.52761459350586,65.66337127685547,67.39185791015626,66.52761459350586,66.52761459350586
10942.jpg,23.700000000000003,11.828700065612791,58.43677520751953,30.05735874176025,27.37902104854584,44.24706697463989,41.409125328063965,47.08500862121582,38.057358741760254,35.057358741760254,35.13273763656616,30.471930122375486,39.793545150756835,19.828700065612793,16.828700065612793
10943.jpg,78.7,68.22542572021484,72.3866958618164,66.8655514717102,74.56568479537964,69.6261236667633,69.07400922775268,70.17823810577391,69.6261236667633,69.6261236667633,70.30606079101562,69.88993377685547,70.72218780517578,70.30606079101562,70.30606079101562
10944.jpg,21.8,27.452699661254883,63.37368774414063,25.96025764942169,27.077212929725647,44.66697269678116,40.92562968730927,48.408315706253056,33.96025764942169,30.96025764942169,45.413193702697754,41.821094894409185,49.00529251098634,35.45269966125488,32.45269966125488
10945.jpg,24.3,22.464630126953125,63.57533264160156,27.448204159736637,19.20920312404633,45.5117684006691,41.89905555248261,49.12448124885559,35.44820415973663,32.44820415973663,43.019981384277344,38.908911132812506,47.13105163574218,30.464630126953125,27.464630126953125
10946.jpg,41.4,54.48943710327149,66.52235412597656,42.35908389091492,37.64668405056,54.44071900844574,52.02439198493958,56.8570460319519,50.35908389091492,47.35908389091492,60.50589561462402,59.30260391235352,61.709187316894536,60.50589561462402,59.48943710327149
10947.jpg,24.8,16.584115982055664,64.63739013671875,29.565641283988956,31.333783268928528,47.10151571035385,43.59434082508088,50.60869059562683,37.56564128398895,34.56564128398895,40.61075305938721,35.8054256439209,45.416080474853516,24.584115982055664,21.584115982055664
10948.jpg,80.9,60.54130554199219,71.04804992675781,55.34672737121582,50.23674964904785,63.197388648986816,61.62725639343262,64.76752090454102,63.197388648986816,60.34672737121582,65.794677734375,64.74400329589844,66.84535217285156,65.794677734375,65.794677734375
10949.jpg,90.7,67.99498748779297,75.27332305908203,69.65503692626953,68.53839159011841,72.46417999267578,71.90235137939453,73.02600860595703,72.46417999267578,72.46417999267578,71.6341552734375,70.90632171630858,72.3619888305664,71.6341552734375,71.6341552734375
10950.jpg,90.2,72.60853576660156,73.54589080810547,74.01177883148193,74.95167255401611,73.7788348197937,73.82542362213135,73.73224601745605,73.7788348197937,73.7788348197937,73.07721328735352,72.98347778320313,73.17094879150392,73.07721328735352,73.07721328735352
10951.jpg,40.0,36.52269744873047,59.90987014770508,40.39732813835144,29.84672784805298,50.15359914302826,48.20234494209289,52.10485334396362,48.39732813835144,45.39732813835144,48.21628379821777,45.877566528320315,50.55500106811523,44.52269744873047,41.52269744873047
10952.jpg,63.3,58.50262069702149,65.05867767333984,50.333237648010254,42.10929572582245,57.69595766067505,56.22341365814209,59.168501663208005,57.69595766067505,55.333237648010254,61.780649185180664,61.12504348754884,62.436254882812506,61.780649185180664,61.780649185180664
10953.jpg,48.3,31.047178268432617,62.360111236572266,36.46418154239655,31.3642680644989,49.412146389484406,46.82255342006684,52.001739358901986,44.46418154239655,41.46418154239655,46.70364475250244,43.57235145568848,49.834938049316406,39.04717826843262,36.04717826843262
10954.jpg,22.7,17.21935272216797,24.0583438873291,17.915216088294983,15.079930424690248,20.986779987812042,20.37246720790863,21.601092767715453,20.986779987812042,20.986779987812042,20.638848304748535,19.954949188232423,21.322747421264648,20.638848304748535,20.638848304748535
10955.jpg,77.30000000000001,64.57805633544922,72.3635482788086,66.69777631759644,64.8238480091095,69.53066229820251,68.9640851020813,70.09723949432373,69.53066229820251,69.53066229820251,68.4708023071289,67.69225311279297,69.24935150146484,68.4708023071289,68.4708023071289
10956.jpg,74.3,62.83784103393555,75.41032409667969,60.08647084236145,61.27956509590149,67.74839746952057,66.21601214408875,69.28078279495239,67.74839746952057,65.08647084236145,69.12408256530762,67.8668342590332,70.38133087158204,69.12408256530762,67.83784103393555
10957.jpg,83.0,62.398475646972656,63.67242431640625,57.05671310424805,61.29049062728882,60.36456871032715,59.702997589111334,61.02613983154297,60.36456871032715,60.36456871032715,63.03544998168945,62.90805511474609,63.162844848632815,63.03544998168945,63.03544998168945
10958.jpg,34.0,44.9722785949707,74.50666809082031,41.633978486061096,44.63689625263214,58.070323288440704,54.783054327964784,61.357592248916625,49.633978486061096,46.633978486061096,59.73947334289551,56.786034393310544,62.69291229248047,52.9722785949707,49.9722785949707
10959.jpg,25.3,17.009071350097656,26.597362518310547,34.50864553451538,22.85259217023849,30.553004026412964,31.344132328033446,29.761875724792482,30.553004026412964,30.553004026412964,21.8032169342041,20.844387817382813,22.76204605102539,21.8032169342041,21.8032169342041
10960.jpg,75.7,76.01661682128906,72.2716293334961,66.22546315193176,69.81191635131836,69.24854624271393,68.6439296245575,69.85316286087036,69.24854624271393,69.24854624271393,74.14412307739258,74.51862182617188,73.76962432861328,74.14412307739258,74.14412307739258
10961.jpg,27.4,17.2039794921875,55.28906631469727,23.383337259292603,19.790448248386383,39.336201786994934,36.14562888145447,42.526774692535405,31.383337259292603,28.383337259292603,36.24652290344238,32.43801422119141,40.055031585693364,25.2039794921875,22.2039794921875
10962.jpg,80.9,67.32679748535156,77.46060943603516,74.41110610961914,76.54330730438232,75.93585777282715,75.63090744018555,76.24080810546874,75.93585777282715,75.93585777282715,72.39370346069336,71.380322265625,73.40708465576172,72.39370346069336,72.39370346069336
10963.jpg,19.2,15.760652542114258,62.20426559448242,30.60348927974701,27.556630969047543,46.403877437114716,43.243799805641174,49.56395506858826,38.60348927974701,35.60348927974701,38.98245906829834,34.338097763061526,43.62682037353515,23.760652542114258,20.760652542114258
10964.jpg,69.4,73.00422668457031,76.05834197998047,70.98909616470337,73.06469678878784,73.52371907234192,73.0167944908142,74.03064365386962,73.52371907234192,73.52371907234192,74.53128433227539,74.22587280273437,74.8366958618164,74.53128433227539,74.53128433227539
10965.jpg,25.6,18.820606231689453,64.29464721679688,35.861217975616455,33.90247821807861,50.077932596206665,47.234589672088624,52.921275520324706,43.861217975616455,40.861217975616455,41.557626724243164,37.010222625732425,46.1050308227539,26.820606231689453,23.820606231689453
10966.jpg,69.1,60.82878875732422,71.36537170410156,64.01029825210571,59.85929965972901,67.68783497810364,66.95232763290406,68.42334232330322,67.68783497810364,67.68783497810364,66.09708023071289,65.04342193603516,67.15073852539064,66.09708023071289,66.09708023071289
10967.jpg,50.7,57.77741622924805,72.58252716064453,63.01003694534302,70.31232118606567,67.79628205299377,66.83903303146363,68.75353107452392,67.79628205299377,67.79628205299377,65.17997169494629,63.699460601806635,66.66048278808594,65.17997169494629,62.77741622924805
10968.jpg,29.9,44.25174331665039,67.4361343383789,42.29633808135986,33.2169383764267,54.866236209869385,52.35225658416748,57.380215835571285,50.29633808135986,47.29633808135986,55.84393882751465,53.525499725341795,58.162377929687494,52.25174331665039,49.25174331665039
10969.jpg,72.69999999999999,65.86737060546875,70.98493194580078,70.58129906654358,68.96182298660278,70.78311550617218,70.74275221824647,70.8234787940979,70.78311550617218,70.78311550617218,68.42615127563477,67.91439514160156,68.93790740966797,68.42615127563477,68.42615127563477
10970.jpg,11.1,10.849926948547363,53.82750701904297,13.624392449855804,10.310429334640505,33.72594973444939,29.70563827753067,37.7462611913681,21.624392449855804,18.624392449855804,32.338716983795166,28.040958976745607,36.636474990844725,18.849926948547363,15.849926948547363
10971.jpg,21.6,8.013489723205566,27.57036399841309,18.90343427658081,11.162348091602324,23.23689913749695,22.370206165313725,24.10359210968018,23.23689913749695,23.23689913749695,17.791926860809326,15.836239433288576,19.74761428833008,16.013489723205566,13.013489723205566
10972.jpg,83.6,68.80903625488281,74.59504699707031,63.68443965911865,64.70093727111816,69.13974332809448,68.04868259429932,70.23080406188964,69.13974332809448,69.13974332809448,71.70204162597656,71.12344055175781,72.28064270019532,71.70204162597656,71.70204162597656
10973.jpg,73.1,64.49132537841797,67.2862777709961,66.78506731987,64.12867903709412,67.03567254543304,66.98555150032044,67.08579359054565,67.03567254543304,67.03567254543304,65.88880157470703,65.60930633544922,66.16829681396484,65.88880157470703,65.88880157470703
10974.jpg,56.7,55.83688735961914,74.76314544677734,49.57817196846008,52.27113962173462,62.17065870761871,59.65216135978699,64.68915605545044,57.57817196846008,54.57817196846008,65.30001640319824,63.40739059448242,67.19264221191406,63.83688735961914,60.83688735961914
10975.jpg,24.1,12.572333335876465,54.48493957519531,21.746298670768734,21.898381412029263,38.115619122982025,34.84175503253937,41.38948321342468,29.746298670768734,26.746298670768734,33.52863645553589,29.337375831604003,37.71989707946777,20.572333335876465,17.572333335876465
10976.jpg,68.60000000000001,58.3232307434082,72.47266387939453,62.86517381668091,63.10549974441528,67.66891884803772,66.70816984176636,68.62966785430908,67.66891884803772,67.66891884803772,65.39794731140137,63.98300399780274,66.812890625,65.39794731140137,63.3232307434082
10977.jpg,77.4,70.24771881103516,74.1196060180664,70.50015330314636,74.58938360214233,72.30987966060638,71.94793438911438,72.67182493209839,72.30987966060638,72.30987966060638,72.18366241455078,71.79647369384764,72.5708511352539,72.18366241455078,72.18366241455078
10978.jpg,64.5,55.047698974609375,72.45716094970703,69.4966197013855,70.60626745223999,70.97689032554626,70.68083620071411,71.27294445037842,70.97689032554626,70.97689032554626,63.7524299621582,62.01148376464844,65.49337615966797,63.047698974609375,60.047698974609375
10979.jpg,29.9,41.28388595581055,66.92884826660156,40.12753665447235,31.448382139205933,53.52819246053696,50.84806129932404,56.20832362174988,48.12753665447235,45.12753665447235,54.106367111206055,51.54187088012695,56.67086334228516,49.28388595581055,46.28388595581055
10980.jpg,83.6,63.29376602172852,71.66026306152344,74.28549528121948,76.14732384681702,72.97287917137146,73.23540239334106,72.71035594940184,72.97287917137146,72.97287917137146,67.47701454162598,66.64036483764649,68.31366424560547,67.47701454162598,67.47701454162598
10981.jpg,54.6,37.064334869384766,71.43267059326172,61.87807321548462,70.72435021400452,66.65537190437317,65.69991216659545,67.61083164215088,66.65537190437317,66.65537190437317,54.24850273132324,50.811669158935544,57.68533630371094,45.064334869384766,42.064334869384766
10982.jpg,17.3,16.366439819335938,60.98117065429688,31.344980001449585,28.96430492401123,46.16307532787323,43.199456262588505,49.12669439315796,39.344980001449585,36.344980001449585,38.673805236816406,34.21233215332032,43.1352783203125,24.366439819335938,21.366439819335938
10983.jpg,72.0,68.73098754882812,74.30857849121094,66.25656485557556,69.76444721221924,70.28257167339325,69.47737030982971,71.08777303695678,70.28257167339325,70.28257167339325,71.51978302001953,70.96202392578125,72.07754211425781,71.51978302001953,71.51978302001953
10984.jpg,71.3,61.76079940795898,71.75301361083984,57.28271007537842,51.87023878097534,64.51786184310913,63.07083148956299,65.96489219665527,64.51786184310913,62.28271007537842,66.75690650939941,65.75768508911133,67.7561279296875,66.75690650939941,66.75690650939941
10985.jpg,38.1,41.595096588134766,64.08399200439453,27.662599086761475,20.698216557502747,45.873295545578,42.2311562538147,49.51543483734131,35.662599086761475,32.662599086761475,52.83954429626465,50.59065475463868,55.088433837890626,49.595096588134766,46.595096588134766
10986.jpg,15.6,22.68999290466309,52.1510124206543,16.09334796667099,9.760889410972595,34.12218019366264,30.516413748264313,37.727946639060974,24.09334796667099,21.09334796667099,37.42050266265869,34.47440071105957,40.36660461425782,30.68999290466309,27.68999290466309
10987.jpg,34.7,28.89369201660156,69.67007446289062,37.73578107357025,44.159600138664246,53.70292776823044,50.509498429298404,56.89635710716247,45.73578107357025,42.73578107357025,49.281883239746094,45.204244995117186,53.359521484374994,36.89369201660156,33.89369201660156
10988.jpg,17.0,29.885507583618164,48.378543853759766,18.56539249420166,12.92656660079956,33.47196817398071,30.490653038024902,36.45328330993652,26.56539249420166,23.56539249420166,39.132025718688965,37.2827220916748,40.981329345703124,37.885507583618164,34.885507583618164
10989.jpg,54.900000000000006,64.59442138671875,78.73844146728516,69.55812573432922,76.99191570281982,74.14828360080719,73.2302520275116,75.06631517410278,74.14828360080719,74.14828360080719,71.66643142700195,70.25202941894531,73.0808334350586,71.66643142700195,69.59442138671875
10990.jpg,76.3,72.43618774414062,74.73011779785156,66.00371599197388,63.87919187545776,70.36691689491272,69.49427671432495,71.23955707550049,70.36691689491272,70.36691689491272,73.5831527709961,73.353759765625,73.81254577636719,73.5831527709961,73.5831527709961
10991.jpg,30.4,22.96073532104492,66.51476287841797,28.10530662536621,23.42013418674469,47.31003475189209,43.469089126586915,51.150980377197264,36.10530662536621,33.10530662536621,44.737749099731445,40.38234634399414,49.09315185546875,30.96073532104492,27.96073532104492
10992.jpg,42.1,23.12495994567871,67.73731231689453,37.47356235980988,34.9839448928833,52.6054373383522,49.57906234264374,55.63181233406067,45.47356235980988,42.47356235980988,45.43113613128662,40.969900894165036,49.892371368408206,31.12495994567871,28.12495994567871
10993.jpg,81.89999999999999,68.28474426269531,77.78985595703125,66.72818064689636,69.97649669647217,72.2590183019638,71.15285077095032,73.36518583297729,72.2590183019638,72.2590183019638,73.03730010986328,72.08678894042968,73.98781127929688,73.03730010986328,73.03730010986328
10994.jpg,75.1,69.1958999633789,75.63780975341797,77.02293992042542,77.5983214378357,76.33037483692169,76.46888785362243,76.19186182022094,76.33037483692169,76.33037483692169,72.41685485839844,71.77266387939453,73.06104583740233,72.41685485839844,72.41685485839844
10995.jpg,82.89999999999999,72.86015319824219,73.33113861083984,71.63199186325073,70.76359391212463,72.48156523704529,72.31165056228637,72.65147991180419,72.48156523704529,72.48156523704529,73.09564590454102,73.04854736328124,73.14274444580079,73.09564590454102,73.09564590454102
10996.jpg,30.1,17.786508560180664,61.67208480834961,29.05067801475525,29.53691780567169,45.36138141155243,42.099240732192996,48.62352209091186,37.05067801475525,34.05067801475525,39.72929668426514,35.34073905944825,44.11785430908203,25.786508560180664,22.786508560180664
10997.jpg,36.6,53.79291534423828,65.75196075439453,45.01712620258331,49.88548457622528,55.38454347848892,53.3110600233078,57.45802693367004,53.01712620258331,50.01712620258331,59.772438049316406,58.576533508300784,60.96834259033203,59.772438049316406,59.772438049316406
10998.jpg,63.7,71.281494140625,75.16342163085938,64.02418613433838,58.44652056694031,69.59380388259888,68.47988033294678,70.70772743225098,69.59380388259888,69.59380388259888,73.22245788574219,72.83426513671876,73.61065063476562,73.22245788574219,73.22245788574219
10999.jpg,73.60000000000001,48.93519973754883,67.50553131103516,38.09136152267456,26.83672606945038,52.79844641685486,49.8570294380188,55.73986339569092,46.09136152267456,43.09136152267456,58.22036552429199,56.363332366943354,60.07739868164063,56.93519973754883,53.93519973754883
11000.jpg,35.099999999999994,24.136795043945312,69.13066864013672,29.27758991718292,26.33768618106842,49.20412927865982,45.21882140636444,53.1894371509552,37.27758991718292,34.27758991718292,46.633731842041016,42.134344482421874,51.13311920166016,32.13679504394531,29.136795043945312
11001.jpg,20.7,49.44729995727539,62.40177154541016,39.05230164527893,31.957414746284485,50.72703659534454,48.39208960533142,53.061983585357666,47.05230164527893,44.05230164527893,55.92453575134277,54.6290885925293,57.21998291015625,55.92453575134277,54.44729995727539
11002.jpg,55.0,58.480010986328125,68.05386352539062,57.24987983703613,53.58090400695801,62.65187168121338,61.57147331237793,63.732270050048825,62.65187168121338,62.65187168121338,63.266937255859375,62.30955200195313,64.22432250976563,63.266937255859375,63.266937255859375
11003.jpg,26.6,54.80379486083984,68.89530181884766,45.98428010940552,40.32548666000366,57.43979096412659,55.14868879318237,59.7308931350708,53.98428010940552,50.98428010940552,61.84954833984375,60.44039764404296,63.258699035644526,61.84954833984375,59.80379486083984
11004.jpg,33.4,40.84571075439453,63.15736770629883,35.41378378868103,26.364943385124207,49.28557574748993,46.51121735572815,52.05993413925171,43.41378378868103,40.41378378868103,52.00153923034668,49.77037353515625,54.23270492553711,48.84571075439453,45.84571075439453
11005.jpg,16.599999999999998,6.560654163360596,57.12400817871094,17.07436293363571,10.823628306388857,37.099185556173325,33.0942210316658,41.104150080680846,25.07436293363571,22.07436293363571,31.842331171035767,26.785995769500733,36.8986665725708,14.560654163360596,11.560654163360596
11006.jpg,54.900000000000006,58.28316116333008,67.44741821289062,59.64120626449585,55.437034368515015,63.54431223869324,62.76369104385376,64.32493343353272,63.54431223869324,63.54431223869324,62.86528968811035,61.9488639831543,63.781715393066406,62.86528968811035,62.86528968811035
11007.jpg,45.1,32.82456970214844,64.64915466308594,34.6032977104187,30.808985233306885,49.62622618675232,46.62164049148559,52.63081188201904,42.6032977104187,39.6032977104187,48.73686218261719,45.554403686523436,51.91932067871093,40.82456970214844,37.82456970214844
11008.jpg,23.6,32.93144607543945,47.55585861206055,15.851590037345886,12.65893131494522,31.703724324703217,28.53329746723175,34.874151182174685,23.851590037345886,20.851590037345886,40.24365234375,38.78121109008789,41.70609359741211,40.24365234375,37.93144607543945
11009.jpg,72.69999999999999,53.1561279296875,72.61711883544922,64.38655853271484,61.716675758361816,68.50183868408203,67.6787826538086,69.32489471435547,68.50183868408203,68.50183868408203,62.88662338256836,60.94052429199219,64.83272247314453,61.1561279296875,58.1561279296875
11010.jpg,55.4,50.61470031738281,72.48706817626953,60.71500182151794,56.514376401901245,66.60103499889374,65.42382836341858,67.7782416343689,66.60103499889374,66.60103499889374,61.55088424682617,59.3636474609375,63.738121032714844,58.61470031738281,55.61470031738281
11011.jpg,38.9,35.7447395324707,70.180908203125,48.10655415058136,47.23775982856751,59.14373117685318,56.93629577159882,61.351166582107545,56.10655415058136,53.10655415058136,52.96282386779785,49.51920700073242,56.40644073486328,43.7447395324707,40.7447395324707
11012.jpg,73.3,64.3763656616211,75.71188354492188,65.45413732528687,71.91076874732971,70.58301043510437,69.55723581314086,71.60878505706788,70.58301043510437,70.58301043510437,70.04412460327148,68.9105728149414,71.17767639160157,70.04412460327148,70.04412460327148
11013.jpg,59.900000000000006,53.981666564941406,69.59339904785156,53.43636870384216,51.24523639678955,61.51488387584686,59.899180841445926,63.1305869102478,61.43636870384216,58.43636870384216,61.787532806396484,60.22635955810547,63.3487060546875,61.787532806396484,58.981666564941406
11014.jpg,37.0,13.858881950378418,61.28567886352539,33.083707094192505,33.803048729896545,47.18469297885895,44.364495801925656,50.00489015579223,41.083707094192505,38.083707094192505,37.572280406951904,32.829600715637206,42.314960098266596,21.858881950378418,18.858881950378418
11015.jpg,73.60000000000001,68.78733825683594,76.67950439453125,72.02123999595642,73.62881898880005,74.35037219524384,73.88454575538636,74.81619863510132,74.35037219524384,74.35037219524384,72.7334213256836,71.94420471191407,73.52263793945312,72.7334213256836,72.7334213256836
11016.jpg,42.1,51.86703872680664,71.90675354003906,51.594239473342896,46.86485230922699,61.75049650669098,59.71924510002137,63.7817479133606,59.594239473342896,56.594239473342896,61.88689613342285,59.88292465209961,63.8908676147461,59.86703872680664,56.86703872680664
11017.jpg,29.9,13.697904586791992,59.859561920166016,31.25570118427277,28.6806583404541,45.55763155221939,42.697245478630066,48.418017625808716,39.255701184272766,36.255701184272766,36.778733253479004,32.1625675201416,41.39489898681641,21.697904586791992,18.697904586791992
11018.jpg,12.3,24.343385696411133,61.07928466796875,30.88374137878418,25.45916438102722,45.981513023376465,42.961958694458005,49.00106735229492,38.88374137878418,35.88374137878418,42.71133518218994,39.03774528503418,46.3849250793457,32.34338569641113,29.343385696411133
11019.jpg,47.7,38.57812881469727,72.62723541259766,43.258464336395264,41.58810079097748,57.94284987449646,55.005972766876226,60.8797269821167,51.258464336395264,48.258464336395264,55.60268211364746,52.19777145385743,59.00759277343751,46.57812881469727,43.57812881469727
11020.jpg,84.0,80.84069061279297,75.46131896972656,73.97480607032776,83.48337411880493,74.71806252002716,74.56941123008728,74.86671380996704,74.71806252002716,74.71806252002716,78.15100479125977,78.6889419555664,77.61306762695312,78.15100479125977,78.15100479125977
11021.jpg,67.0,61.498722076416016,72.6167984008789,69.15667057037354,69.29426193237305,70.88673448562622,70.54072170257568,71.23274726867675,70.88673448562622,70.88673448562622,67.05776023864746,65.94595260620117,68.16956787109375,67.05776023864746,67.05776023864746
11022.jpg,58.4,59.13354110717773,69.94864654541016,62.89993524551392,57.13324546813965,66.42429089546204,65.71941976547241,67.12916202545166,66.42429089546204,66.42429089546204,64.54109382629395,63.4595832824707,65.62260437011719,64.54109382629395,64.54109382629395
11023.jpg,27.3,56.739994049072266,68.3709487915039,48.12946915626526,44.09209787845612,58.25020897388458,56.22606101036072,60.27435693740845,56.12946915626526,53.12946915626526,62.555471420288086,61.39237594604492,63.71856689453125,62.555471420288086,62.555471420288086
11024.jpg,58.9,56.19443893432617,70.7667236328125,60.736823081970215,61.457425355911255,65.75177335739136,64.74878330230713,66.75476341247558,65.75177335739136,65.75177335739136,63.480581283569336,62.023352813720706,64.93780975341797,63.480581283569336,61.19443893432617
11025.jpg,85.7,70.98388671875,74.02590942382812,73.06082248687744,76.96658968925476,73.54336595535278,73.44685726165771,73.63987464904784,73.54336595535278,73.54336595535278,72.50489807128906,72.20069580078125,72.80910034179686,72.50489807128906,72.50489807128906
11026.jpg,75.1,73.24662017822266,72.58184814453125,71.58154249191284,73.81739616394043,72.08169531822205,71.9816647529602,72.18172588348389,72.08169531822205,72.08169531822205,72.91423416137695,72.9807113647461,72.8477569580078,72.91423416137695,72.91423416137695
11027.jpg,39.1,29.71793937683105,70.72476196289062,29.595541954040527,25.95831453800201,50.160151958465576,46.04722995758057,54.27307395935058,37.59554195404053,34.59554195404053,50.22135066986084,46.12066841125488,54.3220329284668,37.717939376831055,34.717939376831055
11028.jpg,27.6,30.807842254638672,64.18382263183594,27.386027574539185,18.56748163700104,45.78492510318756,42.10514559745789,49.46470460891724,35.386027574539185,32.386027574539185,47.495832443237305,44.158234405517575,50.833430480957034,38.80784225463867,35.80784225463867
11029.jpg,7.7,14.21334457397461,28.462482452392575,18.1242510676384,14.641091227531431,23.293366760015488,22.259543621540068,24.327189898490907,23.293366760015488,23.293366760015488,21.337913513183594,19.912999725341795,22.76282730102539,21.337913513183594,19.21334457397461
11030.jpg,25.0,20.460346221923828,58.088470458984375,35.94155311584473,31.03131353855133,47.01501178741455,44.80032005310059,49.22970352172852,43.94155311584473,40.94155311584473,39.2744083404541,35.51159591674805,43.03722076416016,28.460346221923828,25.460346221923828
11031.jpg,33.0,33.44660949707031,61.268165588378906,38.59195709228516,29.221415519714355,49.93006134033203,47.66244049072266,52.1976821899414,46.59195709228516,43.59195709228516,47.35738754272461,44.575231933593756,50.13954315185546,41.44660949707031,38.44660949707031
11032.jpg,70.0,60.02468490600586,72.47892761230469,60.92578768730164,61.333537101745605,66.70235764980316,65.54704365730285,67.85767164230347,66.70235764980316,66.70235764980316,66.25180625915527,65.00638198852539,67.49723052978516,66.25180625915527,65.02468490600586
11033.jpg,53.3,54.16493225097656,68.68202209472656,52.91380882263184,47.83059060573578,60.7979154586792,59.22109413146973,62.37473678588867,60.7979154586792,57.91380882263184,61.42347717285156,59.97176818847656,62.875186157226565,61.42347717285156,59.16493225097656
11034.jpg,38.9,16.75588035583496,59.30023193359375,26.44364833831787,27.94843018054962,42.87194013595581,39.58628177642822,46.1575984954834,34.44364833831787,31.44364833831787,38.028056144714355,33.773620986938475,42.282491302490236,24.75588035583496,21.75588035583496
11035.jpg,64.9,56.99750518798828,70.32886505126953,52.02826261520386,50.810205936431885,61.178563833236694,59.34850358963013,63.00862407684326,60.02826261520386,57.02826261520386,63.663185119628906,62.33004913330078,64.99632110595704,63.663185119628906,61.99750518798828
11036.jpg,46.6,50.60569763183594,71.14551544189453,47.82396256923676,47.22206294536591,59.48473900556564,57.152583718299866,61.81689429283142,55.82396256923676,52.82396256923676,60.875606536865234,58.821624755859375,62.929588317871094,58.60569763183594,55.60569763183594
11037.jpg,56.0,60.47736740112305,70.91314697265625,59.04114246368408,55.126309394836426,64.97714471817017,63.78994426727295,66.16434516906739,64.97714471817017,64.97714471817017,65.69525718688965,64.65167922973633,66.73883514404297,65.69525718688965,65.69525718688965
11038.jpg,67.8,68.27778625488281,70.32066345214844,68.0605947971344,62.36362457275391,69.19062912464142,68.96462225914001,69.41663599014282,69.19062912464142,69.19062912464142,69.29922485351562,69.09493713378906,69.50351257324219,69.29922485351562,69.29922485351562
11039.jpg,20.0,43.5227165222168,63.72312545776367,19.446519017219543,17.399580776691437,41.58482223749161,37.157161593437195,46.01248288154602,27.446519017219543,24.446519017219543,53.622920989990234,51.60288009643554,55.64296188354493,51.5227165222168,48.5227165222168
11040.jpg,71.7,65.62568664550781,75.72455596923828,66.88740849494934,69.26727294921875,71.30598223209381,70.42226748466491,72.1896969795227,71.30598223209381,71.30598223209381,70.67512130737305,69.665234375,71.68500823974608,70.67512130737305,70.67512130737305
11041.jpg,17.6,32.96259689331055,53.56095886230469,31.16464912891388,23.936553299427032,42.36280399560928,40.12317302227021,44.602434968948366,39.16464912891388,36.16464912891388,43.26177787780762,41.201941680908206,45.321614074707036,40.96259689331055,37.96259689331055
11042.jpg,17.3,12.492155075073242,50.7498664855957,27.375835180282596,25.19507110118866,39.06285083293915,36.725447702407834,41.40025396347046,35.37583518028259,32.37583518028259,31.621010780334473,27.795239639282226,35.446781921386716,20.492155075073242,17.492155075073242
11043.jpg,87.30000000000001,71.1113510131836,74.36203002929688,71.19629383087158,72.99125790596008,72.77916193008423,72.4625883102417,73.09573554992676,72.77916193008423,72.77916193008423,72.73669052124023,72.4116226196289,73.06175842285157,72.73669052124023,72.73669052124023
11044.jpg,41.7,20.096574783325195,66.22795867919922,23.8657221198082,24.74845945835113,45.04684039950371,40.81061674356461,49.28306405544281,31.8657221198082,28.8657221198082,43.16226673126221,38.54912834167481,47.775405120849605,28.096574783325195,25.096574783325195
11045.jpg,33.3,16.39874267578125,57.25643157958984,34.92287397384644,33.395424485206604,46.08965277671814,43.8562970161438,48.32300853729248,42.92287397384644,39.92287397384644,36.82758712768555,32.741818237304685,40.9133560180664,24.39874267578125,21.39874267578125
11046.jpg,76.5,67.24095153808594,70.70394897460938,64.55535888671875,60.34505367279053,67.62965393066406,67.014794921875,68.24451293945313,67.62965393066406,67.62965393066406,68.97245025634766,68.62615051269532,69.31875,68.97245025634766,68.97245025634766
11047.jpg,33.8,28.77363967895508,65.96705627441406,35.52479445934296,39.73450362682343,50.74592536687851,47.701699185371396,53.790151548385616,43.52479445934296,40.52479445934296,47.37034797668457,43.65100631713867,51.08968963623047,36.77363967895508,33.77363967895508
11048.jpg,71.0,69.31110382080078,71.9699935913086,63.95455002784729,60.13469696044922,67.96227180957794,67.16072745323181,68.76381616592407,67.96227180957794,67.96227180957794,70.64054870605469,70.37465972900391,70.90643768310547,70.64054870605469,70.64054870605469
11049.jpg,23.4,27.572492599487305,58.91735458374024,28.359228372573853,21.941526234149933,43.63829147815704,40.582478857040414,46.69410409927369,36.35922837257385,33.35922837257385,43.24492359161377,40.11043739318848,46.37940979003907,35.572492599487305,32.572492599487305
11050.jpg,73.7,63.72842788696289,73.94546508789062,66.55169725418091,64.55830335617065,70.24858117103577,69.5092043876648,70.98795795440674,70.24858117103577,70.24858117103577,68.83694648742676,67.81524276733398,69.85865020751953,68.83694648742676,68.83694648742676
11051.jpg,27.5,33.044376373291016,56.70823287963867,33.43592286109924,27.137818932533264,45.07207787036896,42.74484686851501,47.399308872222896,41.43592286109924,38.43592286109924,44.876304626464844,42.509918975830075,47.242690277099605,41.044376373291016,38.044376373291016
11052.jpg,33.0,29.291109085083008,63.2552604675293,30.176538228988647,25.82655549049377,46.71589934825897,43.40802712440491,50.023771572113034,38.17653822898865,35.17653822898865,46.27318477630615,42.876769638061525,49.66959991455078,37.29110908508301,34.29110908508301
11053.jpg,77.69999999999999,75.16496276855469,72.1192855834961,67.3554539680481,64.95112776756287,69.7373697757721,69.26098661422729,70.21375293731688,69.7373697757721,69.7373697757721,73.64212417602539,73.94669189453126,73.33755645751953,73.64212417602539,73.64212417602539
11054.jpg,91.7,66.69969177246094,75.37108612060547,70.39670944213867,81.39646649360657,72.88389778137207,72.38646011352539,73.38133544921874,72.88389778137207,72.88389778137207,71.0353889465332,70.16824951171876,71.90252838134765,71.0353889465332,71.0353889465332
11055.jpg,79.3,67.2476577758789,78.94237518310547,76.50265693664551,83.25604796409607,77.72251605987549,77.47854423522949,77.96648788452148,77.72251605987549,77.72251605987549,73.09501647949219,71.92554473876953,74.26448822021484,73.09501647949219,73.09501647949219
11056.jpg,25.8,20.429574966430664,59.6092643737793,29.87003326416016,29.828578233718872,44.73964881896973,41.765725708007814,47.71357192993164,37.870033264160156,34.870033264160156,40.01941967010498,36.101450729370114,43.93738861083985,28.429574966430664,25.429574966430664
11057.jpg,66.3,64.365478515625,70.1275405883789,59.36437845230103,55.11975288391113,64.74595952033997,63.66964330673218,65.82227573394776,64.74595952033997,64.74595952033997,67.24650955200195,66.67030334472656,67.82271575927734,67.24650955200195,67.24650955200195
11058.jpg,52.3,57.11432647705078,69.2680892944336,52.48080492019653,45.27156352996826,60.87444710731506,59.19571866989136,62.55317554473877,60.48080492019653,57.48080492019653,63.19120788574219,61.9758316040039,64.40658416748047,63.19120788574219,62.11432647705078
11059.jpg,20.0,22.326387405395508,51.71718597412109,17.349183559417725,9.861064702272415,34.53318476676941,31.096384525299072,37.96998500823974,25.349183559417725,22.349183559417725,37.0217866897583,34.08270683288574,39.960866546630854,30.326387405395508,27.326387405395508
11060.jpg,76.2,68.9697265625,74.90779113769531,63.12682628631592,58.891499042510986,69.01730871200562,67.83921222686767,70.19540519714354,69.01730871200562,69.01730871200562,71.93875885009766,71.34495239257812,72.53256530761718,71.93875885009766,71.93875885009766
11061.jpg,84.5,67.43946838378906,74.53731536865234,71.00567817687988,68.21089386940002,72.77149677276611,72.41833305358887,73.12466049194336,72.77149677276611,72.77149677276611,70.9883918762207,70.27860717773437,71.69817657470703,70.9883918762207,70.9883918762207
11062.jpg,29.8,38.970401763916016,64.63819122314453,36.0953688621521,30.765196681022644,50.366780042648315,47.51249780654908,53.22106227874756,44.0953688621521,41.0953688621521,51.80429649353027,49.237517547607425,54.37107543945313,46.970401763916016,43.970401763916016
11063.jpg,29.8,34.93971633911133,65.9566879272461,34.559985995292664,30.671635270118717,50.25833696126938,47.118666768074036,53.39800715446472,42.559985995292664,39.559985995292664,50.44820213317871,47.34650497436523,53.54989929199219,42.93971633911133,39.93971633911133
11064.jpg,86.0,69.70100402832031,73.46076965332031,65.54415822029114,67.10619926452637,69.50246393680573,68.71080279350281,70.29412508010864,69.50246393680573,69.50246393680573,71.58088684082031,71.20491027832031,71.95686340332031,71.58088684082031,71.58088684082031
11065.jpg,68.3,60.14920425415039,72.99390411376953,67.38574504852295,71.11865282058716,70.18982458114624,69.62900867462159,70.75064048767089,70.18982458114624,70.18982458114624,66.57155418395996,65.28708419799804,67.85602416992188,66.57155418395996,65.14920425415039
11066.jpg,78.0,64.52940368652344,73.36998748779297,70.47702074050903,69.96908187866211,71.923504114151,71.63420743942261,72.21280078887939,71.923504114151,71.923504114151,68.9496955871582,68.06563720703124,69.83375396728516,68.9496955871582,68.9496955871582
11067.jpg,46.0,45.37643432617188,71.69914245605469,59.33588743209839,53.87248992919922,65.51751494407654,64.28118944168091,66.75384044647217,65.51751494407654,64.33588743209839,58.53778839111328,55.905517578125,61.17005920410156,53.37643432617188,50.37643432617188
11068.jpg,56.0,61.25927734375,72.16043853759766,47.39961624145508,39.11095261573792,59.78002738952637,57.30394515991211,62.256109619140624,55.39961624145508,52.39961624145508,66.70985794067383,65.61974182128907,67.79997406005859,66.70985794067383,66.70985794067383
11069.jpg,71.7,68.17877197265625,74.4293441772461,67.67969131469727,70.73225975036621,71.05451774597168,70.37955245971679,71.72948303222657,71.05451774597168,71.05451774597168,71.30405807495117,70.67900085449219,71.92911529541016,71.30405807495117,71.30405807495117
11070.jpg,45.4,49.760353088378906,66.67304229736328,41.559046506881714,32.5317919254303,54.1160444021225,51.60464482307434,56.62744398117065,49.559046506881714,46.559046506881714,58.216697692871094,56.525428771972656,59.90796661376953,57.760353088378906,54.760353088378906
11071.jpg,38.2,36.394229888916016,71.15499114990234,53.97951602935791,46.817925572395325,62.56725358963013,60.84970607757569,64.28480110168456,61.97951602935791,58.97951602935791,53.77461051940918,50.29853439331055,57.25068664550781,44.394229888916016,41.394229888916016
11072.jpg,31.3,18.760311126708984,27.5971622467041,27.500084042549133,22.4590927362442,27.548623144626617,27.53891532421112,27.558330965042114,27.548623144626617,27.548623144626617,23.178736686706543,22.29505157470703,24.062421798706055,23.178736686706543,23.178736686706543
11073.jpg,12.3,14.889481544494627,59.476036071777344,23.448172211647037,19.5436492562294,41.46210414171219,37.85931775569916,45.06489052772522,31.448172211647037,28.448172211647037,37.182758808135986,32.72410335540771,41.64141426086425,22.88948154449463,19.88948154449463
11074.jpg,86.0,73.61515808105469,77.36209106445312,72.94440865516663,76.83197259902954,75.15324985980988,74.71148161888122,75.59501810073851,75.15324985980988,75.15324985980988,75.4886245727539,75.11393127441406,75.86331787109376,75.4886245727539,75.4886245727539
11075.jpg,60.3,57.70392990112305,68.90589904785156,67.59607791900635,65.61984419822693,68.25098848342896,68.12000637054443,68.38197059631347,68.25098848342896,68.25098848342896,63.304914474487305,62.18471755981446,64.42511138916015,63.304914474487305,63.304914474487305
11076.jpg,58.2,58.28510284423828,71.22644805908203,60.13050079345703,59.02450084686279,65.67847442626953,64.56887969970703,66.78806915283204,65.67847442626953,65.67847442626953,64.75577545166016,63.46164093017578,66.04990997314454,64.75577545166016,63.28510284423828
11077.jpg,60.7,62.23992538452149,70.74842071533203,67.42027401924133,66.00949168205261,69.08434736728668,68.75153269767762,69.41716203689575,69.08434736728668,69.08434736728668,66.49417304992676,65.64332351684571,67.34502258300782,66.49417304992676,66.49417304992676
11078.jpg,32.7,17.738466262817383,69.19752502441406,39.00613784790039,37.551239132881165,54.10183143615723,51.08269271850586,57.12097015380859,47.00613784790039,44.00613784790039,43.46799564361572,38.322089767456056,48.61390151977539,25.738466262817383,22.738466262817383
11079.jpg,27.200000000000003,15.39926815032959,55.92554473876953,34.276312589645386,34.74278450012207,45.10092866420746,42.936005449295045,47.26585187911987,42.276312589645386,39.276312589645386,35.66240644454956,31.609778785705565,39.715034103393556,23.39926815032959,20.39926815032959
11080.jpg,20.2,24.82062721252441,66.53478240966797,39.11331295967102,33.34716260433197,52.824047684669495,50.081900739669805,55.56619462966919,47.11331295967102,44.11331295967102,45.67770481109619,41.50628929138183,49.84912033081055,32.820627212524414,29.82062721252441
11081.jpg,72.0,68.3075180053711,73.45639038085938,70.65885066986084,68.48196983337402,72.05762052536011,71.77786655426026,72.33737449645996,72.05762052536011,72.05762052536011,70.88195419311523,70.3670669555664,71.39684143066407,70.88195419311523,70.88195419311523
11082.jpg,26.7,47.8947639465332,67.3236083984375,38.42340409755707,32.5005829334259,52.873506247997284,49.98348581790924,55.76352667808533,46.42340409755707,43.42340409755707,57.60918617248535,55.66630172729492,59.55207061767578,55.8947639465332,52.8947639465332
11083.jpg,19.3,26.82134056091309,63.91619873046875,19.6140319108963,16.315551102161407,41.765115320682526,37.33489863872528,46.195332002639766,27.6140319108963,24.6140319108963,45.36876964569092,41.659283828735354,49.07825546264648,34.821340560913086,31.82134056091309
11084.jpg,29.5,29.230222702026367,68.64909362792969,28.880494832992557,27.407389879226685,48.76479423046112,44.787934350967404,52.74165410995483,36.880494832992554,33.880494832992554,48.93965816497803,44.99777107238769,52.881545257568355,37.23022270202637,34.23022270202637
11085.jpg,23.0,11.979942321777344,59.81215286254883,26.1007696390152,24.46968108415604,42.95646125078201,39.58532292842865,46.32759957313537,34.1007696390152,31.1007696390152,35.896047592163086,31.11282653808594,40.67926864624023,19.979942321777344,16.979942321777344
11086.jpg,47.5,52.79204940795898,71.2762680053711,50.5078911781311,45.91108560562134,60.8920795917511,58.8152419090271,62.968917274475096,58.5078911781311,55.5078911781311,62.03415870666504,60.185736846923824,63.88258056640625,60.79204940795898,57.79204940795898
11087.jpg,53.4,47.82247924804688,65.63953399658203,28.85475754737854,21.061602234840397,47.247145771980286,43.56866812705994,50.925623416900635,36.85475754737854,33.85475754737854,56.73100662231445,54.94930114746094,58.51271209716798,55.82247924804688,52.82247924804688
11088.jpg,27.7,26.72545051574707,65.31766510009766,29.797574877738956,28.62180769443512,47.557619988918304,44.00561096668244,51.109629011154176,37.79757487773895,34.79757487773895,46.02155780792236,42.162336349487305,49.88077926635742,34.72545051574707,31.72545051574707
11089.jpg,67.8,62.155086517333984,68.07695770263672,65.74605703353882,66.1212146282196,66.91150736808777,66.67841730117797,67.14459743499756,66.91150736808777,66.91150736808777,65.11602210998535,64.52383499145508,65.70820922851563,65.11602210998535,65.11602210998535
11090.jpg,60.7,44.08921432495117,70.6112289428711,56.44710063934326,49.60664212703705,63.52916479110718,62.112751960754395,64.94557762145996,63.52916479110718,61.44710063934326,57.35022163391113,54.69802017211914,60.00242309570312,52.08921432495117,49.08921432495117
11091.jpg,18.6,14.392929077148438,21.09558868408203,12.265734374523165,11.002139747142792,16.680661529302597,15.797676098346713,17.563646960258485,16.680661529302597,16.680661529302597,17.744258880615234,17.073992919921878,18.41452484130859,17.744258880615234,17.744258880615234
11092.jpg,91.7,71.2258071899414,75.52848815917969,72.51272797584534,70.11519074440002,74.02060806751251,73.71903204917908,74.32218408584595,74.02060806751251,74.02060806751251,73.37714767456055,72.94687957763671,73.80741577148437,73.37714767456055,73.37714767456055
11093.jpg,17.7,21.768632888793945,48.24482345581055,13.409128785133362,10.951118171215056,30.826976120471954,27.343406653404237,34.31054558753967,21.409128785133362,18.409128785133362,35.006728172302246,32.35910911560059,37.6543472290039,29.768632888793945,26.768632888793945
11094.jpg,31.7,16.27483558654785,62.77873229980469,36.85663640499115,33.68997275829315,49.81768435239792,47.22547476291656,52.40989394187927,44.85663640499115,41.85663640499115,39.52678394317627,34.876394271850586,44.17717361450195,24.27483558654785,21.27483558654785
11095.jpg,31.200000000000003,18.91684913635254,65.97560119628906,32.25679099559784,32.0238322019577,49.11619609594345,45.744315075874326,52.48807711601257,40.25679099559784,37.25679099559784,42.4462251663208,37.74034996032715,47.15210037231445,26.91684913635254,23.91684913635254
11096.jpg,43.3,49.02286148071289,70.17411041259766,52.0641565322876,41.62491261959076,61.11913347244263,59.308138084411624,62.93012886047363,60.0641565322876,57.0641565322876,59.59848594665527,57.483361053466794,61.71361083984375,57.02286148071289,54.02286148071289
11097.jpg,71.3,69.88094329833984,74.98809051513672,72.80106544494629,76.83861255645752,73.8945779800415,73.67587547302246,74.11328048706054,73.8945779800415,73.8945779800415,72.43451690673828,71.92380218505859,72.94523162841796,72.43451690673828,72.43451690673828
11098.jpg,81.19999999999999,73.52320861816406,73.41499328613281,70.57472467422485,69.68162059783936,71.99485898017883,71.71083211898804,72.27888584136963,71.99485898017883,71.99485898017883,73.46910095214844,73.47992248535155,73.45827941894531,73.46910095214844,73.46910095214844
11099.jpg,29.700000000000003,22.096172332763672,63.02406311035156,28.33261489868164,26.265010237693787,45.6783390045166,42.20919418334961,49.147483825683594,36.33261489868164,33.33261489868164,42.56011772155762,38.46732864379883,46.652906799316405,30.096172332763672,27.096172332763672
11100.jpg,48.3,63.786598205566406,70.13311767578125,61.06453537940979,56.266701221466064,65.59882652759552,64.69196829795837,66.50568475723267,65.59882652759552,65.59882652759552,66.95985794067383,66.32520599365235,67.59450988769531,66.95985794067383,66.95985794067383
11101.jpg,69.5,66.66928100585938,69.76342010498047,64.73568677902222,62.34202980995178,67.24955344200134,66.74678010940552,67.75232677459717,67.24955344200134,67.24955344200134,68.21635055541992,67.90693664550781,68.52576446533203,68.21635055541992,68.21635055541992
11102.jpg,44.8,51.2852668762207,60.00895690917969,41.01378619670868,34.85777974128723,50.51137155294418,48.61185448169708,52.41088862419128,49.01378619670868,46.01378619670868,55.647111892700195,54.774742889404294,56.51948089599609,55.647111892700195,55.647111892700195
11103.jpg,62.8,69.26774597167969,71.27941131591797,61.01067066192627,56.35126829147339,66.14504098892212,65.11816692352295,67.17191505432129,66.14504098892212,66.14504098892212,70.27357864379883,70.072412109375,70.47474517822266,70.27357864379883,70.27357864379883
11104.jpg,40.2,45.48973083496094,70.20025634765625,43.480220437049866,38.471293449401855,56.84023839235306,54.16823480129242,59.512241983413695,51.480220437049866,48.480220437049866,57.844993591308594,55.373941040039064,60.316046142578124,53.48973083496094,50.48973083496094
11105.jpg,34.900000000000006,25.78048324584961,61.976993560791016,35.38165092468262,37.25757300853729,48.679322242736816,46.01978797912598,51.33885650634765,43.38165092468262,40.38165092468262,43.87873840332031,40.259087371826176,47.49838943481445,33.78048324584961,30.78048324584961
11106.jpg,45.7,45.75059127807617,69.61157989501953,43.15827786922455,34.75831747055054,56.38492888212204,53.73959867954254,59.030259084701534,51.15827786922455,48.15827786922455,57.68108558654785,55.294986724853516,60.06718444824219,53.75059127807617,50.75059127807617
11107.jpg,10.5,23.208148956298828,37.821720123291016,29.276087880134583,21.608591079711918,33.5489040017128,32.69434077739716,34.40346722602844,33.5489040017128,33.5489040017128,30.514934539794922,29.053577423095703,31.97629165649414,30.514934539794922,28.208148956298828
11108.jpg,83.0,72.35427856445312,78.28495788574219,65.93884229660034,66.85676574707031,72.11190009117126,70.87728853225708,73.34651165008545,72.11190009117126,70.93884229660034,75.31961822509766,74.72655029296875,75.91268615722656,75.31961822509766,75.31961822509766
11109.jpg,44.2,56.57169342041016,65.66292572021484,45.813360810279846,34.18017625808716,55.738143265247345,53.75318677425385,57.72309975624084,53.813360810279846,50.813360810279846,61.1173095703125,60.208186340332034,62.026432800292966,61.1173095703125,61.1173095703125
11110.jpg,63.0,69.63294219970703,73.83757019042969,64.75310325622559,63.20708990097046,69.29533672332764,68.38689002990722,70.20378341674805,69.29533672332764,69.29533672332764,71.73525619506836,71.31479339599609,72.15571899414063,71.73525619506836,71.73525619506836
11111.jpg,73.0,55.37506484985352,73.1946029663086,70.8380401134491,69.40288543701172,72.01632153987885,71.78066525459289,72.2519778251648,72.01632153987885,72.01632153987885,64.28483390808105,62.502880096435554,66.06678771972656,63.37506484985352,60.37506484985352
11112.jpg,79.2,73.13036346435547,76.62565612792969,77.47876048088074,82.06759691238403,77.05220830440521,77.13751873970031,76.96689786911011,77.05220830440521,77.05220830440521,74.87800979614258,74.52848052978516,75.2275390625,74.87800979614258,74.87800979614258
11113.jpg,42.2,50.43962097167969,67.65477752685547,38.57020139694214,28.72118055820465,53.112489461898804,50.204031848907476,56.02094707489014,46.57020139694214,43.57020139694214,59.04719924926758,57.32568359375,60.768714904785156,58.43962097167969,55.43962097167969
11114.jpg,41.2,56.55199813842773,73.11677551269531,62.258899211883545,60.078418254852295,67.68783736228943,66.60204973220826,68.7736249923706,67.68783736228943,67.68783736228943,64.83438682556152,63.17790908813477,66.49086456298828,64.55199813842773,61.55199813842773
11115.jpg,41.2,33.54167175292969,61.33398818969727,33.41326713562012,39.69019651412964,47.37362766265869,44.58155555725098,50.16569976806641,41.41326713562012,38.41326713562012,47.43782997131348,44.658598327636724,50.21706161499024,41.54167175292969,38.54167175292969
11116.jpg,28.8,27.936397552490234,61.73917007446289,38.341641426086426,34.31417942047119,50.04040575027466,47.70065288543701,52.3801586151123,46.341641426086426,43.341641426086426,44.83778381347656,41.457506561279295,48.21806106567382,35.936397552490234,32.936397552490234
11117.jpg,33.7,23.31889915466309,65.5788803100586,31.292274594306942,27.80563533306122,48.43557745218277,45.006916880607605,51.864238023757935,39.292274594306946,36.292274594306946,44.44888973236084,40.22289161682129,48.67488784790039,31.31889915466309,28.31889915466309
11118.jpg,22.8,14.330159187316896,55.410404205322266,23.769855499267575,22.387807071208957,39.59012985229492,36.42607498168945,42.75418472290039,31.769855499267575,28.769855499267575,34.87028169631958,30.762257194519044,38.978306198120116,22.330159187316895,19.330159187316895
11119.jpg,55.4,48.40086364746094,70.7420654296875,49.28213953971863,40.25843143463135,60.012102484703064,57.866109895706174,62.15809507369995,57.28213953971863,54.28213953971863,59.57146453857422,57.337344360351565,61.80558471679687,56.40086364746094,53.40086364746094
11120.jpg,81.7,66.67253875732422,72.20118713378906,70.73380947113037,66.98750257492065,71.46749830245972,71.32076053619384,71.61423606872557,71.46749830245972,71.46749830245972,69.43686294555664,68.88399810791016,69.98972778320312,69.43686294555664,69.43686294555664
11121.jpg,28.2,38.08553314208984,67.00434875488281,42.015013098716736,32.47650861740112,54.509680926799774,52.010747361183164,57.00861449241638,50.015013098716736,47.015013098716736,52.54494094848633,49.65305938720702,55.43682250976562,46.08553314208984,43.08553314208984
11122.jpg,74.4,70.85948181152344,72.06450653076172,70.99045515060425,71.9937801361084,71.52748084068298,71.42007570266723,71.63488597869872,71.52748084068298,71.52748084068298,71.46199417114258,71.34149169921875,71.5824966430664,71.46199417114258,71.46199417114258
11123.jpg,53.8,54.56087875366211,65.94953155517578,59.3000590801239,57.75089263916016,62.62479531764984,61.95984807014466,63.28974256515503,62.62479531764984,62.62479531764984,60.255205154418945,59.11633987426758,61.39407043457032,60.255205154418945,60.255205154418945
11124.jpg,36.0,15.779699325561523,59.54545211791992,34.39836502075195,34.3544065952301,46.97190856933594,44.45719985961914,49.48661727905273,42.39836502075195,39.39836502075195,37.66257572174072,33.286000442504886,42.03915100097656,23.779699325561523,20.779699325561523
11125.jpg,10.8,24.534788131713867,50.5507698059082,13.251511752605438,9.913064539432526,31.90114077925682,28.171214973926546,35.631066584587096,21.25151175260544,18.25151175260544,37.542778968811035,34.9411808013916,40.14437713623047,32.53478813171387,29.534788131713867
